"Kingdom","Phylum","Class","Order","Family","Genus","Species","ASV","Sequence","Group"
"Bacteria","Bacteroidota","Bacteroidia","Sphingobacteriales","Sphingobacteriaceae","Pedobacter",NA,"ASV_478",NA,"RGM_Latrine"
"Bacteria","Fibrobacterota","Fibrobacteria","Fibrobacterales","Fibrobacteraceae","possible_genus_04",NA,"ASV_1357",NA,"RGM_Latrine"
"Bacteria","Fibrobacterota","Fibrobacteria","Fibrobacterales","Fibrobacteraceae","possible_genus_04",NA,"ASV_1358",NA,"RGM_Latrine"
"Bacteria","Fibrobacterota","Fibrobacteria","Fibrobacterales","Fibrobacteraceae","possible_genus_04",NA,"ASV_1359",NA,"RGM_Latrine"
"Bacteria","Fibrobacterota","Fibrobacteria","Fibrobacterales","Fibrobacteraceae","possible_genus_04",NA,"ASV_1360",NA,"RGM_Latrine"
"Bacteria","Fibrobacterota","Fibrobacteria","Fibrobacterales","Fibrobacteraceae","possible_genus_04",NA,"ASV_1361",NA,"RGM_Latrine"
"Bacteria","Fibrobacterota","Fibrobacteria","Fibrobacterales","Fibrobacteraceae","possible_genus_04",NA,"ASV_1362",NA,"RGM_Latrine"
"Bacteria","Fibrobacterota","Fibrobacteria","Fibrobacterales","Fibrobacteraceae","possible_genus_04",NA,"ASV_1363",NA,"RGM_Latrine"
"Bacteria","Fibrobacterota","Fibrobacteria","Fibrobacterales","Fibrobacteraceae","possible_genus_04",NA,"ASV_1364",NA,"RGM_Latrine"
"Bacteria","Fibrobacterota","Fibrobacteria","Fibrobacterales","Fibrobacteraceae","possible_genus_04",NA,"ASV_1365",NA,"RGM_Latrine"
"Bacteria","Fibrobacterota","Fibrobacteria","Fibrobacterales","Fibrobacteraceae","possible_genus_04",NA,"ASV_1366",NA,"RGM_Latrine"
"Bacteria","Fibrobacterota","Fibrobacteria","Fibrobacterales","Fibrobacteraceae","possible_genus_04",NA,"ASV_1367",NA,"RGM_Latrine"
"Bacteria","Fibrobacterota","Fibrobacteria","Fibrobacterales","Fibrobacteraceae","possible_genus_04",NA,"ASV_1368",NA,"RGM_Latrine"
"Bacteria","Fibrobacterota","Fibrobacteria","Fibrobacterales","Fibrobacteraceae","possible_genus_04",NA,"ASV_1369",NA,"RGM_Latrine"
"Bacteria","Fibrobacterota","Fibrobacteria","Fibrobacterales","Fibrobacteraceae","possible_genus_04",NA,"ASV_1370",NA,"RGM_Latrine"
"Bacteria","Fibrobacterota","Fibrobacteria","Fibrobacterales","Fibrobacteraceae","possible_genus_04",NA,"ASV_1371",NA,"RGM_Latrine"
"Bacteria","Fibrobacterota","Fibrobacteria","Fibrobacterales","Fibrobacteraceae","possible_genus_04",NA,"ASV_1372",NA,"RGM_Latrine"
"Bacteria","Fibrobacterota","Fibrobacteria","Fibrobacterales","Fibrobacteraceae","possible_genus_04",NA,"ASV_1373",NA,"RGM_Latrine"
"Bacteria","Fibrobacterota","Fibrobacteria","Fibrobacterales","Fibrobacteraceae","possible_genus_04",NA,"ASV_1374",NA,"RGM_Latrine"
"Bacteria","Fibrobacterota","Fibrobacteria","Fibrobacterales","Fibrobacteraceae","possible_genus_04",NA,"ASV_1375",NA,"RGM_Latrine"
"Bacteria","Fibrobacterota","Fibrobacteria","Fibrobacterales","Fibrobacteraceae","possible_genus_04",NA,"ASV_1376",NA,"RGM_Latrine"
"Bacteria","Fibrobacterota","Fibrobacteria","Fibrobacterales","Fibrobacteraceae","possible_genus_04",NA,"ASV_1377",NA,"RGM_Latrine"
"Bacteria","Fibrobacterota","Fibrobacteria","Fibrobacterales","Fibrobacteraceae","possible_genus_04",NA,"ASV_1378",NA,"RGM_Latrine"
"Bacteria","Fibrobacterota","Fibrobacteria","Fibrobacterales","Fibrobacteraceae","possible_genus_04",NA,"ASV_1379",NA,"RGM_Latrine"
"Bacteria","Fibrobacterota","Fibrobacteria","Fibrobacterales","Fibrobacteraceae","possible_genus_04",NA,"ASV_1380",NA,"RGM_Latrine"
"Bacteria","Fibrobacterota","Fibrobacteria","Fibrobacterales","Fibrobacteraceae","possible_genus_04",NA,"ASV_1381",NA,"RGM_Latrine"
"Bacteria","Fibrobacterota","Fibrobacteria","Fibrobacterales","Fibrobacteraceae","possible_genus_04",NA,"ASV_1382",NA,"RGM_Latrine"
"Bacteria","Fibrobacterota","Fibrobacteria","Fibrobacterales","Fibrobacteraceae","possible_genus_04",NA,"ASV_1383",NA,"RGM_Latrine"
"Bacteria","Fibrobacterota","Fibrobacteria","Fibrobacterales","Fibrobacteraceae","possible_genus_04",NA,"ASV_1384",NA,"RGM_Latrine"
"Bacteria","Fibrobacterota","Fibrobacteria","Fibrobacterales","Fibrobacteraceae","possible_genus_04",NA,"ASV_1385",NA,"RGM_Latrine"
"Bacteria","Fibrobacterota","Fibrobacteria","Fibrobacterales","Fibrobacteraceae","possible_genus_04",NA,"ASV_1386",NA,"RGM_Latrine"
"Bacteria","Fibrobacterota","Fibrobacteria","Fibrobacterales","Fibrobacteraceae","possible_genus_04",NA,"ASV_1387",NA,"RGM_Latrine"
"Bacteria","Fibrobacterota","Fibrobacteria","Fibrobacterales","Fibrobacteraceae","possible_genus_04",NA,"ASV_1388",NA,"RGM_Latrine"
"Bacteria","Fibrobacterota","Fibrobacteria","Fibrobacterales","Fibrobacteraceae","possible_genus_04",NA,"ASV_1389",NA,"RGM_Latrine"
"Bacteria","Fibrobacterota","Fibrobacteria","Fibrobacterales","Fibrobacteraceae","possible_genus_04",NA,"ASV_1390",NA,"RGM_Latrine"
"Bacteria","Fibrobacterota","Fibrobacteria","Fibrobacterales","Fibrobacteraceae","possible_genus_04",NA,"ASV_1391",NA,"RGM_Latrine"
"Bacteria","Fibrobacterota","Fibrobacteria","Fibrobacterales","Fibrobacteraceae","possible_genus_04",NA,"ASV_1392",NA,"RGM_Latrine"
"Bacteria","Fibrobacterota","Fibrobacteria","Fibrobacterales","Fibrobacteraceae","possible_genus_04",NA,"ASV_1393",NA,"RGM_Latrine"
"Bacteria","Fibrobacterota","Fibrobacteria","Fibrobacterales","Fibrobacteraceae","possible_genus_04",NA,"ASV_1394",NA,"RGM_Latrine"
"Bacteria","Fibrobacterota","Fibrobacteria","Fibrobacterales","Fibrobacteraceae","possible_genus_04",NA,"ASV_1395",NA,"RGM_Latrine"
"Bacteria","Fibrobacterota","Fibrobacteria","Fibrobacterales","Fibrobacteraceae","Incertae_Sedis",NA,"ASV_1396",NA,"RGM_Latrine"
"Bacteria","Fibrobacterota","Fibrobacteria","Fibrobacterales","Fibrobacteraceae","Incertae_Sedis",NA,"ASV_1397",NA,"RGM_Latrine"
"Bacteria","Fibrobacterota","Fibrobacteria","Fibrobacterales","Fibrobacteraceae","Incertae_Sedis",NA,"ASV_1398",NA,"RGM_Latrine"
"Bacteria","Fibrobacterota","Fibrobacteria","Fibrobacterales","Fibrobacteraceae","Incertae_Sedis",NA,"ASV_1399",NA,"RGM_Latrine"
"Bacteria","Fibrobacterota","Fibrobacteria","Fibrobacterales","Fibrobacteraceae","Incertae_Sedis",NA,"ASV_1400",NA,"RGM_Latrine"
"Bacteria","Fibrobacterota","Fibrobacteria","Fibrobacterales","Fibrobacteraceae","Incertae_Sedis",NA,"ASV_1401",NA,"RGM_Latrine"
"Bacteria","Fibrobacterota","Fibrobacteria","Fibrobacterales","Fibrobacteraceae","Incertae_Sedis",NA,"ASV_1402",NA,"RGM_Latrine"
"Bacteria","Fibrobacterota","Fibrobacteria","Fibrobacterales","Fibrobacteraceae","Incertae_Sedis",NA,"ASV_1403",NA,"RGM_Latrine"
"Bacteria","Fibrobacterota","Fibrobacteria","Fibrobacterales","Fibrobacteraceae","Incertae_Sedis",NA,"ASV_1404",NA,"RGM_Latrine"
"Bacteria","Fibrobacterota","Fibrobacteria","Fibrobacterales","Fibrobacteraceae","Incertae_Sedis",NA,"ASV_1405",NA,"RGM_Latrine"
"Bacteria","Fibrobacterota","Fibrobacteria","Fibrobacterales","Fibrobacteraceae","Incertae_Sedis",NA,"ASV_1406",NA,"RGM_Latrine"
"Bacteria","Fibrobacterota","Fibrobacteria","Fibrobacterales","Fibrobacteraceae","Incertae_Sedis",NA,"ASV_1407",NA,"RGM_Latrine"
"Bacteria","Fibrobacterota","Fibrobacteria","Fibrobacterales","Fibrobacteraceae","Incertae_Sedis",NA,"ASV_1408",NA,"RGM_Latrine"
"Bacteria","Fibrobacterota","Fibrobacteria","Fibrobacterales","Fibrobacteraceae","Incertae_Sedis",NA,"ASV_1409",NA,"RGM_Latrine"
"Bacteria","Fibrobacterota","Fibrobacteria","Fibrobacterales","Fibrobacteraceae","Incertae_Sedis",NA,"ASV_1410",NA,"RGM_Latrine"
"Bacteria","Fibrobacterota","Fibrobacteria","Fibrobacterales","Fibrobacteraceae","Incertae_Sedis",NA,"ASV_1411",NA,"RGM_Latrine"
"Bacteria","Fibrobacterota","Fibrobacteria","Fibrobacterales","Fibrobacteraceae","Incertae_Sedis",NA,"ASV_1412",NA,"RGM_Latrine"
"Bacteria","Fibrobacterota","Fibrobacteria","Fibrobacterales","Fibrobacteraceae","Incertae_Sedis",NA,"ASV_1413",NA,"RGM_Latrine"
"Bacteria","Fibrobacterota","Fibrobacteria","Fibrobacterales","Fibrobacteraceae","Incertae_Sedis",NA,"ASV_1414",NA,"RGM_Latrine"
"Bacteria","Fibrobacterota","Fibrobacteria","Fibrobacterales","Fibrobacteraceae","Incertae_Sedis",NA,"ASV_1415",NA,"RGM_Latrine"
"Bacteria","Fibrobacterota","Fibrobacteria","Fibrobacterales","Fibrobacteraceae","Incertae_Sedis",NA,"ASV_1416",NA,"RGM_Latrine"
"Bacteria","Fibrobacterota","Fibrobacteria","Fibrobacterales","Fibrobacteraceae","Incertae_Sedis",NA,"ASV_1417",NA,"RGM_Latrine"
"Bacteria","Fibrobacterota","Fibrobacteria","Fibrobacterales","Fibrobacteraceae","Incertae_Sedis",NA,"ASV_1418",NA,"RGM_Latrine"
"Bacteria","Fibrobacterota","Fibrobacteria","Fibrobacterales","Fibrobacteraceae","Incertae_Sedis",NA,"ASV_1419",NA,"RGM_Latrine"
"Bacteria","Fibrobacterota","Fibrobacteria","Fibrobacterales","Fibrobacteraceae","Incertae_Sedis",NA,"ASV_1420",NA,"RGM_Latrine"
"Bacteria","Fibrobacterota","Fibrobacteria","Fibrobacterales","Fibrobacteraceae","Incertae_Sedis",NA,"ASV_1421",NA,"RGM_Latrine"
"Bacteria","Bacteroidota","Bacteroidia","Flavobacteriales","Flavobacteriaceae","Flavobacterium",NA,"ASV_18603",NA,"RGM_Latrine"
"Bacteria","Bacteroidota","Bacteroidia","Flavobacteriales","Flavobacteriaceae","Flavobacterium",NA,"ASV_18604",NA,"RGM_Latrine"
"Bacteria","Bacteroidota","Bacteroidia","Flavobacteriales","Flavobacteriaceae","Flavobacterium",NA,"ASV_18605",NA,"RGM_Latrine"
"Bacteria","Bacteroidota","Bacteroidia","Flavobacteriales","Flavobacteriaceae","Flavobacterium",NA,"ASV_18606",NA,"RGM_Latrine"
"Bacteria","Bacteroidota","Bacteroidia","Flavobacteriales","Flavobacteriaceae","Flavobacterium",NA,"ASV_18607",NA,"RGM_Latrine"
"Bacteria","Bacteroidota","Bacteroidia","Flavobacteriales","Flavobacteriaceae","Flavobacterium",NA,"ASV_18608",NA,"RGM_Latrine"
"Bacteria","Bacteroidota","Bacteroidia","Flavobacteriales","Flavobacteriaceae","Flavobacterium",NA,"ASV_18609",NA,"RGM_Latrine"
"Bacteria","Bacteroidota","Bacteroidia","Flavobacteriales","Flavobacteriaceae","Flavobacterium",NA,"ASV_18610",NA,"RGM_Latrine"
"Bacteria","Bacteroidota","Bacteroidia","Flavobacteriales","Flavobacteriaceae","Flavobacterium",NA,"ASV_18611",NA,"RGM_Latrine"
"Bacteria","Bacteroidota","Bacteroidia","Flavobacteriales","Flavobacteriaceae","Flavobacterium",NA,"ASV_18612",NA,"RGM_Latrine"
"Bacteria","Bacteroidota","Bacteroidia","Flavobacteriales","Flavobacteriaceae","Flavobacterium",NA,"ASV_18613",NA,"RGM_Latrine"
"Bacteria","Bacteroidota","Bacteroidia","Flavobacteriales","Flavobacteriaceae","Flavobacterium",NA,"ASV_18614",NA,"RGM_Latrine"
"Bacteria","Bacteroidota","Bacteroidia","Flavobacteriales","Flavobacteriaceae","Flavobacterium",NA,"ASV_18615",NA,"RGM_Latrine"
"Bacteria","Bacteroidota","Bacteroidia","Flavobacteriales","Flavobacteriaceae","Flavobacterium",NA,"ASV_18616",NA,"RGM_Latrine"
"Bacteria","Bacteroidota","Bacteroidia","Flavobacteriales","Flavobacteriaceae","Flavobacterium",NA,"ASV_18617",NA,"RGM_Latrine"
"Bacteria","Bacteroidota","Bacteroidia","Flavobacteriales","Flavobacteriaceae","Flavobacterium",NA,"ASV_18618",NA,"RGM_Latrine"
"Bacteria","Bacteroidota","Bacteroidia","Flavobacteriales","Flavobacteriaceae","Flavobacterium",NA,"ASV_18619",NA,"RGM_Latrine"
"Bacteria","Bacteroidota","Bacteroidia","Flavobacteriales","Flavobacteriaceae","Flavobacterium",NA,"ASV_18620",NA,"RGM_Latrine"
"Bacteria","Bacteroidota","Bacteroidia","Flavobacteriales","Flavobacteriaceae","Flavobacterium",NA,"ASV_18621",NA,"RGM_Latrine"
"Bacteria","Bacteroidota","Bacteroidia","Flavobacteriales","Flavobacteriaceae","Flavobacterium",NA,"ASV_18622",NA,"RGM_Latrine"
"Bacteria","Bacteroidota","Bacteroidia","Flavobacteriales","Flavobacteriaceae","Flavobacterium",NA,"ASV_18623",NA,"RGM_Latrine"
"Bacteria","Bacteroidota","Bacteroidia","Flavobacteriales","Flavobacteriaceae","Flavobacterium",NA,"ASV_18624",NA,"RGM_Latrine"
"Bacteria","Bacteroidota","Bacteroidia","Flavobacteriales","Flavobacteriaceae","Flavobacterium",NA,"ASV_18625",NA,"RGM_Latrine"
"Bacteria","Bacteroidota","Bacteroidia","Flavobacteriales","Flavobacteriaceae","Flavobacterium",NA,"ASV_18626",NA,"RGM_Latrine"
"Bacteria","Bacteroidota","Bacteroidia","Flavobacteriales","Flavobacteriaceae","Flavobacterium",NA,"ASV_18627",NA,"RGM_Latrine"
"Bacteria","Bacteroidota","Bacteroidia","Flavobacteriales","Flavobacteriaceae","Flavobacterium",NA,"ASV_18628",NA,"RGM_Latrine"
"Bacteria","Bacteroidota","Bacteroidia","Flavobacteriales","Flavobacteriaceae","Flavobacterium",NA,"ASV_18629",NA,"RGM_Latrine"
"Bacteria","Bacteroidota","Bacteroidia","Flavobacteriales","Flavobacteriaceae","Flavobacterium",NA,"ASV_18630",NA,"RGM_Latrine"
"Bacteria","Bacteroidota","Bacteroidia","Flavobacteriales","Flavobacteriaceae","Flavobacterium",NA,"ASV_18631",NA,"RGM_Latrine"
"Bacteria","Bacteroidota","Bacteroidia","Flavobacteriales","Flavobacteriaceae","Flavobacterium",NA,"ASV_18632",NA,"RGM_Latrine"
"Bacteria","Bacteroidota","Bacteroidia","Flavobacteriales","Flavobacteriaceae","Flavobacterium",NA,"ASV_18633",NA,"RGM_Latrine"
"Bacteria","Bacteroidota","Bacteroidia","Flavobacteriales","Flavobacteriaceae","Flavobacterium",NA,"ASV_18634",NA,"RGM_Latrine"
"Bacteria","Bacteroidota","Bacteroidia","Flavobacteriales","Flavobacteriaceae","Flavobacterium",NA,"ASV_18635",NA,"RGM_Latrine"
"Bacteria","Bacteroidota","Bacteroidia","Flavobacteriales","Flavobacteriaceae","Flavobacterium",NA,"ASV_18636",NA,"RGM_Latrine"
"Bacteria","Bacteroidota","Bacteroidia","Flavobacteriales","Flavobacteriaceae","Flavobacterium",NA,"ASV_18637",NA,"RGM_Latrine"
"Bacteria","Bacteroidota","Bacteroidia","Flavobacteriales","Flavobacteriaceae","Flavobacterium",NA,"ASV_18638",NA,"RGM_Latrine"
"Bacteria","Bacteroidota","Bacteroidia","Flavobacteriales","Flavobacteriaceae","Flavobacterium",NA,"ASV_18639",NA,"RGM_Latrine"
"Bacteria","Bacteroidota","Bacteroidia","Flavobacteriales","Flavobacteriaceae","Flavobacterium",NA,"ASV_18640",NA,"RGM_Latrine"
"Bacteria","Bacteroidota","Bacteroidia","Flavobacteriales","Flavobacteriaceae","Flavobacterium",NA,"ASV_18641",NA,"RGM_Latrine"
"Bacteria","Bacteroidota","Bacteroidia","Flavobacteriales","Flavobacteriaceae","Flavobacterium",NA,"ASV_18642",NA,"RGM_Latrine"
"Bacteria","Bacteroidota","Bacteroidia","Flavobacteriales","Flavobacteriaceae","Flavobacterium",NA,"ASV_18643",NA,"RGM_Latrine"
"Bacteria","Bacteroidota","Bacteroidia","Flavobacteriales","Flavobacteriaceae","Flavobacterium",NA,"ASV_18644",NA,"RGM_Latrine"
"Bacteria","Bacteroidota","Bacteroidia","Flavobacteriales","Flavobacteriaceae","Flavobacterium",NA,"ASV_18645",NA,"RGM_Latrine"
"Bacteria","Bacteroidota","Bacteroidia","Flavobacteriales","Flavobacteriaceae","Flavobacterium",NA,"ASV_18646",NA,"RGM_Latrine"
"Bacteria","Bacteroidota","Bacteroidia","Flavobacteriales","Flavobacteriaceae","Flavobacterium",NA,"ASV_18647",NA,"RGM_Latrine"
"Bacteria","Bacteroidota","Bacteroidia","Flavobacteriales","Flavobacteriaceae","Flavobacterium",NA,"ASV_18648",NA,"RGM_Latrine"
"Bacteria","Bacteroidota","Bacteroidia","Flavobacteriales","Flavobacteriaceae","Flavobacterium",NA,"ASV_18649",NA,"RGM_Latrine"
"Bacteria","Bacteroidota","Bacteroidia","Flavobacteriales","Flavobacteriaceae","Flavobacterium",NA,"ASV_18650",NA,"RGM_Latrine"
"Bacteria","Bacteroidota","Bacteroidia","Flavobacteriales","Flavobacteriaceae","Flavobacterium",NA,"ASV_18651",NA,"RGM_Latrine"
"Bacteria","Bacteroidota","Bacteroidia","Flavobacteriales","Flavobacteriaceae","Flavobacterium",NA,"ASV_18652",NA,"RGM_Latrine"
"Bacteria","Bacteroidota","Bacteroidia","Flavobacteriales","Flavobacteriaceae","Flavobacterium",NA,"ASV_18653",NA,"RGM_Latrine"
"Bacteria","Bacteroidota","Bacteroidia","Flavobacteriales","Flavobacteriaceae","Flavobacterium",NA,"ASV_18654",NA,"RGM_Latrine"
"Bacteria","Bacteroidota","Bacteroidia","Flavobacteriales","Flavobacteriaceae","Flavobacterium",NA,"ASV_18655",NA,"RGM_Latrine"
"Bacteria","Bacteroidota","Bacteroidia","Flavobacteriales","Flavobacteriaceae","Flavobacterium",NA,"ASV_18656",NA,"RGM_Latrine"
"Bacteria","Bacteroidota","Bacteroidia","Flavobacteriales","Flavobacteriaceae","Flavobacterium",NA,"ASV_18657",NA,"RGM_Latrine"
"Bacteria","Bacteroidota","Bacteroidia","Flavobacteriales","Flavobacteriaceae","Flavobacterium",NA,"ASV_18658",NA,"RGM_Latrine"
"Bacteria","Bacteroidota","Bacteroidia","Flavobacteriales","Flavobacteriaceae","Flavobacterium",NA,"ASV_18659",NA,"RGM_Latrine"
"Bacteria","Bacteroidota","Bacteroidia","Flavobacteriales","Flavobacteriaceae","Flavobacterium",NA,"ASV_18660",NA,"RGM_Latrine"
"Bacteria","Bacteroidota","Bacteroidia","Flavobacteriales","Flavobacteriaceae","Flavobacterium",NA,"ASV_18661",NA,"RGM_Latrine"
"Bacteria","Bacteroidota","Bacteroidia","Flavobacteriales","Flavobacteriaceae","Flavobacterium",NA,"ASV_18662",NA,"RGM_Latrine"
"Bacteria","Bacteroidota","Bacteroidia","Flavobacteriales","Flavobacteriaceae","Flavobacterium",NA,"ASV_18663",NA,"RGM_Latrine"
"Bacteria","Bacteroidota","Bacteroidia","Flavobacteriales","Flavobacteriaceae","Flavobacterium",NA,"ASV_18664",NA,"RGM_Latrine"
"Bacteria","Bacteroidota","Bacteroidia","Flavobacteriales","Flavobacteriaceae","Flavobacterium",NA,"ASV_18665",NA,"RGM_Latrine"
"Bacteria","Bacteroidota","Bacteroidia","Flavobacteriales","Flavobacteriaceae","Flavobacterium",NA,"ASV_18666",NA,"RGM_Latrine"
"Bacteria","Bacteroidota","Bacteroidia","Flavobacteriales","Flavobacteriaceae","Flavobacterium",NA,"ASV_18667",NA,"RGM_Latrine"
"Bacteria","Bacteroidota","Bacteroidia","Flavobacteriales","Flavobacteriaceae","Flavobacterium",NA,"ASV_18668",NA,"RGM_Latrine"
"Bacteria","Bacteroidota","Bacteroidia","Flavobacteriales","Flavobacteriaceae","Flavobacterium",NA,"ASV_18669",NA,"RGM_Latrine"
"Bacteria","Bacteroidota","Bacteroidia","Flavobacteriales","Flavobacteriaceae","Flavobacterium",NA,"ASV_18670",NA,"RGM_Latrine"
"Bacteria","Bacteroidota","Bacteroidia","Flavobacteriales","Flavobacteriaceae","Flavobacterium",NA,"ASV_18671",NA,"RGM_Latrine"
"Bacteria","Bacteroidota","Bacteroidia","Flavobacteriales","Flavobacteriaceae","Flavobacterium",NA,"ASV_18672",NA,"RGM_Latrine"
"Bacteria","Bacteroidota","Bacteroidia","Flavobacteriales","Flavobacteriaceae","Flavobacterium",NA,"ASV_18673",NA,"RGM_Latrine"
"Bacteria","Bacteroidota","Bacteroidia","Flavobacteriales","Flavobacteriaceae","Flavobacterium",NA,"ASV_18674",NA,"RGM_Latrine"
"Bacteria","Bacteroidota","Bacteroidia","Flavobacteriales","Flavobacteriaceae","Flavobacterium",NA,"ASV_18675",NA,"RGM_Latrine"
"Bacteria","Bacteroidota","Bacteroidia","Flavobacteriales","Flavobacteriaceae","Flavobacterium",NA,"ASV_18676",NA,"RGM_Latrine"
"Bacteria","Bacteroidota","Bacteroidia","Flavobacteriales","Flavobacteriaceae","Flavobacterium",NA,"ASV_18677",NA,"RGM_Latrine"
"Bacteria","Bacteroidota","Bacteroidia","Flavobacteriales","Flavobacteriaceae","Flavobacterium",NA,"ASV_18678",NA,"RGM_Latrine"
"Bacteria","Bacteroidota","Bacteroidia","Flavobacteriales","Flavobacteriaceae","Flavobacterium",NA,"ASV_18679",NA,"RGM_Latrine"
"Bacteria","Bacteroidota","Bacteroidia","Flavobacteriales","Flavobacteriaceae","Flavobacterium",NA,"ASV_18680",NA,"RGM_Latrine"
"Bacteria","Bacteroidota","Bacteroidia","Flavobacteriales","Flavobacteriaceae","Flavobacterium",NA,"ASV_18681",NA,"RGM_Latrine"
"Bacteria","Bacteroidota","Bacteroidia","Flavobacteriales","Flavobacteriaceae","Flavobacterium",NA,"ASV_18682",NA,"RGM_Latrine"
"Bacteria","Bacteroidota","Bacteroidia","Flavobacteriales","Flavobacteriaceae","Flavobacterium",NA,"ASV_18683",NA,"RGM_Latrine"
"Bacteria","Bacteroidota","Bacteroidia","Flavobacteriales","Flavobacteriaceae","Flavobacterium",NA,"ASV_18684",NA,"RGM_Latrine"
"Bacteria","Bacteroidota","Bacteroidia","Flavobacteriales","Flavobacteriaceae","Flavobacterium",NA,"ASV_18685",NA,"RGM_Latrine"
"Bacteria","Bacteroidota","Bacteroidia","Flavobacteriales","Flavobacteriaceae","Flavobacterium",NA,"ASV_18686",NA,"RGM_Latrine"
"Bacteria","Bacteroidota","Bacteroidia","Flavobacteriales","Flavobacteriaceae","Flavobacterium",NA,"ASV_18687",NA,"RGM_Latrine"
"Bacteria","Bacteroidota","Bacteroidia","Flavobacteriales","Flavobacteriaceae","Flavobacterium",NA,"ASV_18688",NA,"RGM_Latrine"
"Bacteria","Bacteroidota","Bacteroidia","Flavobacteriales","Flavobacteriaceae","Flavobacterium",NA,"ASV_18689",NA,"RGM_Latrine"
"Bacteria","Bacteroidota","Bacteroidia","Flavobacteriales","Flavobacteriaceae","Flavobacterium",NA,"ASV_18690",NA,"RGM_Latrine"
"Bacteria","Bacteroidota","Bacteroidia","Flavobacteriales","Flavobacteriaceae","Flavobacterium",NA,"ASV_18691",NA,"RGM_Latrine"
"Bacteria","Bacteroidota","Bacteroidia","Flavobacteriales","Flavobacteriaceae","Flavobacterium",NA,"ASV_18692",NA,"RGM_Latrine"
"Bacteria","Bacteroidota","Bacteroidia","Flavobacteriales","Flavobacteriaceae","Flavobacterium",NA,"ASV_18693",NA,"RGM_Latrine"
"Bacteria","Bacteroidota","Bacteroidia","Flavobacteriales","Flavobacteriaceae","Flavobacterium",NA,"ASV_18694",NA,"RGM_Latrine"
"Bacteria","Bacteroidota","Bacteroidia","Flavobacteriales","Flavobacteriaceae","Flavobacterium",NA,"ASV_18695",NA,"RGM_Latrine"
"Bacteria","Bacteroidota","Bacteroidia","Flavobacteriales","Flavobacteriaceae","Flavobacterium",NA,"ASV_18696",NA,"RGM_Latrine"
"Bacteria","Bacteroidota","Bacteroidia","Flavobacteriales","Flavobacteriaceae","Flavobacterium",NA,"ASV_18697",NA,"RGM_Latrine"
"Bacteria","Bacteroidota","Bacteroidia","Flavobacteriales","Flavobacteriaceae","Flavobacterium",NA,"ASV_18698",NA,"RGM_Latrine"
"Bacteria","Bacteroidota","Bacteroidia","Flavobacteriales","Flavobacteriaceae","Flavobacterium",NA,"ASV_18699",NA,"RGM_Latrine"
"Bacteria","Bacteroidota","Bacteroidia","Flavobacteriales","Flavobacteriaceae","Flavobacterium",NA,"ASV_18700",NA,"RGM_Latrine"
"Bacteria","Bacteroidota","Bacteroidia","Flavobacteriales","Flavobacteriaceae","Flavobacterium",NA,"ASV_18707",NA,"RGM_Latrine"
"Bacteria","Bacteroidota","Bacteroidia","Flavobacteriales","Flavobacteriaceae","Flavobacterium",NA,"ASV_18708",NA,"RGM_Latrine"
"Bacteria","Bacteroidota","Bacteroidia","Flavobacteriales","Flavobacteriaceae","Flavobacterium",NA,"ASV_18709",NA,"RGM_Latrine"
"Bacteria","Bacteroidota","Bacteroidia","Flavobacteriales","Flavobacteriaceae","Flavobacterium",NA,"ASV_18710",NA,"RGM_Latrine"
"Bacteria","Bacteroidota","Bacteroidia","Flavobacteriales","Flavobacteriaceae","Flavobacterium",NA,"ASV_18711",NA,"RGM_Latrine"
"Bacteria","Bacteroidota","Bacteroidia","Flavobacteriales","Flavobacteriaceae","Flavobacterium",NA,"ASV_18712",NA,"RGM_Latrine"
"Bacteria","Bacteroidota","Bacteroidia","Flavobacteriales","Flavobacteriaceae","Flavobacterium",NA,"ASV_18713",NA,"RGM_Latrine"
"Bacteria","Bacteroidota","Bacteroidia","Flavobacteriales","Flavobacteriaceae","Flavobacterium",NA,"ASV_18714",NA,"RGM_Latrine"
"Bacteria","Bacteroidota","Bacteroidia","Flavobacteriales","Flavobacteriaceae","Flavobacterium",NA,"ASV_18715",NA,"RGM_Latrine"
"Bacteria","Bacteroidota","Bacteroidia","Flavobacteriales","Flavobacteriaceae","Flavobacterium",NA,"ASV_18716",NA,"RGM_Latrine"
"Bacteria","Bacteroidota","Bacteroidia","Flavobacteriales","Flavobacteriaceae","Flavobacterium",NA,"ASV_18717",NA,"RGM_Latrine"
"Bacteria","Bacteroidota","Bacteroidia","Flavobacteriales","Flavobacteriaceae","Flavobacterium",NA,"ASV_18718",NA,"RGM_Latrine"
"Bacteria","Bacteroidota","Bacteroidia","Flavobacteriales","Flavobacteriaceae","Flavobacterium",NA,"ASV_18719",NA,"RGM_Latrine"
"Bacteria","Bacteroidota","Bacteroidia","Flavobacteriales","Flavobacteriaceae","Flavobacterium",NA,"ASV_18720",NA,"RGM_Latrine"
"Bacteria","Bacteroidota","Bacteroidia","Flavobacteriales","Flavobacteriaceae","Flavobacterium",NA,"ASV_18721",NA,"RGM_Latrine"
"Bacteria","Bacteroidota","Bacteroidia","Flavobacteriales","Flavobacteriaceae","Flavobacterium",NA,"ASV_18722",NA,"RGM_Latrine"
"Bacteria","Bacteroidota","Bacteroidia","Flavobacteriales","Flavobacteriaceae","Flavobacterium",NA,"ASV_18723",NA,"RGM_Latrine"
"Bacteria","Bacteroidota","Bacteroidia","Flavobacteriales","Flavobacteriaceae","Flavobacterium",NA,"ASV_18726",NA,"RGM_Latrine"
"Bacteria","Bacteroidota","Bacteroidia","Flavobacteriales","Flavobacteriaceae","Flavobacterium",NA,"ASV_18727",NA,"RGM_Latrine"
"Bacteria","Bacteroidota","Bacteroidia","Flavobacteriales","Flavobacteriaceae","Flavobacterium",NA,"ASV_18728",NA,"RGM_Latrine"
"Bacteria","Bacteroidota","Bacteroidia","Flavobacteriales","Flavobacteriaceae","Flavobacterium",NA,"ASV_18729",NA,"RGM_Latrine"
"Bacteria","Bacteroidota","Bacteroidia","Flavobacteriales","Flavobacteriaceae","Flavobacterium",NA,"ASV_18730",NA,"RGM_Latrine"
"Bacteria","Bacteroidota","Bacteroidia","Flavobacteriales","Flavobacteriaceae","Flavobacterium",NA,"ASV_18731",NA,"RGM_Latrine"
"Bacteria","Bacteroidota","Bacteroidia","Flavobacteriales","Flavobacteriaceae","Flavobacterium",NA,"ASV_18732",NA,"RGM_Latrine"
"Bacteria","Bacteroidota","Bacteroidia","Flavobacteriales","Flavobacteriaceae","Flavobacterium",NA,"ASV_18733",NA,"RGM_Latrine"
"Bacteria","Bacteroidota","Bacteroidia","Flavobacteriales","Flavobacteriaceae","Flavobacterium",NA,"ASV_18734",NA,"RGM_Latrine"
"Bacteria","Bacteroidota","Bacteroidia","Flavobacteriales","Flavobacteriaceae","Flavobacterium",NA,"ASV_18735",NA,"RGM_Latrine"
"Bacteria","Bacteroidota","Bacteroidia","Flavobacteriales","Flavobacteriaceae","Flavobacterium",NA,"ASV_18736",NA,"RGM_Latrine"
"Bacteria","Bacteroidota","Bacteroidia","Flavobacteriales","Flavobacteriaceae","Flavobacterium",NA,"ASV_18737",NA,"RGM_Latrine"
"Bacteria","Bacteroidota","Bacteroidia","Flavobacteriales","Flavobacteriaceae","Flavobacterium",NA,"ASV_18738",NA,"RGM_Latrine"
"Bacteria","Bacteroidota","Bacteroidia","Flavobacteriales","Flavobacteriaceae","Flavobacterium",NA,"ASV_18739",NA,"RGM_Latrine"
"Bacteria","Bacteroidota","Bacteroidia","Flavobacteriales","Flavobacteriaceae","Flavobacterium",NA,"ASV_18740",NA,"RGM_Latrine"
"Bacteria","Bacteroidota","Bacteroidia","Flavobacteriales","Flavobacteriaceae","Flavobacterium",NA,"ASV_18741",NA,"RGM_Latrine"
"Bacteria","Bacteroidota","Bacteroidia","Flavobacteriales","Flavobacteriaceae","Flavobacterium",NA,"ASV_18742",NA,"RGM_Latrine"
"Bacteria","Bacteroidota","Bacteroidia","Flavobacteriales","Flavobacteriaceae","Flavobacterium",NA,"ASV_18743",NA,"RGM_Latrine"
"Bacteria","Bacteroidota","Bacteroidia","Flavobacteriales","Flavobacteriaceae","Flavobacterium",NA,"ASV_18744",NA,"RGM_Latrine"
"Bacteria","Bacteroidota","Bacteroidia","Flavobacteriales","Flavobacteriaceae","Flavobacterium",NA,"ASV_18745",NA,"RGM_Latrine"
"Bacteria","Bacteroidota","Bacteroidia","Flavobacteriales","Flavobacteriaceae","Flavobacterium",NA,"ASV_18746",NA,"RGM_Latrine"
"Bacteria","Bacteroidota","Bacteroidia","Flavobacteriales","Flavobacteriaceae","Flavobacterium",NA,"ASV_18747",NA,"RGM_Latrine"
"Bacteria","Bacteroidota","Bacteroidia","Flavobacteriales","Flavobacteriaceae","Flavobacterium",NA,"ASV_18748",NA,"RGM_Latrine"
"Bacteria","Bacteroidota","Bacteroidia","Flavobacteriales","Flavobacteriaceae","Flavobacterium",NA,"ASV_18749",NA,"RGM_Latrine"
"Bacteria","Bacteroidota","Bacteroidia","Flavobacteriales","Flavobacteriaceae","Flavobacterium",NA,"ASV_18750",NA,"RGM_Latrine"
"Bacteria","Bacteroidota","Bacteroidia","Flavobacteriales","Flavobacteriaceae","Flavobacterium",NA,"ASV_18751",NA,"RGM_Latrine"
"Bacteria","Bacteroidota","Bacteroidia","Flavobacteriales","Flavobacteriaceae","Flavobacterium",NA,"ASV_18752",NA,"RGM_Latrine"
"Bacteria","Bacteroidota","Bacteroidia","Flavobacteriales","Flavobacteriaceae","Flavobacterium",NA,"ASV_18753",NA,"RGM_Latrine"
"Bacteria","Bacteroidota","Bacteroidia","Flavobacteriales","Flavobacteriaceae","Flavobacterium",NA,"ASV_18754",NA,"RGM_Latrine"
"Bacteria","Bacteroidota","Bacteroidia","Flavobacteriales","Flavobacteriaceae","Flavobacterium",NA,"ASV_18755",NA,"RGM_Latrine"
"Bacteria","Bacteroidota","Bacteroidia","Flavobacteriales","Flavobacteriaceae","Flavobacterium",NA,"ASV_18756",NA,"RGM_Latrine"
"Bacteria","Bacteroidota","Bacteroidia","Flavobacteriales","Flavobacteriaceae","Flavobacterium",NA,"ASV_18757",NA,"RGM_Latrine"
"Bacteria","Bacteroidota","Bacteroidia","Flavobacteriales","Flavobacteriaceae","Flavobacterium",NA,"ASV_18758",NA,"RGM_Latrine"
"Bacteria","Bacteroidota","Bacteroidia","Flavobacteriales","Flavobacteriaceae","Flavobacterium",NA,"ASV_18759",NA,"RGM_Latrine"
"Bacteria","Bacteroidota","Bacteroidia","Flavobacteriales","Flavobacteriaceae","Flavobacterium",NA,"ASV_18760",NA,"RGM_Latrine"
"Bacteria","Bacteroidota","Bacteroidia","Flavobacteriales","Flavobacteriaceae","Flavobacterium",NA,"ASV_18761",NA,"RGM_Latrine"
"Bacteria","Bacteroidota","Bacteroidia","Flavobacteriales","Flavobacteriaceae","Flavobacterium",NA,"ASV_18762",NA,"RGM_Latrine"
"Bacteria","Bacteroidota","Bacteroidia","Flavobacteriales","Flavobacteriaceae","Flavobacterium",NA,"ASV_18763",NA,"RGM_Latrine"
"Bacteria","Bacteroidota","Bacteroidia","Flavobacteriales","Flavobacteriaceae","Flavobacterium",NA,"ASV_18764",NA,"RGM_Latrine"
"Bacteria","Bacteroidota","Bacteroidia","Flavobacteriales","Flavobacteriaceae","Flavobacterium",NA,"ASV_18765",NA,"RGM_Latrine"
"Bacteria","Bacteroidota","Bacteroidia","Flavobacteriales","Flavobacteriaceae","Flavobacterium",NA,"ASV_18766",NA,"RGM_Latrine"
"Bacteria","Bacteroidota","Bacteroidia","Flavobacteriales","Flavobacteriaceae","Flavobacterium",NA,"ASV_18767",NA,"RGM_Latrine"
"Bacteria","Bacteroidota","Bacteroidia","Flavobacteriales","Flavobacteriaceae","Flavobacterium",NA,"ASV_18768",NA,"RGM_Latrine"
"Bacteria","Bacteroidota","Bacteroidia","Flavobacteriales","Flavobacteriaceae","Flavobacterium",NA,"ASV_18769",NA,"RGM_Latrine"
"Bacteria","Bacteroidota","Bacteroidia","Flavobacteriales","Flavobacteriaceae","Flavobacterium",NA,"ASV_18770",NA,"RGM_Latrine"
"Bacteria","Bacteroidota","Bacteroidia","Flavobacteriales","Flavobacteriaceae","Flavobacterium",NA,"ASV_18771",NA,"RGM_Latrine"
"Bacteria","Bacteroidota","Bacteroidia","Flavobacteriales","Flavobacteriaceae","Flavobacterium",NA,"ASV_18772",NA,"RGM_Latrine"
"Bacteria","Bacteroidota","Bacteroidia","Flavobacteriales","Flavobacteriaceae","Flavobacterium",NA,"ASV_18773",NA,"RGM_Latrine"
"Bacteria","Bacteroidota","Bacteroidia","Flavobacteriales","Flavobacteriaceae","Flavobacterium",NA,"ASV_18774",NA,"RGM_Latrine"
"Bacteria","Bacteroidota","Bacteroidia","Flavobacteriales","Flavobacteriaceae","Flavobacterium",NA,"ASV_18775",NA,"RGM_Latrine"
"Bacteria","Bacteroidota","Bacteroidia","Flavobacteriales","Flavobacteriaceae","Flavobacterium",NA,"ASV_18776",NA,"RGM_Latrine"
"Bacteria","Bacteroidota","Bacteroidia","Flavobacteriales","Flavobacteriaceae","Flavobacterium",NA,"ASV_18777",NA,"RGM_Latrine"
"Bacteria","Bacteroidota","Bacteroidia","Flavobacteriales","Flavobacteriaceae","Flavobacterium",NA,"ASV_18778",NA,"RGM_Latrine"
"Bacteria","Bacteroidota","Bacteroidia","Flavobacteriales","Flavobacteriaceae","Flavobacterium",NA,"ASV_18779",NA,"RGM_Latrine"
"Bacteria","Bacteroidota","Bacteroidia","Flavobacteriales","Flavobacteriaceae","Flavobacterium",NA,"ASV_18780",NA,"RGM_Latrine"
"Bacteria","Bacteroidota","Bacteroidia","Flavobacteriales","Flavobacteriaceae","Flavobacterium",NA,"ASV_18781",NA,"RGM_Latrine"
"Bacteria","Bacteroidota","Bacteroidia","Flavobacteriales","Flavobacteriaceae","Flavobacterium",NA,"ASV_18782",NA,"RGM_Latrine"
"Bacteria","Bacteroidota","Bacteroidia","Flavobacteriales","Flavobacteriaceae","Flavobacterium",NA,"ASV_18783",NA,"RGM_Latrine"
"Bacteria","Bacteroidota","Bacteroidia","Flavobacteriales","Flavobacteriaceae","Flavobacterium",NA,"ASV_18784",NA,"RGM_Latrine"
"Bacteria","Bacteroidota","Bacteroidia","Flavobacteriales","Flavobacteriaceae","Flavobacterium",NA,"ASV_18785",NA,"RGM_Latrine"
"Bacteria","Bacteroidota","Bacteroidia","Flavobacteriales","Flavobacteriaceae","Flavobacterium",NA,"ASV_18786",NA,"RGM_Latrine"
"Bacteria","Bacteroidota","Bacteroidia","Flavobacteriales","Flavobacteriaceae","Flavobacterium",NA,"ASV_18787",NA,"RGM_Latrine"
"Bacteria","Bacteroidota","Bacteroidia","Flavobacteriales","Flavobacteriaceae","Flavobacterium",NA,"ASV_18788",NA,"RGM_Latrine"
"Bacteria","Bacteroidota","Bacteroidia","Flavobacteriales","Flavobacteriaceae","Flavobacterium",NA,"ASV_18789",NA,"RGM_Latrine"
"Bacteria","Bacteroidota","Bacteroidia","Flavobacteriales","Flavobacteriaceae","Flavobacterium",NA,"ASV_18790",NA,"RGM_Latrine"
"Bacteria","Bacteroidota","Bacteroidia","Flavobacteriales","Flavobacteriaceae","Flavobacterium",NA,"ASV_18791",NA,"RGM_Latrine"
"Bacteria","Bacteroidota","Bacteroidia","Flavobacteriales","Flavobacteriaceae","Flavobacterium",NA,"ASV_18792",NA,"RGM_Latrine"
"Bacteria","Bacteroidota","Bacteroidia","Flavobacteriales","Flavobacteriaceae","Flavobacterium",NA,"ASV_18793",NA,"RGM_Latrine"
"Bacteria","Bacteroidota","Bacteroidia","Sphingobacteriales","Sphingobacteriaceae","Pedobacter",NA,"ASV_20456",NA,"RGM_Latrine"
"Bacteria","Bacteroidota","Bacteroidia","Sphingobacteriales","Sphingobacteriaceae","Pedobacter",NA,"ASV_20457",NA,"RGM_Latrine"
"Bacteria","Bacteroidota","Bacteroidia","Sphingobacteriales","Sphingobacteriaceae","Pedobacter",NA,"ASV_20543",NA,"RGM_Latrine"
"Bacteria","Bacteroidota","Bacteroidia","Sphingobacteriales","Sphingobacteriaceae","Pedobacter",NA,"ASV_20544",NA,"RGM_Latrine"
"Bacteria","Bacteroidota","Bacteroidia","Sphingobacteriales","Sphingobacteriaceae","Pedobacter",NA,"ASV_20546",NA,"RGM_Latrine"
"Bacteria","Bacteroidota","Bacteroidia","Sphingobacteriales","Sphingobacteriaceae","Pedobacter",NA,"ASV_20548",NA,"RGM_Latrine"
"Bacteria","Bacteroidota","Bacteroidia","Sphingobacteriales","Sphingobacteriaceae","Pedobacter",NA,"ASV_20552",NA,"RGM_Latrine"
"Bacteria","Bacteroidota","Bacteroidia","Sphingobacteriales","Sphingobacteriaceae","Pedobacter",NA,"ASV_20565",NA,"RGM_Latrine"
"Bacteria","Bacteroidota","Bacteroidia","Sphingobacteriales","Sphingobacteriaceae","Pedobacter",NA,"ASV_20566",NA,"RGM_Latrine"
"Bacteria","Bacteroidota","Bacteroidia","Sphingobacteriales","Sphingobacteriaceae","Pedobacter",NA,"ASV_20567",NA,"RGM_Latrine"
"Bacteria","Bacteroidota","Bacteroidia","Sphingobacteriales","Sphingobacteriaceae","Pedobacter",NA,"ASV_20568",NA,"RGM_Latrine"
"Bacteria","Bacteroidota","Bacteroidia","Sphingobacteriales","Sphingobacteriaceae","Pedobacter",NA,"ASV_20595",NA,"RGM_Latrine"
"Bacteria","Bacteroidota","Bacteroidia","Sphingobacteriales","Sphingobacteriaceae","Pedobacter",NA,"ASV_20596",NA,"RGM_Latrine"
"Bacteria","Bacteroidota","Bacteroidia","Sphingobacteriales","Sphingobacteriaceae","Pedobacter",NA,"ASV_20607",NA,"RGM_Latrine"
"Bacteria","Bacteroidota","Bacteroidia","Sphingobacteriales","Sphingobacteriaceae","Pedobacter",NA,"ASV_20609",NA,"RGM_Latrine"
"Bacteria","Bacteroidota","Bacteroidia","Sphingobacteriales","Sphingobacteriaceae","Pedobacter",NA,"ASV_20610",NA,"RGM_Latrine"
"Bacteria","Bacteroidota","Bacteroidia","Sphingobacteriales","Sphingobacteriaceae","Pedobacter",NA,"ASV_20611",NA,"RGM_Latrine"
"Bacteria","Bacteroidota","Bacteroidia","Sphingobacteriales","Sphingobacteriaceae","Pedobacter",NA,"ASV_20612",NA,"RGM_Latrine"
"Bacteria","Bacteroidota","Bacteroidia","Sphingobacteriales","Sphingobacteriaceae","Pedobacter",NA,"ASV_20613",NA,"RGM_Latrine"
"Bacteria","Bacteroidota","Bacteroidia","Sphingobacteriales","Sphingobacteriaceae","Pedobacter",NA,"ASV_20614",NA,"RGM_Latrine"
"Bacteria","Bacteroidota","Bacteroidia","Sphingobacteriales","Sphingobacteriaceae","Pedobacter",NA,"ASV_20615",NA,"RGM_Latrine"
"Bacteria","Bacteroidota","Bacteroidia","Sphingobacteriales","Sphingobacteriaceae","Pedobacter",NA,"ASV_20616",NA,"RGM_Latrine"
"Bacteria","Bacteroidota","Bacteroidia","Sphingobacteriales","Sphingobacteriaceae","Pedobacter",NA,"ASV_20618",NA,"RGM_Latrine"
"Bacteria","Bacteroidota","Bacteroidia","Sphingobacteriales","Sphingobacteriaceae","Pedobacter",NA,"ASV_20619",NA,"RGM_Latrine"
"Bacteria","Bacteroidota","Bacteroidia","Sphingobacteriales","Sphingobacteriaceae","Pedobacter",NA,"ASV_20620",NA,"RGM_Latrine"
"Bacteria","Bacteroidota","Bacteroidia","Sphingobacteriales","Sphingobacteriaceae","Pedobacter",NA,"ASV_20621",NA,"RGM_Latrine"
"Bacteria","Bacteroidota","Bacteroidia","Sphingobacteriales","Sphingobacteriaceae","Pedobacter",NA,"ASV_20622",NA,"RGM_Latrine"
"Bacteria","Bacteroidota","Bacteroidia","Sphingobacteriales","Sphingobacteriaceae","Pedobacter",NA,"ASV_20624",NA,"RGM_Latrine"
"Bacteria","Bacteroidota","Bacteroidia","Sphingobacteriales","Sphingobacteriaceae","Pedobacter",NA,"ASV_20625",NA,"RGM_Latrine"
"Bacteria","Bacteroidota","Bacteroidia","Sphingobacteriales","Sphingobacteriaceae","Pedobacter",NA,"ASV_20626",NA,"RGM_Latrine"
"Bacteria","Bacteroidota","Bacteroidia","Sphingobacteriales","Sphingobacteriaceae","Pedobacter",NA,"ASV_20629",NA,"RGM_Latrine"
"Bacteria","Bacteroidota","Bacteroidia","Sphingobacteriales","Sphingobacteriaceae","Pedobacter",NA,"ASV_20635",NA,"RGM_Latrine"
"Bacteria","Bacteroidota","Bacteroidia","Sphingobacteriales","Sphingobacteriaceae","Pedobacter",NA,"ASV_20636",NA,"RGM_Latrine"
"Bacteria","Bacteroidota","Bacteroidia","Sphingobacteriales","Sphingobacteriaceae","Pedobacter",NA,"ASV_20637",NA,"RGM_Latrine"
"Bacteria","Bacteroidota","Bacteroidia","Sphingobacteriales","Sphingobacteriaceae","Pedobacter",NA,"ASV_20638",NA,"RGM_Latrine"
"Bacteria","Bacteroidota","Bacteroidia","Sphingobacteriales","Sphingobacteriaceae","Pedobacter",NA,"ASV_20639",NA,"RGM_Latrine"
"Bacteria","Bacteroidota","Bacteroidia","Sphingobacteriales","Sphingobacteriaceae","Pedobacter",NA,"ASV_20645",NA,"RGM_Latrine"
"Bacteria","Bacteroidota","Bacteroidia","Sphingobacteriales","Sphingobacteriaceae","Pedobacter",NA,"ASV_20646",NA,"RGM_Latrine"
"Bacteria","Bacteroidota","Bacteroidia","Sphingobacteriales","Sphingobacteriaceae","Pedobacter",NA,"ASV_20647",NA,"RGM_Latrine"
"Bacteria","Bacteroidota","Bacteroidia","Sphingobacteriales","Sphingobacteriaceae","Pedobacter",NA,"ASV_20652",NA,"RGM_Latrine"
"Bacteria","Bacteroidota","Bacteroidia","Sphingobacteriales","Sphingobacteriaceae","Pedobacter",NA,"ASV_20703",NA,"RGM_Latrine"
"Bacteria","Bacteroidota","Bacteroidia","Sphingobacteriales","Sphingobacteriaceae","Pedobacter",NA,"ASV_20705",NA,"RGM_Latrine"
"Bacteria","Bacteroidota","Bacteroidia","Sphingobacteriales","Sphingobacteriaceae","Pedobacter",NA,"ASV_20706",NA,"RGM_Latrine"
"Bacteria","Bacteroidota","Bacteroidia","Sphingobacteriales","Sphingobacteriaceae","Pedobacter",NA,"ASV_20707",NA,"RGM_Latrine"
"Bacteria","Bacteroidota","Bacteroidia","Sphingobacteriales","Sphingobacteriaceae","Pedobacter",NA,"ASV_20708",NA,"RGM_Latrine"
"Bacteria","Bacteroidota","Bacteroidia","Sphingobacteriales","Sphingobacteriaceae","Pedobacter",NA,"ASV_20710",NA,"RGM_Latrine"
"Bacteria","Bacteroidota","Bacteroidia","Sphingobacteriales","Sphingobacteriaceae","Pedobacter",NA,"ASV_20711",NA,"RGM_Latrine"
"Bacteria","Bacteroidota","Bacteroidia","Sphingobacteriales","Sphingobacteriaceae","Pedobacter",NA,"ASV_20713",NA,"RGM_Latrine"
"Bacteria","Bacteroidota","Bacteroidia","Sphingobacteriales","Sphingobacteriaceae","Pedobacter",NA,"ASV_20716",NA,"RGM_Latrine"
"Bacteria","Fibrobacterota","Chitinivibrionia","Incertae_Sedis","Incertae_Sedis","Incertae_Sedis",NA,"ASV_21724",NA,"RGM_Latrine"
"Bacteria","Fibrobacterota","Chitinivibrionia","Incertae_Sedis","Incertae_Sedis","Incertae_Sedis",NA,"ASV_21725",NA,"RGM_Latrine"
"Bacteria","Fibrobacterota","Chitinivibrionia","Incertae_Sedis","Incertae_Sedis","Incertae_Sedis",NA,"ASV_21726",NA,"RGM_Latrine"
"Bacteria","Fibrobacterota","Chitinivibrionia","Incertae_Sedis","Incertae_Sedis","Incertae_Sedis",NA,"ASV_21727",NA,"RGM_Latrine"
"Bacteria","Fibrobacterota","Chitinivibrionia","Incertae_Sedis","Incertae_Sedis","Incertae_Sedis",NA,"ASV_21728",NA,"RGM_Latrine"
"Bacteria","Bacteroidota","Bacteroidia","Sphingobacteriales","Sphingobacteriaceae","Pedobacter",NA,"ASV_478",NA,"RGM_Control"
"Bacteria","Fibrobacterota","Fibrobacteria","Fibrobacterales","Fibrobacteraceae","possible_genus_04",NA,"ASV_1357",NA,"RGM_Control"
"Bacteria","Fibrobacterota","Fibrobacteria","Fibrobacterales","Fibrobacteraceae","possible_genus_04",NA,"ASV_1358",NA,"RGM_Control"
"Bacteria","Fibrobacterota","Fibrobacteria","Fibrobacterales","Fibrobacteraceae","possible_genus_04",NA,"ASV_1359",NA,"RGM_Control"
"Bacteria","Fibrobacterota","Fibrobacteria","Fibrobacterales","Fibrobacteraceae","possible_genus_04",NA,"ASV_1360",NA,"RGM_Control"
"Bacteria","Fibrobacterota","Fibrobacteria","Fibrobacterales","Fibrobacteraceae","possible_genus_04",NA,"ASV_1361",NA,"RGM_Control"
"Bacteria","Fibrobacterota","Fibrobacteria","Fibrobacterales","Fibrobacteraceae","possible_genus_04",NA,"ASV_1362",NA,"RGM_Control"
"Bacteria","Fibrobacterota","Fibrobacteria","Fibrobacterales","Fibrobacteraceae","possible_genus_04",NA,"ASV_1363",NA,"RGM_Control"
"Bacteria","Fibrobacterota","Fibrobacteria","Fibrobacterales","Fibrobacteraceae","possible_genus_04",NA,"ASV_1364",NA,"RGM_Control"
"Bacteria","Fibrobacterota","Fibrobacteria","Fibrobacterales","Fibrobacteraceae","possible_genus_04",NA,"ASV_1365",NA,"RGM_Control"
"Bacteria","Fibrobacterota","Fibrobacteria","Fibrobacterales","Fibrobacteraceae","possible_genus_04",NA,"ASV_1366",NA,"RGM_Control"
"Bacteria","Fibrobacterota","Fibrobacteria","Fibrobacterales","Fibrobacteraceae","possible_genus_04",NA,"ASV_1367",NA,"RGM_Control"
"Bacteria","Fibrobacterota","Fibrobacteria","Fibrobacterales","Fibrobacteraceae","possible_genus_04",NA,"ASV_1368",NA,"RGM_Control"
"Bacteria","Fibrobacterota","Fibrobacteria","Fibrobacterales","Fibrobacteraceae","possible_genus_04",NA,"ASV_1369",NA,"RGM_Control"
"Bacteria","Fibrobacterota","Fibrobacteria","Fibrobacterales","Fibrobacteraceae","possible_genus_04",NA,"ASV_1370",NA,"RGM_Control"
"Bacteria","Fibrobacterota","Fibrobacteria","Fibrobacterales","Fibrobacteraceae","possible_genus_04",NA,"ASV_1371",NA,"RGM_Control"
"Bacteria","Fibrobacterota","Fibrobacteria","Fibrobacterales","Fibrobacteraceae","possible_genus_04",NA,"ASV_1372",NA,"RGM_Control"
"Bacteria","Fibrobacterota","Fibrobacteria","Fibrobacterales","Fibrobacteraceae","possible_genus_04",NA,"ASV_1373",NA,"RGM_Control"
"Bacteria","Fibrobacterota","Fibrobacteria","Fibrobacterales","Fibrobacteraceae","possible_genus_04",NA,"ASV_1374",NA,"RGM_Control"
"Bacteria","Fibrobacterota","Fibrobacteria","Fibrobacterales","Fibrobacteraceae","possible_genus_04",NA,"ASV_1375",NA,"RGM_Control"
"Bacteria","Fibrobacterota","Fibrobacteria","Fibrobacterales","Fibrobacteraceae","possible_genus_04",NA,"ASV_1376",NA,"RGM_Control"
"Bacteria","Fibrobacterota","Fibrobacteria","Fibrobacterales","Fibrobacteraceae","possible_genus_04",NA,"ASV_1377",NA,"RGM_Control"
"Bacteria","Fibrobacterota","Fibrobacteria","Fibrobacterales","Fibrobacteraceae","possible_genus_04",NA,"ASV_1378",NA,"RGM_Control"
"Bacteria","Fibrobacterota","Fibrobacteria","Fibrobacterales","Fibrobacteraceae","possible_genus_04",NA,"ASV_1379",NA,"RGM_Control"
"Bacteria","Fibrobacterota","Fibrobacteria","Fibrobacterales","Fibrobacteraceae","possible_genus_04",NA,"ASV_1380",NA,"RGM_Control"
"Bacteria","Fibrobacterota","Fibrobacteria","Fibrobacterales","Fibrobacteraceae","possible_genus_04",NA,"ASV_1381",NA,"RGM_Control"
"Bacteria","Fibrobacterota","Fibrobacteria","Fibrobacterales","Fibrobacteraceae","possible_genus_04",NA,"ASV_1382",NA,"RGM_Control"
"Bacteria","Fibrobacterota","Fibrobacteria","Fibrobacterales","Fibrobacteraceae","possible_genus_04",NA,"ASV_1383",NA,"RGM_Control"
"Bacteria","Fibrobacterota","Fibrobacteria","Fibrobacterales","Fibrobacteraceae","possible_genus_04",NA,"ASV_1384",NA,"RGM_Control"
"Bacteria","Fibrobacterota","Fibrobacteria","Fibrobacterales","Fibrobacteraceae","possible_genus_04",NA,"ASV_1385",NA,"RGM_Control"
"Bacteria","Fibrobacterota","Fibrobacteria","Fibrobacterales","Fibrobacteraceae","possible_genus_04",NA,"ASV_1386",NA,"RGM_Control"
"Bacteria","Fibrobacterota","Fibrobacteria","Fibrobacterales","Fibrobacteraceae","possible_genus_04",NA,"ASV_1387",NA,"RGM_Control"
"Bacteria","Fibrobacterota","Fibrobacteria","Fibrobacterales","Fibrobacteraceae","possible_genus_04",NA,"ASV_1388",NA,"RGM_Control"
"Bacteria","Fibrobacterota","Fibrobacteria","Fibrobacterales","Fibrobacteraceae","possible_genus_04",NA,"ASV_1389",NA,"RGM_Control"
"Bacteria","Fibrobacterota","Fibrobacteria","Fibrobacterales","Fibrobacteraceae","possible_genus_04",NA,"ASV_1390",NA,"RGM_Control"
"Bacteria","Fibrobacterota","Fibrobacteria","Fibrobacterales","Fibrobacteraceae","possible_genus_04",NA,"ASV_1391",NA,"RGM_Control"
"Bacteria","Fibrobacterota","Fibrobacteria","Fibrobacterales","Fibrobacteraceae","possible_genus_04",NA,"ASV_1392",NA,"RGM_Control"
"Bacteria","Fibrobacterota","Fibrobacteria","Fibrobacterales","Fibrobacteraceae","possible_genus_04",NA,"ASV_1393",NA,"RGM_Control"
"Bacteria","Fibrobacterota","Fibrobacteria","Fibrobacterales","Fibrobacteraceae","possible_genus_04",NA,"ASV_1394",NA,"RGM_Control"
"Bacteria","Fibrobacterota","Fibrobacteria","Fibrobacterales","Fibrobacteraceae","possible_genus_04",NA,"ASV_1395",NA,"RGM_Control"
"Bacteria","Fibrobacterota","Fibrobacteria","Fibrobacterales","Fibrobacteraceae","Incertae_Sedis",NA,"ASV_1396",NA,"RGM_Control"
"Bacteria","Fibrobacterota","Fibrobacteria","Fibrobacterales","Fibrobacteraceae","Incertae_Sedis",NA,"ASV_1397",NA,"RGM_Control"
"Bacteria","Fibrobacterota","Fibrobacteria","Fibrobacterales","Fibrobacteraceae","Incertae_Sedis",NA,"ASV_1398",NA,"RGM_Control"
"Bacteria","Fibrobacterota","Fibrobacteria","Fibrobacterales","Fibrobacteraceae","Incertae_Sedis",NA,"ASV_1399",NA,"RGM_Control"
"Bacteria","Fibrobacterota","Fibrobacteria","Fibrobacterales","Fibrobacteraceae","Incertae_Sedis",NA,"ASV_1400",NA,"RGM_Control"
"Bacteria","Fibrobacterota","Fibrobacteria","Fibrobacterales","Fibrobacteraceae","Incertae_Sedis",NA,"ASV_1401",NA,"RGM_Control"
"Bacteria","Fibrobacterota","Fibrobacteria","Fibrobacterales","Fibrobacteraceae","Incertae_Sedis",NA,"ASV_1402",NA,"RGM_Control"
"Bacteria","Fibrobacterota","Fibrobacteria","Fibrobacterales","Fibrobacteraceae","Incertae_Sedis",NA,"ASV_1403",NA,"RGM_Control"
"Bacteria","Fibrobacterota","Fibrobacteria","Fibrobacterales","Fibrobacteraceae","Incertae_Sedis",NA,"ASV_1404",NA,"RGM_Control"
"Bacteria","Fibrobacterota","Fibrobacteria","Fibrobacterales","Fibrobacteraceae","Incertae_Sedis",NA,"ASV_1405",NA,"RGM_Control"
"Bacteria","Fibrobacterota","Fibrobacteria","Fibrobacterales","Fibrobacteraceae","Incertae_Sedis",NA,"ASV_1406",NA,"RGM_Control"
"Bacteria","Fibrobacterota","Fibrobacteria","Fibrobacterales","Fibrobacteraceae","Incertae_Sedis",NA,"ASV_1407",NA,"RGM_Control"
"Bacteria","Fibrobacterota","Fibrobacteria","Fibrobacterales","Fibrobacteraceae","Incertae_Sedis",NA,"ASV_1408",NA,"RGM_Control"
"Bacteria","Fibrobacterota","Fibrobacteria","Fibrobacterales","Fibrobacteraceae","Incertae_Sedis",NA,"ASV_1409",NA,"RGM_Control"
"Bacteria","Fibrobacterota","Fibrobacteria","Fibrobacterales","Fibrobacteraceae","Incertae_Sedis",NA,"ASV_1410",NA,"RGM_Control"
"Bacteria","Fibrobacterota","Fibrobacteria","Fibrobacterales","Fibrobacteraceae","Incertae_Sedis",NA,"ASV_1411",NA,"RGM_Control"
"Bacteria","Fibrobacterota","Fibrobacteria","Fibrobacterales","Fibrobacteraceae","Incertae_Sedis",NA,"ASV_1412",NA,"RGM_Control"
"Bacteria","Fibrobacterota","Fibrobacteria","Fibrobacterales","Fibrobacteraceae","Incertae_Sedis",NA,"ASV_1413",NA,"RGM_Control"
"Bacteria","Fibrobacterota","Fibrobacteria","Fibrobacterales","Fibrobacteraceae","Incertae_Sedis",NA,"ASV_1414",NA,"RGM_Control"
"Bacteria","Fibrobacterota","Fibrobacteria","Fibrobacterales","Fibrobacteraceae","Incertae_Sedis",NA,"ASV_1415",NA,"RGM_Control"
"Bacteria","Fibrobacterota","Fibrobacteria","Fibrobacterales","Fibrobacteraceae","Incertae_Sedis",NA,"ASV_1416",NA,"RGM_Control"
"Bacteria","Fibrobacterota","Fibrobacteria","Fibrobacterales","Fibrobacteraceae","Incertae_Sedis",NA,"ASV_1417",NA,"RGM_Control"
"Bacteria","Fibrobacterota","Fibrobacteria","Fibrobacterales","Fibrobacteraceae","Incertae_Sedis",NA,"ASV_1418",NA,"RGM_Control"
"Bacteria","Fibrobacterota","Fibrobacteria","Fibrobacterales","Fibrobacteraceae","Incertae_Sedis",NA,"ASV_1419",NA,"RGM_Control"
"Bacteria","Fibrobacterota","Fibrobacteria","Fibrobacterales","Fibrobacteraceae","Incertae_Sedis",NA,"ASV_1420",NA,"RGM_Control"
"Bacteria","Fibrobacterota","Fibrobacteria","Fibrobacterales","Fibrobacteraceae","Incertae_Sedis",NA,"ASV_1421",NA,"RGM_Control"
"Bacteria","Bacteroidota","Bacteroidia","Flavobacteriales","Flavobacteriaceae","Flavobacterium",NA,"ASV_18603",NA,"RGM_Control"
"Bacteria","Bacteroidota","Bacteroidia","Flavobacteriales","Flavobacteriaceae","Flavobacterium",NA,"ASV_18604",NA,"RGM_Control"
"Bacteria","Bacteroidota","Bacteroidia","Flavobacteriales","Flavobacteriaceae","Flavobacterium",NA,"ASV_18605",NA,"RGM_Control"
"Bacteria","Bacteroidota","Bacteroidia","Flavobacteriales","Flavobacteriaceae","Flavobacterium",NA,"ASV_18606",NA,"RGM_Control"
"Bacteria","Bacteroidota","Bacteroidia","Flavobacteriales","Flavobacteriaceae","Flavobacterium",NA,"ASV_18607",NA,"RGM_Control"
"Bacteria","Bacteroidota","Bacteroidia","Flavobacteriales","Flavobacteriaceae","Flavobacterium",NA,"ASV_18608",NA,"RGM_Control"
"Bacteria","Bacteroidota","Bacteroidia","Flavobacteriales","Flavobacteriaceae","Flavobacterium",NA,"ASV_18609",NA,"RGM_Control"
"Bacteria","Bacteroidota","Bacteroidia","Flavobacteriales","Flavobacteriaceae","Flavobacterium",NA,"ASV_18610",NA,"RGM_Control"
"Bacteria","Bacteroidota","Bacteroidia","Flavobacteriales","Flavobacteriaceae","Flavobacterium",NA,"ASV_18611",NA,"RGM_Control"
"Bacteria","Bacteroidota","Bacteroidia","Flavobacteriales","Flavobacteriaceae","Flavobacterium",NA,"ASV_18612",NA,"RGM_Control"
"Bacteria","Bacteroidota","Bacteroidia","Flavobacteriales","Flavobacteriaceae","Flavobacterium",NA,"ASV_18613",NA,"RGM_Control"
"Bacteria","Bacteroidota","Bacteroidia","Flavobacteriales","Flavobacteriaceae","Flavobacterium",NA,"ASV_18614",NA,"RGM_Control"
"Bacteria","Bacteroidota","Bacteroidia","Flavobacteriales","Flavobacteriaceae","Flavobacterium",NA,"ASV_18615",NA,"RGM_Control"
"Bacteria","Bacteroidota","Bacteroidia","Flavobacteriales","Flavobacteriaceae","Flavobacterium",NA,"ASV_18616",NA,"RGM_Control"
"Bacteria","Bacteroidota","Bacteroidia","Flavobacteriales","Flavobacteriaceae","Flavobacterium",NA,"ASV_18617",NA,"RGM_Control"
"Bacteria","Bacteroidota","Bacteroidia","Flavobacteriales","Flavobacteriaceae","Flavobacterium",NA,"ASV_18618",NA,"RGM_Control"
"Bacteria","Bacteroidota","Bacteroidia","Flavobacteriales","Flavobacteriaceae","Flavobacterium",NA,"ASV_18619",NA,"RGM_Control"
"Bacteria","Bacteroidota","Bacteroidia","Flavobacteriales","Flavobacteriaceae","Flavobacterium",NA,"ASV_18620",NA,"RGM_Control"
"Bacteria","Bacteroidota","Bacteroidia","Flavobacteriales","Flavobacteriaceae","Flavobacterium",NA,"ASV_18621",NA,"RGM_Control"
"Bacteria","Bacteroidota","Bacteroidia","Flavobacteriales","Flavobacteriaceae","Flavobacterium",NA,"ASV_18622",NA,"RGM_Control"
"Bacteria","Bacteroidota","Bacteroidia","Flavobacteriales","Flavobacteriaceae","Flavobacterium",NA,"ASV_18623",NA,"RGM_Control"
"Bacteria","Bacteroidota","Bacteroidia","Flavobacteriales","Flavobacteriaceae","Flavobacterium",NA,"ASV_18624",NA,"RGM_Control"
"Bacteria","Bacteroidota","Bacteroidia","Flavobacteriales","Flavobacteriaceae","Flavobacterium",NA,"ASV_18625",NA,"RGM_Control"
"Bacteria","Bacteroidota","Bacteroidia","Flavobacteriales","Flavobacteriaceae","Flavobacterium",NA,"ASV_18626",NA,"RGM_Control"
"Bacteria","Bacteroidota","Bacteroidia","Flavobacteriales","Flavobacteriaceae","Flavobacterium",NA,"ASV_18627",NA,"RGM_Control"
"Bacteria","Bacteroidota","Bacteroidia","Flavobacteriales","Flavobacteriaceae","Flavobacterium",NA,"ASV_18628",NA,"RGM_Control"
"Bacteria","Bacteroidota","Bacteroidia","Flavobacteriales","Flavobacteriaceae","Flavobacterium",NA,"ASV_18629",NA,"RGM_Control"
"Bacteria","Bacteroidota","Bacteroidia","Flavobacteriales","Flavobacteriaceae","Flavobacterium",NA,"ASV_18630",NA,"RGM_Control"
"Bacteria","Bacteroidota","Bacteroidia","Flavobacteriales","Flavobacteriaceae","Flavobacterium",NA,"ASV_18631",NA,"RGM_Control"
"Bacteria","Bacteroidota","Bacteroidia","Flavobacteriales","Flavobacteriaceae","Flavobacterium",NA,"ASV_18632",NA,"RGM_Control"
"Bacteria","Bacteroidota","Bacteroidia","Flavobacteriales","Flavobacteriaceae","Flavobacterium",NA,"ASV_18633",NA,"RGM_Control"
"Bacteria","Bacteroidota","Bacteroidia","Flavobacteriales","Flavobacteriaceae","Flavobacterium",NA,"ASV_18634",NA,"RGM_Control"
"Bacteria","Bacteroidota","Bacteroidia","Flavobacteriales","Flavobacteriaceae","Flavobacterium",NA,"ASV_18635",NA,"RGM_Control"
"Bacteria","Bacteroidota","Bacteroidia","Flavobacteriales","Flavobacteriaceae","Flavobacterium",NA,"ASV_18636",NA,"RGM_Control"
"Bacteria","Bacteroidota","Bacteroidia","Flavobacteriales","Flavobacteriaceae","Flavobacterium",NA,"ASV_18637",NA,"RGM_Control"
"Bacteria","Bacteroidota","Bacteroidia","Flavobacteriales","Flavobacteriaceae","Flavobacterium",NA,"ASV_18638",NA,"RGM_Control"
"Bacteria","Bacteroidota","Bacteroidia","Flavobacteriales","Flavobacteriaceae","Flavobacterium",NA,"ASV_18639",NA,"RGM_Control"
"Bacteria","Bacteroidota","Bacteroidia","Flavobacteriales","Flavobacteriaceae","Flavobacterium",NA,"ASV_18640",NA,"RGM_Control"
"Bacteria","Bacteroidota","Bacteroidia","Flavobacteriales","Flavobacteriaceae","Flavobacterium",NA,"ASV_18641",NA,"RGM_Control"
"Bacteria","Bacteroidota","Bacteroidia","Flavobacteriales","Flavobacteriaceae","Flavobacterium",NA,"ASV_18642",NA,"RGM_Control"
"Bacteria","Bacteroidota","Bacteroidia","Flavobacteriales","Flavobacteriaceae","Flavobacterium",NA,"ASV_18643",NA,"RGM_Control"
"Bacteria","Bacteroidota","Bacteroidia","Flavobacteriales","Flavobacteriaceae","Flavobacterium",NA,"ASV_18644",NA,"RGM_Control"
"Bacteria","Bacteroidota","Bacteroidia","Flavobacteriales","Flavobacteriaceae","Flavobacterium",NA,"ASV_18645",NA,"RGM_Control"
"Bacteria","Bacteroidota","Bacteroidia","Flavobacteriales","Flavobacteriaceae","Flavobacterium",NA,"ASV_18646",NA,"RGM_Control"
"Bacteria","Bacteroidota","Bacteroidia","Flavobacteriales","Flavobacteriaceae","Flavobacterium",NA,"ASV_18647",NA,"RGM_Control"
"Bacteria","Bacteroidota","Bacteroidia","Flavobacteriales","Flavobacteriaceae","Flavobacterium",NA,"ASV_18648",NA,"RGM_Control"
"Bacteria","Bacteroidota","Bacteroidia","Flavobacteriales","Flavobacteriaceae","Flavobacterium",NA,"ASV_18649",NA,"RGM_Control"
"Bacteria","Bacteroidota","Bacteroidia","Flavobacteriales","Flavobacteriaceae","Flavobacterium",NA,"ASV_18650",NA,"RGM_Control"
"Bacteria","Bacteroidota","Bacteroidia","Flavobacteriales","Flavobacteriaceae","Flavobacterium",NA,"ASV_18651",NA,"RGM_Control"
"Bacteria","Bacteroidota","Bacteroidia","Flavobacteriales","Flavobacteriaceae","Flavobacterium",NA,"ASV_18652",NA,"RGM_Control"
"Bacteria","Bacteroidota","Bacteroidia","Flavobacteriales","Flavobacteriaceae","Flavobacterium",NA,"ASV_18653",NA,"RGM_Control"
"Bacteria","Bacteroidota","Bacteroidia","Flavobacteriales","Flavobacteriaceae","Flavobacterium",NA,"ASV_18654",NA,"RGM_Control"
"Bacteria","Bacteroidota","Bacteroidia","Flavobacteriales","Flavobacteriaceae","Flavobacterium",NA,"ASV_18655",NA,"RGM_Control"
"Bacteria","Bacteroidota","Bacteroidia","Flavobacteriales","Flavobacteriaceae","Flavobacterium",NA,"ASV_18656",NA,"RGM_Control"
"Bacteria","Bacteroidota","Bacteroidia","Flavobacteriales","Flavobacteriaceae","Flavobacterium",NA,"ASV_18657",NA,"RGM_Control"
"Bacteria","Bacteroidota","Bacteroidia","Flavobacteriales","Flavobacteriaceae","Flavobacterium",NA,"ASV_18658",NA,"RGM_Control"
"Bacteria","Bacteroidota","Bacteroidia","Flavobacteriales","Flavobacteriaceae","Flavobacterium",NA,"ASV_18659",NA,"RGM_Control"
"Bacteria","Bacteroidota","Bacteroidia","Flavobacteriales","Flavobacteriaceae","Flavobacterium",NA,"ASV_18660",NA,"RGM_Control"
"Bacteria","Bacteroidota","Bacteroidia","Flavobacteriales","Flavobacteriaceae","Flavobacterium",NA,"ASV_18661",NA,"RGM_Control"
"Bacteria","Bacteroidota","Bacteroidia","Flavobacteriales","Flavobacteriaceae","Flavobacterium",NA,"ASV_18662",NA,"RGM_Control"
"Bacteria","Bacteroidota","Bacteroidia","Flavobacteriales","Flavobacteriaceae","Flavobacterium",NA,"ASV_18663",NA,"RGM_Control"
"Bacteria","Bacteroidota","Bacteroidia","Flavobacteriales","Flavobacteriaceae","Flavobacterium",NA,"ASV_18664",NA,"RGM_Control"
"Bacteria","Bacteroidota","Bacteroidia","Flavobacteriales","Flavobacteriaceae","Flavobacterium",NA,"ASV_18665",NA,"RGM_Control"
"Bacteria","Bacteroidota","Bacteroidia","Flavobacteriales","Flavobacteriaceae","Flavobacterium",NA,"ASV_18666",NA,"RGM_Control"
"Bacteria","Bacteroidota","Bacteroidia","Flavobacteriales","Flavobacteriaceae","Flavobacterium",NA,"ASV_18667",NA,"RGM_Control"
"Bacteria","Bacteroidota","Bacteroidia","Flavobacteriales","Flavobacteriaceae","Flavobacterium",NA,"ASV_18668",NA,"RGM_Control"
"Bacteria","Bacteroidota","Bacteroidia","Flavobacteriales","Flavobacteriaceae","Flavobacterium",NA,"ASV_18669",NA,"RGM_Control"
"Bacteria","Bacteroidota","Bacteroidia","Flavobacteriales","Flavobacteriaceae","Flavobacterium",NA,"ASV_18670",NA,"RGM_Control"
"Bacteria","Bacteroidota","Bacteroidia","Flavobacteriales","Flavobacteriaceae","Flavobacterium",NA,"ASV_18671",NA,"RGM_Control"
"Bacteria","Bacteroidota","Bacteroidia","Flavobacteriales","Flavobacteriaceae","Flavobacterium",NA,"ASV_18672",NA,"RGM_Control"
"Bacteria","Bacteroidota","Bacteroidia","Flavobacteriales","Flavobacteriaceae","Flavobacterium",NA,"ASV_18673",NA,"RGM_Control"
"Bacteria","Bacteroidota","Bacteroidia","Flavobacteriales","Flavobacteriaceae","Flavobacterium",NA,"ASV_18674",NA,"RGM_Control"
"Bacteria","Bacteroidota","Bacteroidia","Flavobacteriales","Flavobacteriaceae","Flavobacterium",NA,"ASV_18675",NA,"RGM_Control"
"Bacteria","Bacteroidota","Bacteroidia","Flavobacteriales","Flavobacteriaceae","Flavobacterium",NA,"ASV_18676",NA,"RGM_Control"
"Bacteria","Bacteroidota","Bacteroidia","Flavobacteriales","Flavobacteriaceae","Flavobacterium",NA,"ASV_18677",NA,"RGM_Control"
"Bacteria","Bacteroidota","Bacteroidia","Flavobacteriales","Flavobacteriaceae","Flavobacterium",NA,"ASV_18678",NA,"RGM_Control"
"Bacteria","Bacteroidota","Bacteroidia","Flavobacteriales","Flavobacteriaceae","Flavobacterium",NA,"ASV_18679",NA,"RGM_Control"
"Bacteria","Bacteroidota","Bacteroidia","Flavobacteriales","Flavobacteriaceae","Flavobacterium",NA,"ASV_18680",NA,"RGM_Control"
"Bacteria","Bacteroidota","Bacteroidia","Flavobacteriales","Flavobacteriaceae","Flavobacterium",NA,"ASV_18681",NA,"RGM_Control"
"Bacteria","Bacteroidota","Bacteroidia","Flavobacteriales","Flavobacteriaceae","Flavobacterium",NA,"ASV_18682",NA,"RGM_Control"
"Bacteria","Bacteroidota","Bacteroidia","Flavobacteriales","Flavobacteriaceae","Flavobacterium",NA,"ASV_18683",NA,"RGM_Control"
"Bacteria","Bacteroidota","Bacteroidia","Flavobacteriales","Flavobacteriaceae","Flavobacterium",NA,"ASV_18684",NA,"RGM_Control"
"Bacteria","Bacteroidota","Bacteroidia","Flavobacteriales","Flavobacteriaceae","Flavobacterium",NA,"ASV_18685",NA,"RGM_Control"
"Bacteria","Bacteroidota","Bacteroidia","Flavobacteriales","Flavobacteriaceae","Flavobacterium",NA,"ASV_18686",NA,"RGM_Control"
"Bacteria","Bacteroidota","Bacteroidia","Flavobacteriales","Flavobacteriaceae","Flavobacterium",NA,"ASV_18687",NA,"RGM_Control"
"Bacteria","Bacteroidota","Bacteroidia","Flavobacteriales","Flavobacteriaceae","Flavobacterium",NA,"ASV_18688",NA,"RGM_Control"
"Bacteria","Bacteroidota","Bacteroidia","Flavobacteriales","Flavobacteriaceae","Flavobacterium",NA,"ASV_18689",NA,"RGM_Control"
"Bacteria","Bacteroidota","Bacteroidia","Flavobacteriales","Flavobacteriaceae","Flavobacterium",NA,"ASV_18690",NA,"RGM_Control"
"Bacteria","Bacteroidota","Bacteroidia","Flavobacteriales","Flavobacteriaceae","Flavobacterium",NA,"ASV_18691",NA,"RGM_Control"
"Bacteria","Bacteroidota","Bacteroidia","Flavobacteriales","Flavobacteriaceae","Flavobacterium",NA,"ASV_18692",NA,"RGM_Control"
"Bacteria","Bacteroidota","Bacteroidia","Flavobacteriales","Flavobacteriaceae","Flavobacterium",NA,"ASV_18693",NA,"RGM_Control"
"Bacteria","Bacteroidota","Bacteroidia","Flavobacteriales","Flavobacteriaceae","Flavobacterium",NA,"ASV_18694",NA,"RGM_Control"
"Bacteria","Bacteroidota","Bacteroidia","Flavobacteriales","Flavobacteriaceae","Flavobacterium",NA,"ASV_18695",NA,"RGM_Control"
"Bacteria","Bacteroidota","Bacteroidia","Flavobacteriales","Flavobacteriaceae","Flavobacterium",NA,"ASV_18696",NA,"RGM_Control"
"Bacteria","Bacteroidota","Bacteroidia","Flavobacteriales","Flavobacteriaceae","Flavobacterium",NA,"ASV_18697",NA,"RGM_Control"
"Bacteria","Bacteroidota","Bacteroidia","Flavobacteriales","Flavobacteriaceae","Flavobacterium",NA,"ASV_18698",NA,"RGM_Control"
"Bacteria","Bacteroidota","Bacteroidia","Flavobacteriales","Flavobacteriaceae","Flavobacterium",NA,"ASV_18699",NA,"RGM_Control"
"Bacteria","Bacteroidota","Bacteroidia","Flavobacteriales","Flavobacteriaceae","Flavobacterium",NA,"ASV_18700",NA,"RGM_Control"
"Bacteria","Bacteroidota","Bacteroidia","Flavobacteriales","Flavobacteriaceae","Flavobacterium",NA,"ASV_18707",NA,"RGM_Control"
"Bacteria","Bacteroidota","Bacteroidia","Flavobacteriales","Flavobacteriaceae","Flavobacterium",NA,"ASV_18708",NA,"RGM_Control"
"Bacteria","Bacteroidota","Bacteroidia","Flavobacteriales","Flavobacteriaceae","Flavobacterium",NA,"ASV_18709",NA,"RGM_Control"
"Bacteria","Bacteroidota","Bacteroidia","Flavobacteriales","Flavobacteriaceae","Flavobacterium",NA,"ASV_18710",NA,"RGM_Control"
"Bacteria","Bacteroidota","Bacteroidia","Flavobacteriales","Flavobacteriaceae","Flavobacterium",NA,"ASV_18711",NA,"RGM_Control"
"Bacteria","Bacteroidota","Bacteroidia","Flavobacteriales","Flavobacteriaceae","Flavobacterium",NA,"ASV_18712",NA,"RGM_Control"
"Bacteria","Bacteroidota","Bacteroidia","Flavobacteriales","Flavobacteriaceae","Flavobacterium",NA,"ASV_18713",NA,"RGM_Control"
"Bacteria","Bacteroidota","Bacteroidia","Flavobacteriales","Flavobacteriaceae","Flavobacterium",NA,"ASV_18714",NA,"RGM_Control"
"Bacteria","Bacteroidota","Bacteroidia","Flavobacteriales","Flavobacteriaceae","Flavobacterium",NA,"ASV_18715",NA,"RGM_Control"
"Bacteria","Bacteroidota","Bacteroidia","Flavobacteriales","Flavobacteriaceae","Flavobacterium",NA,"ASV_18716",NA,"RGM_Control"
"Bacteria","Bacteroidota","Bacteroidia","Flavobacteriales","Flavobacteriaceae","Flavobacterium",NA,"ASV_18717",NA,"RGM_Control"
"Bacteria","Bacteroidota","Bacteroidia","Flavobacteriales","Flavobacteriaceae","Flavobacterium",NA,"ASV_18718",NA,"RGM_Control"
"Bacteria","Bacteroidota","Bacteroidia","Flavobacteriales","Flavobacteriaceae","Flavobacterium",NA,"ASV_18719",NA,"RGM_Control"
"Bacteria","Bacteroidota","Bacteroidia","Flavobacteriales","Flavobacteriaceae","Flavobacterium",NA,"ASV_18720",NA,"RGM_Control"
"Bacteria","Bacteroidota","Bacteroidia","Flavobacteriales","Flavobacteriaceae","Flavobacterium",NA,"ASV_18721",NA,"RGM_Control"
"Bacteria","Bacteroidota","Bacteroidia","Flavobacteriales","Flavobacteriaceae","Flavobacterium",NA,"ASV_18722",NA,"RGM_Control"
"Bacteria","Bacteroidota","Bacteroidia","Flavobacteriales","Flavobacteriaceae","Flavobacterium",NA,"ASV_18723",NA,"RGM_Control"
"Bacteria","Bacteroidota","Bacteroidia","Flavobacteriales","Flavobacteriaceae","Flavobacterium",NA,"ASV_18726",NA,"RGM_Control"
"Bacteria","Bacteroidota","Bacteroidia","Flavobacteriales","Flavobacteriaceae","Flavobacterium",NA,"ASV_18727",NA,"RGM_Control"
"Bacteria","Bacteroidota","Bacteroidia","Flavobacteriales","Flavobacteriaceae","Flavobacterium",NA,"ASV_18728",NA,"RGM_Control"
"Bacteria","Bacteroidota","Bacteroidia","Flavobacteriales","Flavobacteriaceae","Flavobacterium",NA,"ASV_18729",NA,"RGM_Control"
"Bacteria","Bacteroidota","Bacteroidia","Flavobacteriales","Flavobacteriaceae","Flavobacterium",NA,"ASV_18730",NA,"RGM_Control"
"Bacteria","Bacteroidota","Bacteroidia","Flavobacteriales","Flavobacteriaceae","Flavobacterium",NA,"ASV_18731",NA,"RGM_Control"
"Bacteria","Bacteroidota","Bacteroidia","Flavobacteriales","Flavobacteriaceae","Flavobacterium",NA,"ASV_18732",NA,"RGM_Control"
"Bacteria","Bacteroidota","Bacteroidia","Flavobacteriales","Flavobacteriaceae","Flavobacterium",NA,"ASV_18733",NA,"RGM_Control"
"Bacteria","Bacteroidota","Bacteroidia","Flavobacteriales","Flavobacteriaceae","Flavobacterium",NA,"ASV_18734",NA,"RGM_Control"
"Bacteria","Bacteroidota","Bacteroidia","Flavobacteriales","Flavobacteriaceae","Flavobacterium",NA,"ASV_18735",NA,"RGM_Control"
"Bacteria","Bacteroidota","Bacteroidia","Flavobacteriales","Flavobacteriaceae","Flavobacterium",NA,"ASV_18736",NA,"RGM_Control"
"Bacteria","Bacteroidota","Bacteroidia","Flavobacteriales","Flavobacteriaceae","Flavobacterium",NA,"ASV_18737",NA,"RGM_Control"
"Bacteria","Bacteroidota","Bacteroidia","Flavobacteriales","Flavobacteriaceae","Flavobacterium",NA,"ASV_18738",NA,"RGM_Control"
"Bacteria","Bacteroidota","Bacteroidia","Flavobacteriales","Flavobacteriaceae","Flavobacterium",NA,"ASV_18739",NA,"RGM_Control"
"Bacteria","Bacteroidota","Bacteroidia","Flavobacteriales","Flavobacteriaceae","Flavobacterium",NA,"ASV_18740",NA,"RGM_Control"
"Bacteria","Bacteroidota","Bacteroidia","Flavobacteriales","Flavobacteriaceae","Flavobacterium",NA,"ASV_18741",NA,"RGM_Control"
"Bacteria","Bacteroidota","Bacteroidia","Flavobacteriales","Flavobacteriaceae","Flavobacterium",NA,"ASV_18742",NA,"RGM_Control"
"Bacteria","Bacteroidota","Bacteroidia","Flavobacteriales","Flavobacteriaceae","Flavobacterium",NA,"ASV_18743",NA,"RGM_Control"
"Bacteria","Bacteroidota","Bacteroidia","Flavobacteriales","Flavobacteriaceae","Flavobacterium",NA,"ASV_18744",NA,"RGM_Control"
"Bacteria","Bacteroidota","Bacteroidia","Flavobacteriales","Flavobacteriaceae","Flavobacterium",NA,"ASV_18745",NA,"RGM_Control"
"Bacteria","Bacteroidota","Bacteroidia","Flavobacteriales","Flavobacteriaceae","Flavobacterium",NA,"ASV_18746",NA,"RGM_Control"
"Bacteria","Bacteroidota","Bacteroidia","Flavobacteriales","Flavobacteriaceae","Flavobacterium",NA,"ASV_18747",NA,"RGM_Control"
"Bacteria","Bacteroidota","Bacteroidia","Flavobacteriales","Flavobacteriaceae","Flavobacterium",NA,"ASV_18748",NA,"RGM_Control"
"Bacteria","Bacteroidota","Bacteroidia","Flavobacteriales","Flavobacteriaceae","Flavobacterium",NA,"ASV_18749",NA,"RGM_Control"
"Bacteria","Bacteroidota","Bacteroidia","Flavobacteriales","Flavobacteriaceae","Flavobacterium",NA,"ASV_18750",NA,"RGM_Control"
"Bacteria","Bacteroidota","Bacteroidia","Flavobacteriales","Flavobacteriaceae","Flavobacterium",NA,"ASV_18751",NA,"RGM_Control"
"Bacteria","Bacteroidota","Bacteroidia","Flavobacteriales","Flavobacteriaceae","Flavobacterium",NA,"ASV_18752",NA,"RGM_Control"
"Bacteria","Bacteroidota","Bacteroidia","Flavobacteriales","Flavobacteriaceae","Flavobacterium",NA,"ASV_18753",NA,"RGM_Control"
"Bacteria","Bacteroidota","Bacteroidia","Flavobacteriales","Flavobacteriaceae","Flavobacterium",NA,"ASV_18754",NA,"RGM_Control"
"Bacteria","Bacteroidota","Bacteroidia","Flavobacteriales","Flavobacteriaceae","Flavobacterium",NA,"ASV_18755",NA,"RGM_Control"
"Bacteria","Bacteroidota","Bacteroidia","Flavobacteriales","Flavobacteriaceae","Flavobacterium",NA,"ASV_18756",NA,"RGM_Control"
"Bacteria","Bacteroidota","Bacteroidia","Flavobacteriales","Flavobacteriaceae","Flavobacterium",NA,"ASV_18757",NA,"RGM_Control"
"Bacteria","Bacteroidota","Bacteroidia","Flavobacteriales","Flavobacteriaceae","Flavobacterium",NA,"ASV_18758",NA,"RGM_Control"
"Bacteria","Bacteroidota","Bacteroidia","Flavobacteriales","Flavobacteriaceae","Flavobacterium",NA,"ASV_18759",NA,"RGM_Control"
"Bacteria","Bacteroidota","Bacteroidia","Flavobacteriales","Flavobacteriaceae","Flavobacterium",NA,"ASV_18760",NA,"RGM_Control"
"Bacteria","Bacteroidota","Bacteroidia","Flavobacteriales","Flavobacteriaceae","Flavobacterium",NA,"ASV_18761",NA,"RGM_Control"
"Bacteria","Bacteroidota","Bacteroidia","Flavobacteriales","Flavobacteriaceae","Flavobacterium",NA,"ASV_18762",NA,"RGM_Control"
"Bacteria","Bacteroidota","Bacteroidia","Flavobacteriales","Flavobacteriaceae","Flavobacterium",NA,"ASV_18763",NA,"RGM_Control"
"Bacteria","Bacteroidota","Bacteroidia","Flavobacteriales","Flavobacteriaceae","Flavobacterium",NA,"ASV_18764",NA,"RGM_Control"
"Bacteria","Bacteroidota","Bacteroidia","Flavobacteriales","Flavobacteriaceae","Flavobacterium",NA,"ASV_18765",NA,"RGM_Control"
"Bacteria","Bacteroidota","Bacteroidia","Flavobacteriales","Flavobacteriaceae","Flavobacterium",NA,"ASV_18766",NA,"RGM_Control"
"Bacteria","Bacteroidota","Bacteroidia","Flavobacteriales","Flavobacteriaceae","Flavobacterium",NA,"ASV_18767",NA,"RGM_Control"
"Bacteria","Bacteroidota","Bacteroidia","Flavobacteriales","Flavobacteriaceae","Flavobacterium",NA,"ASV_18768",NA,"RGM_Control"
"Bacteria","Bacteroidota","Bacteroidia","Flavobacteriales","Flavobacteriaceae","Flavobacterium",NA,"ASV_18769",NA,"RGM_Control"
"Bacteria","Bacteroidota","Bacteroidia","Flavobacteriales","Flavobacteriaceae","Flavobacterium",NA,"ASV_18770",NA,"RGM_Control"
"Bacteria","Bacteroidota","Bacteroidia","Flavobacteriales","Flavobacteriaceae","Flavobacterium",NA,"ASV_18771",NA,"RGM_Control"
"Bacteria","Bacteroidota","Bacteroidia","Flavobacteriales","Flavobacteriaceae","Flavobacterium",NA,"ASV_18772",NA,"RGM_Control"
"Bacteria","Bacteroidota","Bacteroidia","Flavobacteriales","Flavobacteriaceae","Flavobacterium",NA,"ASV_18773",NA,"RGM_Control"
"Bacteria","Bacteroidota","Bacteroidia","Flavobacteriales","Flavobacteriaceae","Flavobacterium",NA,"ASV_18774",NA,"RGM_Control"
"Bacteria","Bacteroidota","Bacteroidia","Flavobacteriales","Flavobacteriaceae","Flavobacterium",NA,"ASV_18775",NA,"RGM_Control"
"Bacteria","Bacteroidota","Bacteroidia","Flavobacteriales","Flavobacteriaceae","Flavobacterium",NA,"ASV_18776",NA,"RGM_Control"
"Bacteria","Bacteroidota","Bacteroidia","Flavobacteriales","Flavobacteriaceae","Flavobacterium",NA,"ASV_18777",NA,"RGM_Control"
"Bacteria","Bacteroidota","Bacteroidia","Flavobacteriales","Flavobacteriaceae","Flavobacterium",NA,"ASV_18778",NA,"RGM_Control"
"Bacteria","Bacteroidota","Bacteroidia","Flavobacteriales","Flavobacteriaceae","Flavobacterium",NA,"ASV_18779",NA,"RGM_Control"
"Bacteria","Bacteroidota","Bacteroidia","Flavobacteriales","Flavobacteriaceae","Flavobacterium",NA,"ASV_18780",NA,"RGM_Control"
"Bacteria","Bacteroidota","Bacteroidia","Flavobacteriales","Flavobacteriaceae","Flavobacterium",NA,"ASV_18781",NA,"RGM_Control"
"Bacteria","Bacteroidota","Bacteroidia","Flavobacteriales","Flavobacteriaceae","Flavobacterium",NA,"ASV_18782",NA,"RGM_Control"
"Bacteria","Bacteroidota","Bacteroidia","Flavobacteriales","Flavobacteriaceae","Flavobacterium",NA,"ASV_18783",NA,"RGM_Control"
"Bacteria","Bacteroidota","Bacteroidia","Flavobacteriales","Flavobacteriaceae","Flavobacterium",NA,"ASV_18784",NA,"RGM_Control"
"Bacteria","Bacteroidota","Bacteroidia","Flavobacteriales","Flavobacteriaceae","Flavobacterium",NA,"ASV_18785",NA,"RGM_Control"
"Bacteria","Bacteroidota","Bacteroidia","Flavobacteriales","Flavobacteriaceae","Flavobacterium",NA,"ASV_18786",NA,"RGM_Control"
"Bacteria","Bacteroidota","Bacteroidia","Flavobacteriales","Flavobacteriaceae","Flavobacterium",NA,"ASV_18787",NA,"RGM_Control"
"Bacteria","Bacteroidota","Bacteroidia","Flavobacteriales","Flavobacteriaceae","Flavobacterium",NA,"ASV_18788",NA,"RGM_Control"
"Bacteria","Bacteroidota","Bacteroidia","Flavobacteriales","Flavobacteriaceae","Flavobacterium",NA,"ASV_18789",NA,"RGM_Control"
"Bacteria","Bacteroidota","Bacteroidia","Flavobacteriales","Flavobacteriaceae","Flavobacterium",NA,"ASV_18790",NA,"RGM_Control"
"Bacteria","Bacteroidota","Bacteroidia","Flavobacteriales","Flavobacteriaceae","Flavobacterium",NA,"ASV_18791",NA,"RGM_Control"
"Bacteria","Bacteroidota","Bacteroidia","Flavobacteriales","Flavobacteriaceae","Flavobacterium",NA,"ASV_18792",NA,"RGM_Control"
"Bacteria","Bacteroidota","Bacteroidia","Flavobacteriales","Flavobacteriaceae","Flavobacterium",NA,"ASV_18793",NA,"RGM_Control"
"Bacteria","Bacteroidota","Bacteroidia","Sphingobacteriales","Sphingobacteriaceae","Pedobacter",NA,"ASV_20456",NA,"RGM_Control"
"Bacteria","Bacteroidota","Bacteroidia","Sphingobacteriales","Sphingobacteriaceae","Pedobacter",NA,"ASV_20457",NA,"RGM_Control"
"Bacteria","Bacteroidota","Bacteroidia","Sphingobacteriales","Sphingobacteriaceae","Pedobacter",NA,"ASV_20543",NA,"RGM_Control"
"Bacteria","Bacteroidota","Bacteroidia","Sphingobacteriales","Sphingobacteriaceae","Pedobacter",NA,"ASV_20544",NA,"RGM_Control"
"Bacteria","Bacteroidota","Bacteroidia","Sphingobacteriales","Sphingobacteriaceae","Pedobacter",NA,"ASV_20546",NA,"RGM_Control"
"Bacteria","Bacteroidota","Bacteroidia","Sphingobacteriales","Sphingobacteriaceae","Pedobacter",NA,"ASV_20548",NA,"RGM_Control"
"Bacteria","Bacteroidota","Bacteroidia","Sphingobacteriales","Sphingobacteriaceae","Pedobacter",NA,"ASV_20552",NA,"RGM_Control"
"Bacteria","Bacteroidota","Bacteroidia","Sphingobacteriales","Sphingobacteriaceae","Pedobacter",NA,"ASV_20565",NA,"RGM_Control"
"Bacteria","Bacteroidota","Bacteroidia","Sphingobacteriales","Sphingobacteriaceae","Pedobacter",NA,"ASV_20566",NA,"RGM_Control"
"Bacteria","Bacteroidota","Bacteroidia","Sphingobacteriales","Sphingobacteriaceae","Pedobacter",NA,"ASV_20567",NA,"RGM_Control"
"Bacteria","Bacteroidota","Bacteroidia","Sphingobacteriales","Sphingobacteriaceae","Pedobacter",NA,"ASV_20568",NA,"RGM_Control"
"Bacteria","Bacteroidota","Bacteroidia","Sphingobacteriales","Sphingobacteriaceae","Pedobacter",NA,"ASV_20595",NA,"RGM_Control"
"Bacteria","Bacteroidota","Bacteroidia","Sphingobacteriales","Sphingobacteriaceae","Pedobacter",NA,"ASV_20596",NA,"RGM_Control"
"Bacteria","Bacteroidota","Bacteroidia","Sphingobacteriales","Sphingobacteriaceae","Pedobacter",NA,"ASV_20607",NA,"RGM_Control"
"Bacteria","Bacteroidota","Bacteroidia","Sphingobacteriales","Sphingobacteriaceae","Pedobacter",NA,"ASV_20609",NA,"RGM_Control"
"Bacteria","Bacteroidota","Bacteroidia","Sphingobacteriales","Sphingobacteriaceae","Pedobacter",NA,"ASV_20610",NA,"RGM_Control"
"Bacteria","Bacteroidota","Bacteroidia","Sphingobacteriales","Sphingobacteriaceae","Pedobacter",NA,"ASV_20611",NA,"RGM_Control"
"Bacteria","Bacteroidota","Bacteroidia","Sphingobacteriales","Sphingobacteriaceae","Pedobacter",NA,"ASV_20612",NA,"RGM_Control"
"Bacteria","Bacteroidota","Bacteroidia","Sphingobacteriales","Sphingobacteriaceae","Pedobacter",NA,"ASV_20613",NA,"RGM_Control"
"Bacteria","Bacteroidota","Bacteroidia","Sphingobacteriales","Sphingobacteriaceae","Pedobacter",NA,"ASV_20614",NA,"RGM_Control"
"Bacteria","Bacteroidota","Bacteroidia","Sphingobacteriales","Sphingobacteriaceae","Pedobacter",NA,"ASV_20615",NA,"RGM_Control"
"Bacteria","Bacteroidota","Bacteroidia","Sphingobacteriales","Sphingobacteriaceae","Pedobacter",NA,"ASV_20616",NA,"RGM_Control"
"Bacteria","Bacteroidota","Bacteroidia","Sphingobacteriales","Sphingobacteriaceae","Pedobacter",NA,"ASV_20618",NA,"RGM_Control"
"Bacteria","Bacteroidota","Bacteroidia","Sphingobacteriales","Sphingobacteriaceae","Pedobacter",NA,"ASV_20619",NA,"RGM_Control"
"Bacteria","Bacteroidota","Bacteroidia","Sphingobacteriales","Sphingobacteriaceae","Pedobacter",NA,"ASV_20620",NA,"RGM_Control"
"Bacteria","Bacteroidota","Bacteroidia","Sphingobacteriales","Sphingobacteriaceae","Pedobacter",NA,"ASV_20621",NA,"RGM_Control"
"Bacteria","Bacteroidota","Bacteroidia","Sphingobacteriales","Sphingobacteriaceae","Pedobacter",NA,"ASV_20622",NA,"RGM_Control"
"Bacteria","Bacteroidota","Bacteroidia","Sphingobacteriales","Sphingobacteriaceae","Pedobacter",NA,"ASV_20624",NA,"RGM_Control"
"Bacteria","Bacteroidota","Bacteroidia","Sphingobacteriales","Sphingobacteriaceae","Pedobacter",NA,"ASV_20625",NA,"RGM_Control"
"Bacteria","Bacteroidota","Bacteroidia","Sphingobacteriales","Sphingobacteriaceae","Pedobacter",NA,"ASV_20626",NA,"RGM_Control"
"Bacteria","Bacteroidota","Bacteroidia","Sphingobacteriales","Sphingobacteriaceae","Pedobacter",NA,"ASV_20629",NA,"RGM_Control"
"Bacteria","Bacteroidota","Bacteroidia","Sphingobacteriales","Sphingobacteriaceae","Pedobacter",NA,"ASV_20635",NA,"RGM_Control"
"Bacteria","Bacteroidota","Bacteroidia","Sphingobacteriales","Sphingobacteriaceae","Pedobacter",NA,"ASV_20636",NA,"RGM_Control"
"Bacteria","Bacteroidota","Bacteroidia","Sphingobacteriales","Sphingobacteriaceae","Pedobacter",NA,"ASV_20637",NA,"RGM_Control"
"Bacteria","Bacteroidota","Bacteroidia","Sphingobacteriales","Sphingobacteriaceae","Pedobacter",NA,"ASV_20638",NA,"RGM_Control"
"Bacteria","Bacteroidota","Bacteroidia","Sphingobacteriales","Sphingobacteriaceae","Pedobacter",NA,"ASV_20639",NA,"RGM_Control"
"Bacteria","Bacteroidota","Bacteroidia","Sphingobacteriales","Sphingobacteriaceae","Pedobacter",NA,"ASV_20645",NA,"RGM_Control"
"Bacteria","Bacteroidota","Bacteroidia","Sphingobacteriales","Sphingobacteriaceae","Pedobacter",NA,"ASV_20646",NA,"RGM_Control"
"Bacteria","Bacteroidota","Bacteroidia","Sphingobacteriales","Sphingobacteriaceae","Pedobacter",NA,"ASV_20647",NA,"RGM_Control"
"Bacteria","Bacteroidota","Bacteroidia","Sphingobacteriales","Sphingobacteriaceae","Pedobacter",NA,"ASV_20652",NA,"RGM_Control"
"Bacteria","Bacteroidota","Bacteroidia","Sphingobacteriales","Sphingobacteriaceae","Pedobacter",NA,"ASV_20703",NA,"RGM_Control"
"Bacteria","Bacteroidota","Bacteroidia","Sphingobacteriales","Sphingobacteriaceae","Pedobacter",NA,"ASV_20705",NA,"RGM_Control"
"Bacteria","Bacteroidota","Bacteroidia","Sphingobacteriales","Sphingobacteriaceae","Pedobacter",NA,"ASV_20706",NA,"RGM_Control"
"Bacteria","Bacteroidota","Bacteroidia","Sphingobacteriales","Sphingobacteriaceae","Pedobacter",NA,"ASV_20707",NA,"RGM_Control"
"Bacteria","Bacteroidota","Bacteroidia","Sphingobacteriales","Sphingobacteriaceae","Pedobacter",NA,"ASV_20708",NA,"RGM_Control"
"Bacteria","Bacteroidota","Bacteroidia","Sphingobacteriales","Sphingobacteriaceae","Pedobacter",NA,"ASV_20710",NA,"RGM_Control"
"Bacteria","Bacteroidota","Bacteroidia","Sphingobacteriales","Sphingobacteriaceae","Pedobacter",NA,"ASV_20711",NA,"RGM_Control"
"Bacteria","Bacteroidota","Bacteroidia","Sphingobacteriales","Sphingobacteriaceae","Pedobacter",NA,"ASV_20713",NA,"RGM_Control"
"Bacteria","Bacteroidota","Bacteroidia","Sphingobacteriales","Sphingobacteriaceae","Pedobacter",NA,"ASV_20716",NA,"RGM_Control"
"Bacteria","Fibrobacterota","Chitinivibrionia","Incertae_Sedis","Incertae_Sedis","Incertae_Sedis",NA,"ASV_21724",NA,"RGM_Control"
"Bacteria","Fibrobacterota","Chitinivibrionia","Incertae_Sedis","Incertae_Sedis","Incertae_Sedis",NA,"ASV_21725",NA,"RGM_Control"
"Bacteria","Fibrobacterota","Chitinivibrionia","Incertae_Sedis","Incertae_Sedis","Incertae_Sedis",NA,"ASV_21726",NA,"RGM_Control"
"Bacteria","Fibrobacterota","Chitinivibrionia","Incertae_Sedis","Incertae_Sedis","Incertae_Sedis",NA,"ASV_21727",NA,"RGM_Control"
"Bacteria","Fibrobacterota","Chitinivibrionia","Incertae_Sedis","Incertae_Sedis","Incertae_Sedis",NA,"ASV_21728",NA,"RGM_Control"
"Bacteria","Bacteroidota","Bacteroidia","Sphingobacteriales","Sphingobacteriaceae","Pedobacter",NA,"ASV_478",NA,"LIA_Latrine"
"Bacteria","Fibrobacterota","Fibrobacteria","Fibrobacterales","Fibrobacteraceae","possible_genus_04",NA,"ASV_1357",NA,"LIA_Latrine"
"Bacteria","Fibrobacterota","Fibrobacteria","Fibrobacterales","Fibrobacteraceae","possible_genus_04",NA,"ASV_1358",NA,"LIA_Latrine"
"Bacteria","Fibrobacterota","Fibrobacteria","Fibrobacterales","Fibrobacteraceae","possible_genus_04",NA,"ASV_1359",NA,"LIA_Latrine"
"Bacteria","Fibrobacterota","Fibrobacteria","Fibrobacterales","Fibrobacteraceae","possible_genus_04",NA,"ASV_1360",NA,"LIA_Latrine"
"Bacteria","Fibrobacterota","Fibrobacteria","Fibrobacterales","Fibrobacteraceae","possible_genus_04",NA,"ASV_1361",NA,"LIA_Latrine"
"Bacteria","Fibrobacterota","Fibrobacteria","Fibrobacterales","Fibrobacteraceae","possible_genus_04",NA,"ASV_1362",NA,"LIA_Latrine"
"Bacteria","Fibrobacterota","Fibrobacteria","Fibrobacterales","Fibrobacteraceae","possible_genus_04",NA,"ASV_1363",NA,"LIA_Latrine"
"Bacteria","Fibrobacterota","Fibrobacteria","Fibrobacterales","Fibrobacteraceae","possible_genus_04",NA,"ASV_1364",NA,"LIA_Latrine"
"Bacteria","Fibrobacterota","Fibrobacteria","Fibrobacterales","Fibrobacteraceae","possible_genus_04",NA,"ASV_1365",NA,"LIA_Latrine"
"Bacteria","Fibrobacterota","Fibrobacteria","Fibrobacterales","Fibrobacteraceae","possible_genus_04",NA,"ASV_1366",NA,"LIA_Latrine"
"Bacteria","Fibrobacterota","Fibrobacteria","Fibrobacterales","Fibrobacteraceae","possible_genus_04",NA,"ASV_1367",NA,"LIA_Latrine"
"Bacteria","Fibrobacterota","Fibrobacteria","Fibrobacterales","Fibrobacteraceae","possible_genus_04",NA,"ASV_1368",NA,"LIA_Latrine"
"Bacteria","Fibrobacterota","Fibrobacteria","Fibrobacterales","Fibrobacteraceae","possible_genus_04",NA,"ASV_1369",NA,"LIA_Latrine"
"Bacteria","Fibrobacterota","Fibrobacteria","Fibrobacterales","Fibrobacteraceae","possible_genus_04",NA,"ASV_1370",NA,"LIA_Latrine"
"Bacteria","Fibrobacterota","Fibrobacteria","Fibrobacterales","Fibrobacteraceae","possible_genus_04",NA,"ASV_1371",NA,"LIA_Latrine"
"Bacteria","Fibrobacterota","Fibrobacteria","Fibrobacterales","Fibrobacteraceae","possible_genus_04",NA,"ASV_1372",NA,"LIA_Latrine"
"Bacteria","Fibrobacterota","Fibrobacteria","Fibrobacterales","Fibrobacteraceae","possible_genus_04",NA,"ASV_1373",NA,"LIA_Latrine"
"Bacteria","Fibrobacterota","Fibrobacteria","Fibrobacterales","Fibrobacteraceae","possible_genus_04",NA,"ASV_1374",NA,"LIA_Latrine"
"Bacteria","Fibrobacterota","Fibrobacteria","Fibrobacterales","Fibrobacteraceae","possible_genus_04",NA,"ASV_1375",NA,"LIA_Latrine"
"Bacteria","Fibrobacterota","Fibrobacteria","Fibrobacterales","Fibrobacteraceae","possible_genus_04",NA,"ASV_1376",NA,"LIA_Latrine"
"Bacteria","Fibrobacterota","Fibrobacteria","Fibrobacterales","Fibrobacteraceae","possible_genus_04",NA,"ASV_1377",NA,"LIA_Latrine"
"Bacteria","Fibrobacterota","Fibrobacteria","Fibrobacterales","Fibrobacteraceae","possible_genus_04",NA,"ASV_1378",NA,"LIA_Latrine"
"Bacteria","Fibrobacterota","Fibrobacteria","Fibrobacterales","Fibrobacteraceae","possible_genus_04",NA,"ASV_1379",NA,"LIA_Latrine"
"Bacteria","Fibrobacterota","Fibrobacteria","Fibrobacterales","Fibrobacteraceae","possible_genus_04",NA,"ASV_1380",NA,"LIA_Latrine"
"Bacteria","Fibrobacterota","Fibrobacteria","Fibrobacterales","Fibrobacteraceae","possible_genus_04",NA,"ASV_1381",NA,"LIA_Latrine"
"Bacteria","Fibrobacterota","Fibrobacteria","Fibrobacterales","Fibrobacteraceae","possible_genus_04",NA,"ASV_1382",NA,"LIA_Latrine"
"Bacteria","Fibrobacterota","Fibrobacteria","Fibrobacterales","Fibrobacteraceae","possible_genus_04",NA,"ASV_1383",NA,"LIA_Latrine"
"Bacteria","Fibrobacterota","Fibrobacteria","Fibrobacterales","Fibrobacteraceae","possible_genus_04",NA,"ASV_1384",NA,"LIA_Latrine"
"Bacteria","Fibrobacterota","Fibrobacteria","Fibrobacterales","Fibrobacteraceae","possible_genus_04",NA,"ASV_1385",NA,"LIA_Latrine"
"Bacteria","Fibrobacterota","Fibrobacteria","Fibrobacterales","Fibrobacteraceae","possible_genus_04",NA,"ASV_1386",NA,"LIA_Latrine"
"Bacteria","Fibrobacterota","Fibrobacteria","Fibrobacterales","Fibrobacteraceae","possible_genus_04",NA,"ASV_1387",NA,"LIA_Latrine"
"Bacteria","Fibrobacterota","Fibrobacteria","Fibrobacterales","Fibrobacteraceae","possible_genus_04",NA,"ASV_1388",NA,"LIA_Latrine"
"Bacteria","Fibrobacterota","Fibrobacteria","Fibrobacterales","Fibrobacteraceae","possible_genus_04",NA,"ASV_1389",NA,"LIA_Latrine"
"Bacteria","Fibrobacterota","Fibrobacteria","Fibrobacterales","Fibrobacteraceae","possible_genus_04",NA,"ASV_1390",NA,"LIA_Latrine"
"Bacteria","Fibrobacterota","Fibrobacteria","Fibrobacterales","Fibrobacteraceae","possible_genus_04",NA,"ASV_1391",NA,"LIA_Latrine"
"Bacteria","Fibrobacterota","Fibrobacteria","Fibrobacterales","Fibrobacteraceae","possible_genus_04",NA,"ASV_1392",NA,"LIA_Latrine"
"Bacteria","Fibrobacterota","Fibrobacteria","Fibrobacterales","Fibrobacteraceae","possible_genus_04",NA,"ASV_1393",NA,"LIA_Latrine"
"Bacteria","Fibrobacterota","Fibrobacteria","Fibrobacterales","Fibrobacteraceae","possible_genus_04",NA,"ASV_1394",NA,"LIA_Latrine"
"Bacteria","Fibrobacterota","Fibrobacteria","Fibrobacterales","Fibrobacteraceae","possible_genus_04",NA,"ASV_1395",NA,"LIA_Latrine"
"Bacteria","Fibrobacterota","Fibrobacteria","Fibrobacterales","Fibrobacteraceae","Incertae_Sedis",NA,"ASV_1396",NA,"LIA_Latrine"
"Bacteria","Fibrobacterota","Fibrobacteria","Fibrobacterales","Fibrobacteraceae","Incertae_Sedis",NA,"ASV_1397",NA,"LIA_Latrine"
"Bacteria","Fibrobacterota","Fibrobacteria","Fibrobacterales","Fibrobacteraceae","Incertae_Sedis",NA,"ASV_1398",NA,"LIA_Latrine"
"Bacteria","Fibrobacterota","Fibrobacteria","Fibrobacterales","Fibrobacteraceae","Incertae_Sedis",NA,"ASV_1399",NA,"LIA_Latrine"
"Bacteria","Fibrobacterota","Fibrobacteria","Fibrobacterales","Fibrobacteraceae","Incertae_Sedis",NA,"ASV_1400",NA,"LIA_Latrine"
"Bacteria","Fibrobacterota","Fibrobacteria","Fibrobacterales","Fibrobacteraceae","Incertae_Sedis",NA,"ASV_1401",NA,"LIA_Latrine"
"Bacteria","Fibrobacterota","Fibrobacteria","Fibrobacterales","Fibrobacteraceae","Incertae_Sedis",NA,"ASV_1402",NA,"LIA_Latrine"
"Bacteria","Fibrobacterota","Fibrobacteria","Fibrobacterales","Fibrobacteraceae","Incertae_Sedis",NA,"ASV_1403",NA,"LIA_Latrine"
"Bacteria","Fibrobacterota","Fibrobacteria","Fibrobacterales","Fibrobacteraceae","Incertae_Sedis",NA,"ASV_1404",NA,"LIA_Latrine"
"Bacteria","Fibrobacterota","Fibrobacteria","Fibrobacterales","Fibrobacteraceae","Incertae_Sedis",NA,"ASV_1405",NA,"LIA_Latrine"
"Bacteria","Fibrobacterota","Fibrobacteria","Fibrobacterales","Fibrobacteraceae","Incertae_Sedis",NA,"ASV_1406",NA,"LIA_Latrine"
"Bacteria","Fibrobacterota","Fibrobacteria","Fibrobacterales","Fibrobacteraceae","Incertae_Sedis",NA,"ASV_1407",NA,"LIA_Latrine"
"Bacteria","Fibrobacterota","Fibrobacteria","Fibrobacterales","Fibrobacteraceae","Incertae_Sedis",NA,"ASV_1408",NA,"LIA_Latrine"
"Bacteria","Fibrobacterota","Fibrobacteria","Fibrobacterales","Fibrobacteraceae","Incertae_Sedis",NA,"ASV_1409",NA,"LIA_Latrine"
"Bacteria","Fibrobacterota","Fibrobacteria","Fibrobacterales","Fibrobacteraceae","Incertae_Sedis",NA,"ASV_1410",NA,"LIA_Latrine"
"Bacteria","Fibrobacterota","Fibrobacteria","Fibrobacterales","Fibrobacteraceae","Incertae_Sedis",NA,"ASV_1411",NA,"LIA_Latrine"
"Bacteria","Fibrobacterota","Fibrobacteria","Fibrobacterales","Fibrobacteraceae","Incertae_Sedis",NA,"ASV_1412",NA,"LIA_Latrine"
"Bacteria","Fibrobacterota","Fibrobacteria","Fibrobacterales","Fibrobacteraceae","Incertae_Sedis",NA,"ASV_1413",NA,"LIA_Latrine"
"Bacteria","Fibrobacterota","Fibrobacteria","Fibrobacterales","Fibrobacteraceae","Incertae_Sedis",NA,"ASV_1414",NA,"LIA_Latrine"
"Bacteria","Fibrobacterota","Fibrobacteria","Fibrobacterales","Fibrobacteraceae","Incertae_Sedis",NA,"ASV_1415",NA,"LIA_Latrine"
"Bacteria","Fibrobacterota","Fibrobacteria","Fibrobacterales","Fibrobacteraceae","Incertae_Sedis",NA,"ASV_1416",NA,"LIA_Latrine"
"Bacteria","Fibrobacterota","Fibrobacteria","Fibrobacterales","Fibrobacteraceae","Incertae_Sedis",NA,"ASV_1417",NA,"LIA_Latrine"
"Bacteria","Fibrobacterota","Fibrobacteria","Fibrobacterales","Fibrobacteraceae","Incertae_Sedis",NA,"ASV_1418",NA,"LIA_Latrine"
"Bacteria","Fibrobacterota","Fibrobacteria","Fibrobacterales","Fibrobacteraceae","Incertae_Sedis",NA,"ASV_1419",NA,"LIA_Latrine"
"Bacteria","Fibrobacterota","Fibrobacteria","Fibrobacterales","Fibrobacteraceae","Incertae_Sedis",NA,"ASV_1420",NA,"LIA_Latrine"
"Bacteria","Fibrobacterota","Fibrobacteria","Fibrobacterales","Fibrobacteraceae","Incertae_Sedis",NA,"ASV_1421",NA,"LIA_Latrine"
"Bacteria","Bacteroidota","Bacteroidia","Flavobacteriales","Flavobacteriaceae","Flavobacterium",NA,"ASV_18603",NA,"LIA_Latrine"
"Bacteria","Bacteroidota","Bacteroidia","Flavobacteriales","Flavobacteriaceae","Flavobacterium",NA,"ASV_18604",NA,"LIA_Latrine"
"Bacteria","Bacteroidota","Bacteroidia","Flavobacteriales","Flavobacteriaceae","Flavobacterium",NA,"ASV_18605",NA,"LIA_Latrine"
"Bacteria","Bacteroidota","Bacteroidia","Flavobacteriales","Flavobacteriaceae","Flavobacterium",NA,"ASV_18606",NA,"LIA_Latrine"
"Bacteria","Bacteroidota","Bacteroidia","Flavobacteriales","Flavobacteriaceae","Flavobacterium",NA,"ASV_18607",NA,"LIA_Latrine"
"Bacteria","Bacteroidota","Bacteroidia","Flavobacteriales","Flavobacteriaceae","Flavobacterium",NA,"ASV_18608",NA,"LIA_Latrine"
"Bacteria","Bacteroidota","Bacteroidia","Flavobacteriales","Flavobacteriaceae","Flavobacterium",NA,"ASV_18609",NA,"LIA_Latrine"
"Bacteria","Bacteroidota","Bacteroidia","Flavobacteriales","Flavobacteriaceae","Flavobacterium",NA,"ASV_18610",NA,"LIA_Latrine"
"Bacteria","Bacteroidota","Bacteroidia","Flavobacteriales","Flavobacteriaceae","Flavobacterium",NA,"ASV_18611",NA,"LIA_Latrine"
"Bacteria","Bacteroidota","Bacteroidia","Flavobacteriales","Flavobacteriaceae","Flavobacterium",NA,"ASV_18612",NA,"LIA_Latrine"
"Bacteria","Bacteroidota","Bacteroidia","Flavobacteriales","Flavobacteriaceae","Flavobacterium",NA,"ASV_18613",NA,"LIA_Latrine"
"Bacteria","Bacteroidota","Bacteroidia","Flavobacteriales","Flavobacteriaceae","Flavobacterium",NA,"ASV_18614",NA,"LIA_Latrine"
"Bacteria","Bacteroidota","Bacteroidia","Flavobacteriales","Flavobacteriaceae","Flavobacterium",NA,"ASV_18615",NA,"LIA_Latrine"
"Bacteria","Bacteroidota","Bacteroidia","Flavobacteriales","Flavobacteriaceae","Flavobacterium",NA,"ASV_18616",NA,"LIA_Latrine"
"Bacteria","Bacteroidota","Bacteroidia","Flavobacteriales","Flavobacteriaceae","Flavobacterium",NA,"ASV_18617",NA,"LIA_Latrine"
"Bacteria","Bacteroidota","Bacteroidia","Flavobacteriales","Flavobacteriaceae","Flavobacterium",NA,"ASV_18618",NA,"LIA_Latrine"
"Bacteria","Bacteroidota","Bacteroidia","Flavobacteriales","Flavobacteriaceae","Flavobacterium",NA,"ASV_18619",NA,"LIA_Latrine"
"Bacteria","Bacteroidota","Bacteroidia","Flavobacteriales","Flavobacteriaceae","Flavobacterium",NA,"ASV_18620",NA,"LIA_Latrine"
"Bacteria","Bacteroidota","Bacteroidia","Flavobacteriales","Flavobacteriaceae","Flavobacterium",NA,"ASV_18621",NA,"LIA_Latrine"
"Bacteria","Bacteroidota","Bacteroidia","Flavobacteriales","Flavobacteriaceae","Flavobacterium",NA,"ASV_18622",NA,"LIA_Latrine"
"Bacteria","Bacteroidota","Bacteroidia","Flavobacteriales","Flavobacteriaceae","Flavobacterium",NA,"ASV_18623",NA,"LIA_Latrine"
"Bacteria","Bacteroidota","Bacteroidia","Flavobacteriales","Flavobacteriaceae","Flavobacterium",NA,"ASV_18624",NA,"LIA_Latrine"
"Bacteria","Bacteroidota","Bacteroidia","Flavobacteriales","Flavobacteriaceae","Flavobacterium",NA,"ASV_18625",NA,"LIA_Latrine"
"Bacteria","Bacteroidota","Bacteroidia","Flavobacteriales","Flavobacteriaceae","Flavobacterium",NA,"ASV_18626",NA,"LIA_Latrine"
"Bacteria","Bacteroidota","Bacteroidia","Flavobacteriales","Flavobacteriaceae","Flavobacterium",NA,"ASV_18627",NA,"LIA_Latrine"
"Bacteria","Bacteroidota","Bacteroidia","Flavobacteriales","Flavobacteriaceae","Flavobacterium",NA,"ASV_18628",NA,"LIA_Latrine"
"Bacteria","Bacteroidota","Bacteroidia","Flavobacteriales","Flavobacteriaceae","Flavobacterium",NA,"ASV_18629",NA,"LIA_Latrine"
"Bacteria","Bacteroidota","Bacteroidia","Flavobacteriales","Flavobacteriaceae","Flavobacterium",NA,"ASV_18630",NA,"LIA_Latrine"
"Bacteria","Bacteroidota","Bacteroidia","Flavobacteriales","Flavobacteriaceae","Flavobacterium",NA,"ASV_18631",NA,"LIA_Latrine"
"Bacteria","Bacteroidota","Bacteroidia","Flavobacteriales","Flavobacteriaceae","Flavobacterium",NA,"ASV_18632",NA,"LIA_Latrine"
"Bacteria","Bacteroidota","Bacteroidia","Flavobacteriales","Flavobacteriaceae","Flavobacterium",NA,"ASV_18633",NA,"LIA_Latrine"
"Bacteria","Bacteroidota","Bacteroidia","Flavobacteriales","Flavobacteriaceae","Flavobacterium",NA,"ASV_18634",NA,"LIA_Latrine"
"Bacteria","Bacteroidota","Bacteroidia","Flavobacteriales","Flavobacteriaceae","Flavobacterium",NA,"ASV_18635",NA,"LIA_Latrine"
"Bacteria","Bacteroidota","Bacteroidia","Flavobacteriales","Flavobacteriaceae","Flavobacterium",NA,"ASV_18636",NA,"LIA_Latrine"
"Bacteria","Bacteroidota","Bacteroidia","Flavobacteriales","Flavobacteriaceae","Flavobacterium",NA,"ASV_18637",NA,"LIA_Latrine"
"Bacteria","Bacteroidota","Bacteroidia","Flavobacteriales","Flavobacteriaceae","Flavobacterium",NA,"ASV_18638",NA,"LIA_Latrine"
"Bacteria","Bacteroidota","Bacteroidia","Flavobacteriales","Flavobacteriaceae","Flavobacterium",NA,"ASV_18639",NA,"LIA_Latrine"
"Bacteria","Bacteroidota","Bacteroidia","Flavobacteriales","Flavobacteriaceae","Flavobacterium",NA,"ASV_18640",NA,"LIA_Latrine"
"Bacteria","Bacteroidota","Bacteroidia","Flavobacteriales","Flavobacteriaceae","Flavobacterium",NA,"ASV_18641",NA,"LIA_Latrine"
"Bacteria","Bacteroidota","Bacteroidia","Flavobacteriales","Flavobacteriaceae","Flavobacterium",NA,"ASV_18642",NA,"LIA_Latrine"
"Bacteria","Bacteroidota","Bacteroidia","Flavobacteriales","Flavobacteriaceae","Flavobacterium",NA,"ASV_18643",NA,"LIA_Latrine"
"Bacteria","Bacteroidota","Bacteroidia","Flavobacteriales","Flavobacteriaceae","Flavobacterium",NA,"ASV_18644",NA,"LIA_Latrine"
"Bacteria","Bacteroidota","Bacteroidia","Flavobacteriales","Flavobacteriaceae","Flavobacterium",NA,"ASV_18645",NA,"LIA_Latrine"
"Bacteria","Bacteroidota","Bacteroidia","Flavobacteriales","Flavobacteriaceae","Flavobacterium",NA,"ASV_18646",NA,"LIA_Latrine"
"Bacteria","Bacteroidota","Bacteroidia","Flavobacteriales","Flavobacteriaceae","Flavobacterium",NA,"ASV_18647",NA,"LIA_Latrine"
"Bacteria","Bacteroidota","Bacteroidia","Flavobacteriales","Flavobacteriaceae","Flavobacterium",NA,"ASV_18648",NA,"LIA_Latrine"
"Bacteria","Bacteroidota","Bacteroidia","Flavobacteriales","Flavobacteriaceae","Flavobacterium",NA,"ASV_18649",NA,"LIA_Latrine"
"Bacteria","Bacteroidota","Bacteroidia","Flavobacteriales","Flavobacteriaceae","Flavobacterium",NA,"ASV_18650",NA,"LIA_Latrine"
"Bacteria","Bacteroidota","Bacteroidia","Flavobacteriales","Flavobacteriaceae","Flavobacterium",NA,"ASV_18651",NA,"LIA_Latrine"
"Bacteria","Bacteroidota","Bacteroidia","Flavobacteriales","Flavobacteriaceae","Flavobacterium",NA,"ASV_18652",NA,"LIA_Latrine"
"Bacteria","Bacteroidota","Bacteroidia","Flavobacteriales","Flavobacteriaceae","Flavobacterium",NA,"ASV_18653",NA,"LIA_Latrine"
"Bacteria","Bacteroidota","Bacteroidia","Flavobacteriales","Flavobacteriaceae","Flavobacterium",NA,"ASV_18654",NA,"LIA_Latrine"
"Bacteria","Bacteroidota","Bacteroidia","Flavobacteriales","Flavobacteriaceae","Flavobacterium",NA,"ASV_18655",NA,"LIA_Latrine"
"Bacteria","Bacteroidota","Bacteroidia","Flavobacteriales","Flavobacteriaceae","Flavobacterium",NA,"ASV_18656",NA,"LIA_Latrine"
"Bacteria","Bacteroidota","Bacteroidia","Flavobacteriales","Flavobacteriaceae","Flavobacterium",NA,"ASV_18657",NA,"LIA_Latrine"
"Bacteria","Bacteroidota","Bacteroidia","Flavobacteriales","Flavobacteriaceae","Flavobacterium",NA,"ASV_18658",NA,"LIA_Latrine"
"Bacteria","Bacteroidota","Bacteroidia","Flavobacteriales","Flavobacteriaceae","Flavobacterium",NA,"ASV_18659",NA,"LIA_Latrine"
"Bacteria","Bacteroidota","Bacteroidia","Flavobacteriales","Flavobacteriaceae","Flavobacterium",NA,"ASV_18660",NA,"LIA_Latrine"
"Bacteria","Bacteroidota","Bacteroidia","Flavobacteriales","Flavobacteriaceae","Flavobacterium",NA,"ASV_18661",NA,"LIA_Latrine"
"Bacteria","Bacteroidota","Bacteroidia","Flavobacteriales","Flavobacteriaceae","Flavobacterium",NA,"ASV_18662",NA,"LIA_Latrine"
"Bacteria","Bacteroidota","Bacteroidia","Flavobacteriales","Flavobacteriaceae","Flavobacterium",NA,"ASV_18663",NA,"LIA_Latrine"
"Bacteria","Bacteroidota","Bacteroidia","Flavobacteriales","Flavobacteriaceae","Flavobacterium",NA,"ASV_18664",NA,"LIA_Latrine"
"Bacteria","Bacteroidota","Bacteroidia","Flavobacteriales","Flavobacteriaceae","Flavobacterium",NA,"ASV_18665",NA,"LIA_Latrine"
"Bacteria","Bacteroidota","Bacteroidia","Flavobacteriales","Flavobacteriaceae","Flavobacterium",NA,"ASV_18666",NA,"LIA_Latrine"
"Bacteria","Bacteroidota","Bacteroidia","Flavobacteriales","Flavobacteriaceae","Flavobacterium",NA,"ASV_18667",NA,"LIA_Latrine"
"Bacteria","Bacteroidota","Bacteroidia","Flavobacteriales","Flavobacteriaceae","Flavobacterium",NA,"ASV_18668",NA,"LIA_Latrine"
"Bacteria","Bacteroidota","Bacteroidia","Flavobacteriales","Flavobacteriaceae","Flavobacterium",NA,"ASV_18669",NA,"LIA_Latrine"
"Bacteria","Bacteroidota","Bacteroidia","Flavobacteriales","Flavobacteriaceae","Flavobacterium",NA,"ASV_18670",NA,"LIA_Latrine"
"Bacteria","Bacteroidota","Bacteroidia","Flavobacteriales","Flavobacteriaceae","Flavobacterium",NA,"ASV_18671",NA,"LIA_Latrine"
"Bacteria","Bacteroidota","Bacteroidia","Flavobacteriales","Flavobacteriaceae","Flavobacterium",NA,"ASV_18672",NA,"LIA_Latrine"
"Bacteria","Bacteroidota","Bacteroidia","Flavobacteriales","Flavobacteriaceae","Flavobacterium",NA,"ASV_18673",NA,"LIA_Latrine"
"Bacteria","Bacteroidota","Bacteroidia","Flavobacteriales","Flavobacteriaceae","Flavobacterium",NA,"ASV_18674",NA,"LIA_Latrine"
"Bacteria","Bacteroidota","Bacteroidia","Flavobacteriales","Flavobacteriaceae","Flavobacterium",NA,"ASV_18675",NA,"LIA_Latrine"
"Bacteria","Bacteroidota","Bacteroidia","Flavobacteriales","Flavobacteriaceae","Flavobacterium",NA,"ASV_18676",NA,"LIA_Latrine"
"Bacteria","Bacteroidota","Bacteroidia","Flavobacteriales","Flavobacteriaceae","Flavobacterium",NA,"ASV_18677",NA,"LIA_Latrine"
"Bacteria","Bacteroidota","Bacteroidia","Flavobacteriales","Flavobacteriaceae","Flavobacterium",NA,"ASV_18678",NA,"LIA_Latrine"
"Bacteria","Bacteroidota","Bacteroidia","Flavobacteriales","Flavobacteriaceae","Flavobacterium",NA,"ASV_18679",NA,"LIA_Latrine"
"Bacteria","Bacteroidota","Bacteroidia","Flavobacteriales","Flavobacteriaceae","Flavobacterium",NA,"ASV_18680",NA,"LIA_Latrine"
"Bacteria","Bacteroidota","Bacteroidia","Flavobacteriales","Flavobacteriaceae","Flavobacterium",NA,"ASV_18681",NA,"LIA_Latrine"
"Bacteria","Bacteroidota","Bacteroidia","Flavobacteriales","Flavobacteriaceae","Flavobacterium",NA,"ASV_18682",NA,"LIA_Latrine"
"Bacteria","Bacteroidota","Bacteroidia","Flavobacteriales","Flavobacteriaceae","Flavobacterium",NA,"ASV_18683",NA,"LIA_Latrine"
"Bacteria","Bacteroidota","Bacteroidia","Flavobacteriales","Flavobacteriaceae","Flavobacterium",NA,"ASV_18684",NA,"LIA_Latrine"
"Bacteria","Bacteroidota","Bacteroidia","Flavobacteriales","Flavobacteriaceae","Flavobacterium",NA,"ASV_18685",NA,"LIA_Latrine"
"Bacteria","Bacteroidota","Bacteroidia","Flavobacteriales","Flavobacteriaceae","Flavobacterium",NA,"ASV_18686",NA,"LIA_Latrine"
"Bacteria","Bacteroidota","Bacteroidia","Flavobacteriales","Flavobacteriaceae","Flavobacterium",NA,"ASV_18687",NA,"LIA_Latrine"
"Bacteria","Bacteroidota","Bacteroidia","Flavobacteriales","Flavobacteriaceae","Flavobacterium",NA,"ASV_18688",NA,"LIA_Latrine"
"Bacteria","Bacteroidota","Bacteroidia","Flavobacteriales","Flavobacteriaceae","Flavobacterium",NA,"ASV_18689",NA,"LIA_Latrine"
"Bacteria","Bacteroidota","Bacteroidia","Flavobacteriales","Flavobacteriaceae","Flavobacterium",NA,"ASV_18690",NA,"LIA_Latrine"
"Bacteria","Bacteroidota","Bacteroidia","Flavobacteriales","Flavobacteriaceae","Flavobacterium",NA,"ASV_18691",NA,"LIA_Latrine"
"Bacteria","Bacteroidota","Bacteroidia","Flavobacteriales","Flavobacteriaceae","Flavobacterium",NA,"ASV_18692",NA,"LIA_Latrine"
"Bacteria","Bacteroidota","Bacteroidia","Flavobacteriales","Flavobacteriaceae","Flavobacterium",NA,"ASV_18693",NA,"LIA_Latrine"
"Bacteria","Bacteroidota","Bacteroidia","Flavobacteriales","Flavobacteriaceae","Flavobacterium",NA,"ASV_18694",NA,"LIA_Latrine"
"Bacteria","Bacteroidota","Bacteroidia","Flavobacteriales","Flavobacteriaceae","Flavobacterium",NA,"ASV_18695",NA,"LIA_Latrine"
"Bacteria","Bacteroidota","Bacteroidia","Flavobacteriales","Flavobacteriaceae","Flavobacterium",NA,"ASV_18696",NA,"LIA_Latrine"
"Bacteria","Bacteroidota","Bacteroidia","Flavobacteriales","Flavobacteriaceae","Flavobacterium",NA,"ASV_18697",NA,"LIA_Latrine"
"Bacteria","Bacteroidota","Bacteroidia","Flavobacteriales","Flavobacteriaceae","Flavobacterium",NA,"ASV_18698",NA,"LIA_Latrine"
"Bacteria","Bacteroidota","Bacteroidia","Flavobacteriales","Flavobacteriaceae","Flavobacterium",NA,"ASV_18699",NA,"LIA_Latrine"
"Bacteria","Bacteroidota","Bacteroidia","Flavobacteriales","Flavobacteriaceae","Flavobacterium",NA,"ASV_18700",NA,"LIA_Latrine"
"Bacteria","Bacteroidota","Bacteroidia","Flavobacteriales","Flavobacteriaceae","Flavobacterium",NA,"ASV_18707",NA,"LIA_Latrine"
"Bacteria","Bacteroidota","Bacteroidia","Flavobacteriales","Flavobacteriaceae","Flavobacterium",NA,"ASV_18708",NA,"LIA_Latrine"
"Bacteria","Bacteroidota","Bacteroidia","Flavobacteriales","Flavobacteriaceae","Flavobacterium",NA,"ASV_18709",NA,"LIA_Latrine"
"Bacteria","Bacteroidota","Bacteroidia","Flavobacteriales","Flavobacteriaceae","Flavobacterium",NA,"ASV_18710",NA,"LIA_Latrine"
"Bacteria","Bacteroidota","Bacteroidia","Flavobacteriales","Flavobacteriaceae","Flavobacterium",NA,"ASV_18711",NA,"LIA_Latrine"
"Bacteria","Bacteroidota","Bacteroidia","Flavobacteriales","Flavobacteriaceae","Flavobacterium",NA,"ASV_18712",NA,"LIA_Latrine"
"Bacteria","Bacteroidota","Bacteroidia","Flavobacteriales","Flavobacteriaceae","Flavobacterium",NA,"ASV_18713",NA,"LIA_Latrine"
"Bacteria","Bacteroidota","Bacteroidia","Flavobacteriales","Flavobacteriaceae","Flavobacterium",NA,"ASV_18714",NA,"LIA_Latrine"
"Bacteria","Bacteroidota","Bacteroidia","Flavobacteriales","Flavobacteriaceae","Flavobacterium",NA,"ASV_18715",NA,"LIA_Latrine"
"Bacteria","Bacteroidota","Bacteroidia","Flavobacteriales","Flavobacteriaceae","Flavobacterium",NA,"ASV_18716",NA,"LIA_Latrine"
"Bacteria","Bacteroidota","Bacteroidia","Flavobacteriales","Flavobacteriaceae","Flavobacterium",NA,"ASV_18717",NA,"LIA_Latrine"
"Bacteria","Bacteroidota","Bacteroidia","Flavobacteriales","Flavobacteriaceae","Flavobacterium",NA,"ASV_18718",NA,"LIA_Latrine"
"Bacteria","Bacteroidota","Bacteroidia","Flavobacteriales","Flavobacteriaceae","Flavobacterium",NA,"ASV_18719",NA,"LIA_Latrine"
"Bacteria","Bacteroidota","Bacteroidia","Flavobacteriales","Flavobacteriaceae","Flavobacterium",NA,"ASV_18720",NA,"LIA_Latrine"
"Bacteria","Bacteroidota","Bacteroidia","Flavobacteriales","Flavobacteriaceae","Flavobacterium",NA,"ASV_18721",NA,"LIA_Latrine"
"Bacteria","Bacteroidota","Bacteroidia","Flavobacteriales","Flavobacteriaceae","Flavobacterium",NA,"ASV_18722",NA,"LIA_Latrine"
"Bacteria","Bacteroidota","Bacteroidia","Flavobacteriales","Flavobacteriaceae","Flavobacterium",NA,"ASV_18723",NA,"LIA_Latrine"
"Bacteria","Bacteroidota","Bacteroidia","Flavobacteriales","Flavobacteriaceae","Flavobacterium",NA,"ASV_18726",NA,"LIA_Latrine"
"Bacteria","Bacteroidota","Bacteroidia","Flavobacteriales","Flavobacteriaceae","Flavobacterium",NA,"ASV_18727",NA,"LIA_Latrine"
"Bacteria","Bacteroidota","Bacteroidia","Flavobacteriales","Flavobacteriaceae","Flavobacterium",NA,"ASV_18728",NA,"LIA_Latrine"
"Bacteria","Bacteroidota","Bacteroidia","Flavobacteriales","Flavobacteriaceae","Flavobacterium",NA,"ASV_18729",NA,"LIA_Latrine"
"Bacteria","Bacteroidota","Bacteroidia","Flavobacteriales","Flavobacteriaceae","Flavobacterium",NA,"ASV_18730",NA,"LIA_Latrine"
"Bacteria","Bacteroidota","Bacteroidia","Flavobacteriales","Flavobacteriaceae","Flavobacterium",NA,"ASV_18731",NA,"LIA_Latrine"
"Bacteria","Bacteroidota","Bacteroidia","Flavobacteriales","Flavobacteriaceae","Flavobacterium",NA,"ASV_18732",NA,"LIA_Latrine"
"Bacteria","Bacteroidota","Bacteroidia","Flavobacteriales","Flavobacteriaceae","Flavobacterium",NA,"ASV_18733",NA,"LIA_Latrine"
"Bacteria","Bacteroidota","Bacteroidia","Flavobacteriales","Flavobacteriaceae","Flavobacterium",NA,"ASV_18734",NA,"LIA_Latrine"
"Bacteria","Bacteroidota","Bacteroidia","Flavobacteriales","Flavobacteriaceae","Flavobacterium",NA,"ASV_18735",NA,"LIA_Latrine"
"Bacteria","Bacteroidota","Bacteroidia","Flavobacteriales","Flavobacteriaceae","Flavobacterium",NA,"ASV_18736",NA,"LIA_Latrine"
"Bacteria","Bacteroidota","Bacteroidia","Flavobacteriales","Flavobacteriaceae","Flavobacterium",NA,"ASV_18737",NA,"LIA_Latrine"
"Bacteria","Bacteroidota","Bacteroidia","Flavobacteriales","Flavobacteriaceae","Flavobacterium",NA,"ASV_18738",NA,"LIA_Latrine"
"Bacteria","Bacteroidota","Bacteroidia","Flavobacteriales","Flavobacteriaceae","Flavobacterium",NA,"ASV_18739",NA,"LIA_Latrine"
"Bacteria","Bacteroidota","Bacteroidia","Flavobacteriales","Flavobacteriaceae","Flavobacterium",NA,"ASV_18740",NA,"LIA_Latrine"
"Bacteria","Bacteroidota","Bacteroidia","Flavobacteriales","Flavobacteriaceae","Flavobacterium",NA,"ASV_18741",NA,"LIA_Latrine"
"Bacteria","Bacteroidota","Bacteroidia","Flavobacteriales","Flavobacteriaceae","Flavobacterium",NA,"ASV_18742",NA,"LIA_Latrine"
"Bacteria","Bacteroidota","Bacteroidia","Flavobacteriales","Flavobacteriaceae","Flavobacterium",NA,"ASV_18743",NA,"LIA_Latrine"
"Bacteria","Bacteroidota","Bacteroidia","Flavobacteriales","Flavobacteriaceae","Flavobacterium",NA,"ASV_18744",NA,"LIA_Latrine"
"Bacteria","Bacteroidota","Bacteroidia","Flavobacteriales","Flavobacteriaceae","Flavobacterium",NA,"ASV_18745",NA,"LIA_Latrine"
"Bacteria","Bacteroidota","Bacteroidia","Flavobacteriales","Flavobacteriaceae","Flavobacterium",NA,"ASV_18746",NA,"LIA_Latrine"
"Bacteria","Bacteroidota","Bacteroidia","Flavobacteriales","Flavobacteriaceae","Flavobacterium",NA,"ASV_18747",NA,"LIA_Latrine"
"Bacteria","Bacteroidota","Bacteroidia","Flavobacteriales","Flavobacteriaceae","Flavobacterium",NA,"ASV_18748",NA,"LIA_Latrine"
"Bacteria","Bacteroidota","Bacteroidia","Flavobacteriales","Flavobacteriaceae","Flavobacterium",NA,"ASV_18749",NA,"LIA_Latrine"
"Bacteria","Bacteroidota","Bacteroidia","Flavobacteriales","Flavobacteriaceae","Flavobacterium",NA,"ASV_18750",NA,"LIA_Latrine"
"Bacteria","Bacteroidota","Bacteroidia","Flavobacteriales","Flavobacteriaceae","Flavobacterium",NA,"ASV_18751",NA,"LIA_Latrine"
"Bacteria","Bacteroidota","Bacteroidia","Flavobacteriales","Flavobacteriaceae","Flavobacterium",NA,"ASV_18752",NA,"LIA_Latrine"
"Bacteria","Bacteroidota","Bacteroidia","Flavobacteriales","Flavobacteriaceae","Flavobacterium",NA,"ASV_18753",NA,"LIA_Latrine"
"Bacteria","Bacteroidota","Bacteroidia","Flavobacteriales","Flavobacteriaceae","Flavobacterium",NA,"ASV_18754",NA,"LIA_Latrine"
"Bacteria","Bacteroidota","Bacteroidia","Flavobacteriales","Flavobacteriaceae","Flavobacterium",NA,"ASV_18755",NA,"LIA_Latrine"
"Bacteria","Bacteroidota","Bacteroidia","Flavobacteriales","Flavobacteriaceae","Flavobacterium",NA,"ASV_18756",NA,"LIA_Latrine"
"Bacteria","Bacteroidota","Bacteroidia","Flavobacteriales","Flavobacteriaceae","Flavobacterium",NA,"ASV_18757",NA,"LIA_Latrine"
"Bacteria","Bacteroidota","Bacteroidia","Flavobacteriales","Flavobacteriaceae","Flavobacterium",NA,"ASV_18758",NA,"LIA_Latrine"
"Bacteria","Bacteroidota","Bacteroidia","Flavobacteriales","Flavobacteriaceae","Flavobacterium",NA,"ASV_18759",NA,"LIA_Latrine"
"Bacteria","Bacteroidota","Bacteroidia","Flavobacteriales","Flavobacteriaceae","Flavobacterium",NA,"ASV_18760",NA,"LIA_Latrine"
"Bacteria","Bacteroidota","Bacteroidia","Flavobacteriales","Flavobacteriaceae","Flavobacterium",NA,"ASV_18761",NA,"LIA_Latrine"
"Bacteria","Bacteroidota","Bacteroidia","Flavobacteriales","Flavobacteriaceae","Flavobacterium",NA,"ASV_18762",NA,"LIA_Latrine"
"Bacteria","Bacteroidota","Bacteroidia","Flavobacteriales","Flavobacteriaceae","Flavobacterium",NA,"ASV_18763",NA,"LIA_Latrine"
"Bacteria","Bacteroidota","Bacteroidia","Flavobacteriales","Flavobacteriaceae","Flavobacterium",NA,"ASV_18764",NA,"LIA_Latrine"
"Bacteria","Bacteroidota","Bacteroidia","Flavobacteriales","Flavobacteriaceae","Flavobacterium",NA,"ASV_18765",NA,"LIA_Latrine"
"Bacteria","Bacteroidota","Bacteroidia","Flavobacteriales","Flavobacteriaceae","Flavobacterium",NA,"ASV_18766",NA,"LIA_Latrine"
"Bacteria","Bacteroidota","Bacteroidia","Flavobacteriales","Flavobacteriaceae","Flavobacterium",NA,"ASV_18767",NA,"LIA_Latrine"
"Bacteria","Bacteroidota","Bacteroidia","Flavobacteriales","Flavobacteriaceae","Flavobacterium",NA,"ASV_18768",NA,"LIA_Latrine"
"Bacteria","Bacteroidota","Bacteroidia","Flavobacteriales","Flavobacteriaceae","Flavobacterium",NA,"ASV_18769",NA,"LIA_Latrine"
"Bacteria","Bacteroidota","Bacteroidia","Flavobacteriales","Flavobacteriaceae","Flavobacterium",NA,"ASV_18770",NA,"LIA_Latrine"
"Bacteria","Bacteroidota","Bacteroidia","Flavobacteriales","Flavobacteriaceae","Flavobacterium",NA,"ASV_18771",NA,"LIA_Latrine"
"Bacteria","Bacteroidota","Bacteroidia","Flavobacteriales","Flavobacteriaceae","Flavobacterium",NA,"ASV_18772",NA,"LIA_Latrine"
"Bacteria","Bacteroidota","Bacteroidia","Flavobacteriales","Flavobacteriaceae","Flavobacterium",NA,"ASV_18773",NA,"LIA_Latrine"
"Bacteria","Bacteroidota","Bacteroidia","Flavobacteriales","Flavobacteriaceae","Flavobacterium",NA,"ASV_18774",NA,"LIA_Latrine"
"Bacteria","Bacteroidota","Bacteroidia","Flavobacteriales","Flavobacteriaceae","Flavobacterium",NA,"ASV_18775",NA,"LIA_Latrine"
"Bacteria","Bacteroidota","Bacteroidia","Flavobacteriales","Flavobacteriaceae","Flavobacterium",NA,"ASV_18776",NA,"LIA_Latrine"
"Bacteria","Bacteroidota","Bacteroidia","Flavobacteriales","Flavobacteriaceae","Flavobacterium",NA,"ASV_18777",NA,"LIA_Latrine"
"Bacteria","Bacteroidota","Bacteroidia","Flavobacteriales","Flavobacteriaceae","Flavobacterium",NA,"ASV_18778",NA,"LIA_Latrine"
"Bacteria","Bacteroidota","Bacteroidia","Flavobacteriales","Flavobacteriaceae","Flavobacterium",NA,"ASV_18779",NA,"LIA_Latrine"
"Bacteria","Bacteroidota","Bacteroidia","Flavobacteriales","Flavobacteriaceae","Flavobacterium",NA,"ASV_18780",NA,"LIA_Latrine"
"Bacteria","Bacteroidota","Bacteroidia","Flavobacteriales","Flavobacteriaceae","Flavobacterium",NA,"ASV_18781",NA,"LIA_Latrine"
"Bacteria","Bacteroidota","Bacteroidia","Flavobacteriales","Flavobacteriaceae","Flavobacterium",NA,"ASV_18782",NA,"LIA_Latrine"
"Bacteria","Bacteroidota","Bacteroidia","Flavobacteriales","Flavobacteriaceae","Flavobacterium",NA,"ASV_18783",NA,"LIA_Latrine"
"Bacteria","Bacteroidota","Bacteroidia","Flavobacteriales","Flavobacteriaceae","Flavobacterium",NA,"ASV_18784",NA,"LIA_Latrine"
"Bacteria","Bacteroidota","Bacteroidia","Flavobacteriales","Flavobacteriaceae","Flavobacterium",NA,"ASV_18785",NA,"LIA_Latrine"
"Bacteria","Bacteroidota","Bacteroidia","Flavobacteriales","Flavobacteriaceae","Flavobacterium",NA,"ASV_18786",NA,"LIA_Latrine"
"Bacteria","Bacteroidota","Bacteroidia","Flavobacteriales","Flavobacteriaceae","Flavobacterium",NA,"ASV_18787",NA,"LIA_Latrine"
"Bacteria","Bacteroidota","Bacteroidia","Flavobacteriales","Flavobacteriaceae","Flavobacterium",NA,"ASV_18788",NA,"LIA_Latrine"
"Bacteria","Bacteroidota","Bacteroidia","Flavobacteriales","Flavobacteriaceae","Flavobacterium",NA,"ASV_18789",NA,"LIA_Latrine"
"Bacteria","Bacteroidota","Bacteroidia","Flavobacteriales","Flavobacteriaceae","Flavobacterium",NA,"ASV_18790",NA,"LIA_Latrine"
"Bacteria","Bacteroidota","Bacteroidia","Flavobacteriales","Flavobacteriaceae","Flavobacterium",NA,"ASV_18791",NA,"LIA_Latrine"
"Bacteria","Bacteroidota","Bacteroidia","Flavobacteriales","Flavobacteriaceae","Flavobacterium",NA,"ASV_18792",NA,"LIA_Latrine"
"Bacteria","Bacteroidota","Bacteroidia","Flavobacteriales","Flavobacteriaceae","Flavobacterium",NA,"ASV_18793",NA,"LIA_Latrine"
"Bacteria","Bacteroidota","Bacteroidia","Sphingobacteriales","Sphingobacteriaceae","Pedobacter",NA,"ASV_20456",NA,"LIA_Latrine"
"Bacteria","Bacteroidota","Bacteroidia","Sphingobacteriales","Sphingobacteriaceae","Pedobacter",NA,"ASV_20457",NA,"LIA_Latrine"
"Bacteria","Bacteroidota","Bacteroidia","Sphingobacteriales","Sphingobacteriaceae","Pedobacter",NA,"ASV_20543",NA,"LIA_Latrine"
"Bacteria","Bacteroidota","Bacteroidia","Sphingobacteriales","Sphingobacteriaceae","Pedobacter",NA,"ASV_20544",NA,"LIA_Latrine"
"Bacteria","Bacteroidota","Bacteroidia","Sphingobacteriales","Sphingobacteriaceae","Pedobacter",NA,"ASV_20546",NA,"LIA_Latrine"
"Bacteria","Bacteroidota","Bacteroidia","Sphingobacteriales","Sphingobacteriaceae","Pedobacter",NA,"ASV_20548",NA,"LIA_Latrine"
"Bacteria","Bacteroidota","Bacteroidia","Sphingobacteriales","Sphingobacteriaceae","Pedobacter",NA,"ASV_20552",NA,"LIA_Latrine"
"Bacteria","Bacteroidota","Bacteroidia","Sphingobacteriales","Sphingobacteriaceae","Pedobacter",NA,"ASV_20565",NA,"LIA_Latrine"
"Bacteria","Bacteroidota","Bacteroidia","Sphingobacteriales","Sphingobacteriaceae","Pedobacter",NA,"ASV_20566",NA,"LIA_Latrine"
"Bacteria","Bacteroidota","Bacteroidia","Sphingobacteriales","Sphingobacteriaceae","Pedobacter",NA,"ASV_20567",NA,"LIA_Latrine"
"Bacteria","Bacteroidota","Bacteroidia","Sphingobacteriales","Sphingobacteriaceae","Pedobacter",NA,"ASV_20568",NA,"LIA_Latrine"
"Bacteria","Bacteroidota","Bacteroidia","Sphingobacteriales","Sphingobacteriaceae","Pedobacter",NA,"ASV_20595",NA,"LIA_Latrine"
"Bacteria","Bacteroidota","Bacteroidia","Sphingobacteriales","Sphingobacteriaceae","Pedobacter",NA,"ASV_20596",NA,"LIA_Latrine"
"Bacteria","Bacteroidota","Bacteroidia","Sphingobacteriales","Sphingobacteriaceae","Pedobacter",NA,"ASV_20607",NA,"LIA_Latrine"
"Bacteria","Bacteroidota","Bacteroidia","Sphingobacteriales","Sphingobacteriaceae","Pedobacter",NA,"ASV_20609",NA,"LIA_Latrine"
"Bacteria","Bacteroidota","Bacteroidia","Sphingobacteriales","Sphingobacteriaceae","Pedobacter",NA,"ASV_20610",NA,"LIA_Latrine"
"Bacteria","Bacteroidota","Bacteroidia","Sphingobacteriales","Sphingobacteriaceae","Pedobacter",NA,"ASV_20611",NA,"LIA_Latrine"
"Bacteria","Bacteroidota","Bacteroidia","Sphingobacteriales","Sphingobacteriaceae","Pedobacter",NA,"ASV_20612",NA,"LIA_Latrine"
"Bacteria","Bacteroidota","Bacteroidia","Sphingobacteriales","Sphingobacteriaceae","Pedobacter",NA,"ASV_20613",NA,"LIA_Latrine"
"Bacteria","Bacteroidota","Bacteroidia","Sphingobacteriales","Sphingobacteriaceae","Pedobacter",NA,"ASV_20614",NA,"LIA_Latrine"
"Bacteria","Bacteroidota","Bacteroidia","Sphingobacteriales","Sphingobacteriaceae","Pedobacter",NA,"ASV_20615",NA,"LIA_Latrine"
"Bacteria","Bacteroidota","Bacteroidia","Sphingobacteriales","Sphingobacteriaceae","Pedobacter",NA,"ASV_20616",NA,"LIA_Latrine"
"Bacteria","Bacteroidota","Bacteroidia","Sphingobacteriales","Sphingobacteriaceae","Pedobacter",NA,"ASV_20618",NA,"LIA_Latrine"
"Bacteria","Bacteroidota","Bacteroidia","Sphingobacteriales","Sphingobacteriaceae","Pedobacter",NA,"ASV_20619",NA,"LIA_Latrine"
"Bacteria","Bacteroidota","Bacteroidia","Sphingobacteriales","Sphingobacteriaceae","Pedobacter",NA,"ASV_20620",NA,"LIA_Latrine"
"Bacteria","Bacteroidota","Bacteroidia","Sphingobacteriales","Sphingobacteriaceae","Pedobacter",NA,"ASV_20621",NA,"LIA_Latrine"
"Bacteria","Bacteroidota","Bacteroidia","Sphingobacteriales","Sphingobacteriaceae","Pedobacter",NA,"ASV_20622",NA,"LIA_Latrine"
"Bacteria","Bacteroidota","Bacteroidia","Sphingobacteriales","Sphingobacteriaceae","Pedobacter",NA,"ASV_20624",NA,"LIA_Latrine"
"Bacteria","Bacteroidota","Bacteroidia","Sphingobacteriales","Sphingobacteriaceae","Pedobacter",NA,"ASV_20625",NA,"LIA_Latrine"
"Bacteria","Bacteroidota","Bacteroidia","Sphingobacteriales","Sphingobacteriaceae","Pedobacter",NA,"ASV_20626",NA,"LIA_Latrine"
"Bacteria","Bacteroidota","Bacteroidia","Sphingobacteriales","Sphingobacteriaceae","Pedobacter",NA,"ASV_20629",NA,"LIA_Latrine"
"Bacteria","Bacteroidota","Bacteroidia","Sphingobacteriales","Sphingobacteriaceae","Pedobacter",NA,"ASV_20635",NA,"LIA_Latrine"
"Bacteria","Bacteroidota","Bacteroidia","Sphingobacteriales","Sphingobacteriaceae","Pedobacter",NA,"ASV_20636",NA,"LIA_Latrine"
"Bacteria","Bacteroidota","Bacteroidia","Sphingobacteriales","Sphingobacteriaceae","Pedobacter",NA,"ASV_20637",NA,"LIA_Latrine"
"Bacteria","Bacteroidota","Bacteroidia","Sphingobacteriales","Sphingobacteriaceae","Pedobacter",NA,"ASV_20638",NA,"LIA_Latrine"
"Bacteria","Bacteroidota","Bacteroidia","Sphingobacteriales","Sphingobacteriaceae","Pedobacter",NA,"ASV_20639",NA,"LIA_Latrine"
"Bacteria","Bacteroidota","Bacteroidia","Sphingobacteriales","Sphingobacteriaceae","Pedobacter",NA,"ASV_20645",NA,"LIA_Latrine"
"Bacteria","Bacteroidota","Bacteroidia","Sphingobacteriales","Sphingobacteriaceae","Pedobacter",NA,"ASV_20646",NA,"LIA_Latrine"
"Bacteria","Bacteroidota","Bacteroidia","Sphingobacteriales","Sphingobacteriaceae","Pedobacter",NA,"ASV_20647",NA,"LIA_Latrine"
"Bacteria","Bacteroidota","Bacteroidia","Sphingobacteriales","Sphingobacteriaceae","Pedobacter",NA,"ASV_20652",NA,"LIA_Latrine"
"Bacteria","Bacteroidota","Bacteroidia","Sphingobacteriales","Sphingobacteriaceae","Pedobacter",NA,"ASV_20703",NA,"LIA_Latrine"
"Bacteria","Bacteroidota","Bacteroidia","Sphingobacteriales","Sphingobacteriaceae","Pedobacter",NA,"ASV_20705",NA,"LIA_Latrine"
"Bacteria","Bacteroidota","Bacteroidia","Sphingobacteriales","Sphingobacteriaceae","Pedobacter",NA,"ASV_20706",NA,"LIA_Latrine"
"Bacteria","Bacteroidota","Bacteroidia","Sphingobacteriales","Sphingobacteriaceae","Pedobacter",NA,"ASV_20707",NA,"LIA_Latrine"
"Bacteria","Bacteroidota","Bacteroidia","Sphingobacteriales","Sphingobacteriaceae","Pedobacter",NA,"ASV_20708",NA,"LIA_Latrine"
"Bacteria","Bacteroidota","Bacteroidia","Sphingobacteriales","Sphingobacteriaceae","Pedobacter",NA,"ASV_20710",NA,"LIA_Latrine"
"Bacteria","Bacteroidota","Bacteroidia","Sphingobacteriales","Sphingobacteriaceae","Pedobacter",NA,"ASV_20711",NA,"LIA_Latrine"
"Bacteria","Bacteroidota","Bacteroidia","Sphingobacteriales","Sphingobacteriaceae","Pedobacter",NA,"ASV_20713",NA,"LIA_Latrine"
"Bacteria","Bacteroidota","Bacteroidia","Sphingobacteriales","Sphingobacteriaceae","Pedobacter",NA,"ASV_20716",NA,"LIA_Latrine"
"Bacteria","Fibrobacterota","Chitinivibrionia","Incertae_Sedis","Incertae_Sedis","Incertae_Sedis",NA,"ASV_21724",NA,"LIA_Latrine"
"Bacteria","Fibrobacterota","Chitinivibrionia","Incertae_Sedis","Incertae_Sedis","Incertae_Sedis",NA,"ASV_21725",NA,"LIA_Latrine"
"Bacteria","Fibrobacterota","Chitinivibrionia","Incertae_Sedis","Incertae_Sedis","Incertae_Sedis",NA,"ASV_21726",NA,"LIA_Latrine"
"Bacteria","Fibrobacterota","Chitinivibrionia","Incertae_Sedis","Incertae_Sedis","Incertae_Sedis",NA,"ASV_21727",NA,"LIA_Latrine"
"Bacteria","Fibrobacterota","Chitinivibrionia","Incertae_Sedis","Incertae_Sedis","Incertae_Sedis",NA,"ASV_21728",NA,"LIA_Latrine"
"Bacteria","Bacteroidota","Bacteroidia","Sphingobacteriales","Sphingobacteriaceae","Pedobacter",NA,"ASV_478",NA,"LIA_Control"
"Bacteria","Fibrobacterota","Fibrobacteria","Fibrobacterales","Fibrobacteraceae","possible_genus_04",NA,"ASV_1357",NA,"LIA_Control"
"Bacteria","Fibrobacterota","Fibrobacteria","Fibrobacterales","Fibrobacteraceae","possible_genus_04",NA,"ASV_1358",NA,"LIA_Control"
"Bacteria","Fibrobacterota","Fibrobacteria","Fibrobacterales","Fibrobacteraceae","possible_genus_04",NA,"ASV_1359",NA,"LIA_Control"
"Bacteria","Fibrobacterota","Fibrobacteria","Fibrobacterales","Fibrobacteraceae","possible_genus_04",NA,"ASV_1360",NA,"LIA_Control"
"Bacteria","Fibrobacterota","Fibrobacteria","Fibrobacterales","Fibrobacteraceae","possible_genus_04",NA,"ASV_1361",NA,"LIA_Control"
"Bacteria","Fibrobacterota","Fibrobacteria","Fibrobacterales","Fibrobacteraceae","possible_genus_04",NA,"ASV_1362",NA,"LIA_Control"
"Bacteria","Fibrobacterota","Fibrobacteria","Fibrobacterales","Fibrobacteraceae","possible_genus_04",NA,"ASV_1363",NA,"LIA_Control"
"Bacteria","Fibrobacterota","Fibrobacteria","Fibrobacterales","Fibrobacteraceae","possible_genus_04",NA,"ASV_1364",NA,"LIA_Control"
"Bacteria","Fibrobacterota","Fibrobacteria","Fibrobacterales","Fibrobacteraceae","possible_genus_04",NA,"ASV_1365",NA,"LIA_Control"
"Bacteria","Fibrobacterota","Fibrobacteria","Fibrobacterales","Fibrobacteraceae","possible_genus_04",NA,"ASV_1366",NA,"LIA_Control"
"Bacteria","Fibrobacterota","Fibrobacteria","Fibrobacterales","Fibrobacteraceae","possible_genus_04",NA,"ASV_1367",NA,"LIA_Control"
"Bacteria","Fibrobacterota","Fibrobacteria","Fibrobacterales","Fibrobacteraceae","possible_genus_04",NA,"ASV_1368",NA,"LIA_Control"
"Bacteria","Fibrobacterota","Fibrobacteria","Fibrobacterales","Fibrobacteraceae","possible_genus_04",NA,"ASV_1369",NA,"LIA_Control"
"Bacteria","Fibrobacterota","Fibrobacteria","Fibrobacterales","Fibrobacteraceae","possible_genus_04",NA,"ASV_1370",NA,"LIA_Control"
"Bacteria","Fibrobacterota","Fibrobacteria","Fibrobacterales","Fibrobacteraceae","possible_genus_04",NA,"ASV_1371",NA,"LIA_Control"
"Bacteria","Fibrobacterota","Fibrobacteria","Fibrobacterales","Fibrobacteraceae","possible_genus_04",NA,"ASV_1372",NA,"LIA_Control"
"Bacteria","Fibrobacterota","Fibrobacteria","Fibrobacterales","Fibrobacteraceae","possible_genus_04",NA,"ASV_1373",NA,"LIA_Control"
"Bacteria","Fibrobacterota","Fibrobacteria","Fibrobacterales","Fibrobacteraceae","possible_genus_04",NA,"ASV_1374",NA,"LIA_Control"
"Bacteria","Fibrobacterota","Fibrobacteria","Fibrobacterales","Fibrobacteraceae","possible_genus_04",NA,"ASV_1375",NA,"LIA_Control"
"Bacteria","Fibrobacterota","Fibrobacteria","Fibrobacterales","Fibrobacteraceae","possible_genus_04",NA,"ASV_1376",NA,"LIA_Control"
"Bacteria","Fibrobacterota","Fibrobacteria","Fibrobacterales","Fibrobacteraceae","possible_genus_04",NA,"ASV_1377",NA,"LIA_Control"
"Bacteria","Fibrobacterota","Fibrobacteria","Fibrobacterales","Fibrobacteraceae","possible_genus_04",NA,"ASV_1378",NA,"LIA_Control"
"Bacteria","Fibrobacterota","Fibrobacteria","Fibrobacterales","Fibrobacteraceae","possible_genus_04",NA,"ASV_1379",NA,"LIA_Control"
"Bacteria","Fibrobacterota","Fibrobacteria","Fibrobacterales","Fibrobacteraceae","possible_genus_04",NA,"ASV_1380",NA,"LIA_Control"
"Bacteria","Fibrobacterota","Fibrobacteria","Fibrobacterales","Fibrobacteraceae","possible_genus_04",NA,"ASV_1381",NA,"LIA_Control"
"Bacteria","Fibrobacterota","Fibrobacteria","Fibrobacterales","Fibrobacteraceae","possible_genus_04",NA,"ASV_1382",NA,"LIA_Control"
"Bacteria","Fibrobacterota","Fibrobacteria","Fibrobacterales","Fibrobacteraceae","possible_genus_04",NA,"ASV_1383",NA,"LIA_Control"
"Bacteria","Fibrobacterota","Fibrobacteria","Fibrobacterales","Fibrobacteraceae","possible_genus_04",NA,"ASV_1384",NA,"LIA_Control"
"Bacteria","Fibrobacterota","Fibrobacteria","Fibrobacterales","Fibrobacteraceae","possible_genus_04",NA,"ASV_1385",NA,"LIA_Control"
"Bacteria","Fibrobacterota","Fibrobacteria","Fibrobacterales","Fibrobacteraceae","possible_genus_04",NA,"ASV_1386",NA,"LIA_Control"
"Bacteria","Fibrobacterota","Fibrobacteria","Fibrobacterales","Fibrobacteraceae","possible_genus_04",NA,"ASV_1387",NA,"LIA_Control"
"Bacteria","Fibrobacterota","Fibrobacteria","Fibrobacterales","Fibrobacteraceae","possible_genus_04",NA,"ASV_1388",NA,"LIA_Control"
"Bacteria","Fibrobacterota","Fibrobacteria","Fibrobacterales","Fibrobacteraceae","possible_genus_04",NA,"ASV_1389",NA,"LIA_Control"
"Bacteria","Fibrobacterota","Fibrobacteria","Fibrobacterales","Fibrobacteraceae","possible_genus_04",NA,"ASV_1390",NA,"LIA_Control"
"Bacteria","Fibrobacterota","Fibrobacteria","Fibrobacterales","Fibrobacteraceae","possible_genus_04",NA,"ASV_1391",NA,"LIA_Control"
"Bacteria","Fibrobacterota","Fibrobacteria","Fibrobacterales","Fibrobacteraceae","possible_genus_04",NA,"ASV_1392",NA,"LIA_Control"
"Bacteria","Fibrobacterota","Fibrobacteria","Fibrobacterales","Fibrobacteraceae","possible_genus_04",NA,"ASV_1393",NA,"LIA_Control"
"Bacteria","Fibrobacterota","Fibrobacteria","Fibrobacterales","Fibrobacteraceae","possible_genus_04",NA,"ASV_1394",NA,"LIA_Control"
"Bacteria","Fibrobacterota","Fibrobacteria","Fibrobacterales","Fibrobacteraceae","possible_genus_04",NA,"ASV_1395",NA,"LIA_Control"
"Bacteria","Fibrobacterota","Fibrobacteria","Fibrobacterales","Fibrobacteraceae","Incertae_Sedis",NA,"ASV_1396",NA,"LIA_Control"
"Bacteria","Fibrobacterota","Fibrobacteria","Fibrobacterales","Fibrobacteraceae","Incertae_Sedis",NA,"ASV_1397",NA,"LIA_Control"
"Bacteria","Fibrobacterota","Fibrobacteria","Fibrobacterales","Fibrobacteraceae","Incertae_Sedis",NA,"ASV_1398",NA,"LIA_Control"
"Bacteria","Fibrobacterota","Fibrobacteria","Fibrobacterales","Fibrobacteraceae","Incertae_Sedis",NA,"ASV_1399",NA,"LIA_Control"
"Bacteria","Fibrobacterota","Fibrobacteria","Fibrobacterales","Fibrobacteraceae","Incertae_Sedis",NA,"ASV_1400",NA,"LIA_Control"
"Bacteria","Fibrobacterota","Fibrobacteria","Fibrobacterales","Fibrobacteraceae","Incertae_Sedis",NA,"ASV_1401",NA,"LIA_Control"
"Bacteria","Fibrobacterota","Fibrobacteria","Fibrobacterales","Fibrobacteraceae","Incertae_Sedis",NA,"ASV_1402",NA,"LIA_Control"
"Bacteria","Fibrobacterota","Fibrobacteria","Fibrobacterales","Fibrobacteraceae","Incertae_Sedis",NA,"ASV_1403",NA,"LIA_Control"
"Bacteria","Fibrobacterota","Fibrobacteria","Fibrobacterales","Fibrobacteraceae","Incertae_Sedis",NA,"ASV_1404",NA,"LIA_Control"
"Bacteria","Fibrobacterota","Fibrobacteria","Fibrobacterales","Fibrobacteraceae","Incertae_Sedis",NA,"ASV_1405",NA,"LIA_Control"
"Bacteria","Fibrobacterota","Fibrobacteria","Fibrobacterales","Fibrobacteraceae","Incertae_Sedis",NA,"ASV_1406",NA,"LIA_Control"
"Bacteria","Fibrobacterota","Fibrobacteria","Fibrobacterales","Fibrobacteraceae","Incertae_Sedis",NA,"ASV_1407",NA,"LIA_Control"
"Bacteria","Fibrobacterota","Fibrobacteria","Fibrobacterales","Fibrobacteraceae","Incertae_Sedis",NA,"ASV_1408",NA,"LIA_Control"
"Bacteria","Fibrobacterota","Fibrobacteria","Fibrobacterales","Fibrobacteraceae","Incertae_Sedis",NA,"ASV_1409",NA,"LIA_Control"
"Bacteria","Fibrobacterota","Fibrobacteria","Fibrobacterales","Fibrobacteraceae","Incertae_Sedis",NA,"ASV_1410",NA,"LIA_Control"
"Bacteria","Fibrobacterota","Fibrobacteria","Fibrobacterales","Fibrobacteraceae","Incertae_Sedis",NA,"ASV_1411",NA,"LIA_Control"
"Bacteria","Fibrobacterota","Fibrobacteria","Fibrobacterales","Fibrobacteraceae","Incertae_Sedis",NA,"ASV_1412",NA,"LIA_Control"
"Bacteria","Fibrobacterota","Fibrobacteria","Fibrobacterales","Fibrobacteraceae","Incertae_Sedis",NA,"ASV_1413",NA,"LIA_Control"
"Bacteria","Fibrobacterota","Fibrobacteria","Fibrobacterales","Fibrobacteraceae","Incertae_Sedis",NA,"ASV_1414",NA,"LIA_Control"
"Bacteria","Fibrobacterota","Fibrobacteria","Fibrobacterales","Fibrobacteraceae","Incertae_Sedis",NA,"ASV_1415",NA,"LIA_Control"
"Bacteria","Fibrobacterota","Fibrobacteria","Fibrobacterales","Fibrobacteraceae","Incertae_Sedis",NA,"ASV_1416",NA,"LIA_Control"
"Bacteria","Fibrobacterota","Fibrobacteria","Fibrobacterales","Fibrobacteraceae","Incertae_Sedis",NA,"ASV_1417",NA,"LIA_Control"
"Bacteria","Fibrobacterota","Fibrobacteria","Fibrobacterales","Fibrobacteraceae","Incertae_Sedis",NA,"ASV_1418",NA,"LIA_Control"
"Bacteria","Fibrobacterota","Fibrobacteria","Fibrobacterales","Fibrobacteraceae","Incertae_Sedis",NA,"ASV_1419",NA,"LIA_Control"
"Bacteria","Fibrobacterota","Fibrobacteria","Fibrobacterales","Fibrobacteraceae","Incertae_Sedis",NA,"ASV_1420",NA,"LIA_Control"
"Bacteria","Fibrobacterota","Fibrobacteria","Fibrobacterales","Fibrobacteraceae","Incertae_Sedis",NA,"ASV_1421",NA,"LIA_Control"
"Bacteria","Bacteroidota","Bacteroidia","Flavobacteriales","Flavobacteriaceae","Flavobacterium",NA,"ASV_18603",NA,"LIA_Control"
"Bacteria","Bacteroidota","Bacteroidia","Flavobacteriales","Flavobacteriaceae","Flavobacterium",NA,"ASV_18604",NA,"LIA_Control"
"Bacteria","Bacteroidota","Bacteroidia","Flavobacteriales","Flavobacteriaceae","Flavobacterium",NA,"ASV_18605",NA,"LIA_Control"
"Bacteria","Bacteroidota","Bacteroidia","Flavobacteriales","Flavobacteriaceae","Flavobacterium",NA,"ASV_18606",NA,"LIA_Control"
"Bacteria","Bacteroidota","Bacteroidia","Flavobacteriales","Flavobacteriaceae","Flavobacterium",NA,"ASV_18607",NA,"LIA_Control"
"Bacteria","Bacteroidota","Bacteroidia","Flavobacteriales","Flavobacteriaceae","Flavobacterium",NA,"ASV_18608",NA,"LIA_Control"
"Bacteria","Bacteroidota","Bacteroidia","Flavobacteriales","Flavobacteriaceae","Flavobacterium",NA,"ASV_18609",NA,"LIA_Control"
"Bacteria","Bacteroidota","Bacteroidia","Flavobacteriales","Flavobacteriaceae","Flavobacterium",NA,"ASV_18610",NA,"LIA_Control"
"Bacteria","Bacteroidota","Bacteroidia","Flavobacteriales","Flavobacteriaceae","Flavobacterium",NA,"ASV_18611",NA,"LIA_Control"
"Bacteria","Bacteroidota","Bacteroidia","Flavobacteriales","Flavobacteriaceae","Flavobacterium",NA,"ASV_18612",NA,"LIA_Control"
"Bacteria","Bacteroidota","Bacteroidia","Flavobacteriales","Flavobacteriaceae","Flavobacterium",NA,"ASV_18613",NA,"LIA_Control"
"Bacteria","Bacteroidota","Bacteroidia","Flavobacteriales","Flavobacteriaceae","Flavobacterium",NA,"ASV_18614",NA,"LIA_Control"
"Bacteria","Bacteroidota","Bacteroidia","Flavobacteriales","Flavobacteriaceae","Flavobacterium",NA,"ASV_18615",NA,"LIA_Control"
"Bacteria","Bacteroidota","Bacteroidia","Flavobacteriales","Flavobacteriaceae","Flavobacterium",NA,"ASV_18616",NA,"LIA_Control"
"Bacteria","Bacteroidota","Bacteroidia","Flavobacteriales","Flavobacteriaceae","Flavobacterium",NA,"ASV_18617",NA,"LIA_Control"
"Bacteria","Bacteroidota","Bacteroidia","Flavobacteriales","Flavobacteriaceae","Flavobacterium",NA,"ASV_18618",NA,"LIA_Control"
"Bacteria","Bacteroidota","Bacteroidia","Flavobacteriales","Flavobacteriaceae","Flavobacterium",NA,"ASV_18619",NA,"LIA_Control"
"Bacteria","Bacteroidota","Bacteroidia","Flavobacteriales","Flavobacteriaceae","Flavobacterium",NA,"ASV_18620",NA,"LIA_Control"
"Bacteria","Bacteroidota","Bacteroidia","Flavobacteriales","Flavobacteriaceae","Flavobacterium",NA,"ASV_18621",NA,"LIA_Control"
"Bacteria","Bacteroidota","Bacteroidia","Flavobacteriales","Flavobacteriaceae","Flavobacterium",NA,"ASV_18622",NA,"LIA_Control"
"Bacteria","Bacteroidota","Bacteroidia","Flavobacteriales","Flavobacteriaceae","Flavobacterium",NA,"ASV_18623",NA,"LIA_Control"
"Bacteria","Bacteroidota","Bacteroidia","Flavobacteriales","Flavobacteriaceae","Flavobacterium",NA,"ASV_18624",NA,"LIA_Control"
"Bacteria","Bacteroidota","Bacteroidia","Flavobacteriales","Flavobacteriaceae","Flavobacterium",NA,"ASV_18625",NA,"LIA_Control"
"Bacteria","Bacteroidota","Bacteroidia","Flavobacteriales","Flavobacteriaceae","Flavobacterium",NA,"ASV_18626",NA,"LIA_Control"
"Bacteria","Bacteroidota","Bacteroidia","Flavobacteriales","Flavobacteriaceae","Flavobacterium",NA,"ASV_18627",NA,"LIA_Control"
"Bacteria","Bacteroidota","Bacteroidia","Flavobacteriales","Flavobacteriaceae","Flavobacterium",NA,"ASV_18628",NA,"LIA_Control"
"Bacteria","Bacteroidota","Bacteroidia","Flavobacteriales","Flavobacteriaceae","Flavobacterium",NA,"ASV_18629",NA,"LIA_Control"
"Bacteria","Bacteroidota","Bacteroidia","Flavobacteriales","Flavobacteriaceae","Flavobacterium",NA,"ASV_18630",NA,"LIA_Control"
"Bacteria","Bacteroidota","Bacteroidia","Flavobacteriales","Flavobacteriaceae","Flavobacterium",NA,"ASV_18631",NA,"LIA_Control"
"Bacteria","Bacteroidota","Bacteroidia","Flavobacteriales","Flavobacteriaceae","Flavobacterium",NA,"ASV_18632",NA,"LIA_Control"
"Bacteria","Bacteroidota","Bacteroidia","Flavobacteriales","Flavobacteriaceae","Flavobacterium",NA,"ASV_18633",NA,"LIA_Control"
"Bacteria","Bacteroidota","Bacteroidia","Flavobacteriales","Flavobacteriaceae","Flavobacterium",NA,"ASV_18634",NA,"LIA_Control"
"Bacteria","Bacteroidota","Bacteroidia","Flavobacteriales","Flavobacteriaceae","Flavobacterium",NA,"ASV_18635",NA,"LIA_Control"
"Bacteria","Bacteroidota","Bacteroidia","Flavobacteriales","Flavobacteriaceae","Flavobacterium",NA,"ASV_18636",NA,"LIA_Control"
"Bacteria","Bacteroidota","Bacteroidia","Flavobacteriales","Flavobacteriaceae","Flavobacterium",NA,"ASV_18637",NA,"LIA_Control"
"Bacteria","Bacteroidota","Bacteroidia","Flavobacteriales","Flavobacteriaceae","Flavobacterium",NA,"ASV_18638",NA,"LIA_Control"
"Bacteria","Bacteroidota","Bacteroidia","Flavobacteriales","Flavobacteriaceae","Flavobacterium",NA,"ASV_18639",NA,"LIA_Control"
"Bacteria","Bacteroidota","Bacteroidia","Flavobacteriales","Flavobacteriaceae","Flavobacterium",NA,"ASV_18640",NA,"LIA_Control"
"Bacteria","Bacteroidota","Bacteroidia","Flavobacteriales","Flavobacteriaceae","Flavobacterium",NA,"ASV_18641",NA,"LIA_Control"
"Bacteria","Bacteroidota","Bacteroidia","Flavobacteriales","Flavobacteriaceae","Flavobacterium",NA,"ASV_18642",NA,"LIA_Control"
"Bacteria","Bacteroidota","Bacteroidia","Flavobacteriales","Flavobacteriaceae","Flavobacterium",NA,"ASV_18643",NA,"LIA_Control"
"Bacteria","Bacteroidota","Bacteroidia","Flavobacteriales","Flavobacteriaceae","Flavobacterium",NA,"ASV_18644",NA,"LIA_Control"
"Bacteria","Bacteroidota","Bacteroidia","Flavobacteriales","Flavobacteriaceae","Flavobacterium",NA,"ASV_18645",NA,"LIA_Control"
"Bacteria","Bacteroidota","Bacteroidia","Flavobacteriales","Flavobacteriaceae","Flavobacterium",NA,"ASV_18646",NA,"LIA_Control"
"Bacteria","Bacteroidota","Bacteroidia","Flavobacteriales","Flavobacteriaceae","Flavobacterium",NA,"ASV_18647",NA,"LIA_Control"
"Bacteria","Bacteroidota","Bacteroidia","Flavobacteriales","Flavobacteriaceae","Flavobacterium",NA,"ASV_18648",NA,"LIA_Control"
"Bacteria","Bacteroidota","Bacteroidia","Flavobacteriales","Flavobacteriaceae","Flavobacterium",NA,"ASV_18649",NA,"LIA_Control"
"Bacteria","Bacteroidota","Bacteroidia","Flavobacteriales","Flavobacteriaceae","Flavobacterium",NA,"ASV_18650",NA,"LIA_Control"
"Bacteria","Bacteroidota","Bacteroidia","Flavobacteriales","Flavobacteriaceae","Flavobacterium",NA,"ASV_18651",NA,"LIA_Control"
"Bacteria","Bacteroidota","Bacteroidia","Flavobacteriales","Flavobacteriaceae","Flavobacterium",NA,"ASV_18652",NA,"LIA_Control"
"Bacteria","Bacteroidota","Bacteroidia","Flavobacteriales","Flavobacteriaceae","Flavobacterium",NA,"ASV_18653",NA,"LIA_Control"
"Bacteria","Bacteroidota","Bacteroidia","Flavobacteriales","Flavobacteriaceae","Flavobacterium",NA,"ASV_18654",NA,"LIA_Control"
"Bacteria","Bacteroidota","Bacteroidia","Flavobacteriales","Flavobacteriaceae","Flavobacterium",NA,"ASV_18655",NA,"LIA_Control"
"Bacteria","Bacteroidota","Bacteroidia","Flavobacteriales","Flavobacteriaceae","Flavobacterium",NA,"ASV_18656",NA,"LIA_Control"
"Bacteria","Bacteroidota","Bacteroidia","Flavobacteriales","Flavobacteriaceae","Flavobacterium",NA,"ASV_18657",NA,"LIA_Control"
"Bacteria","Bacteroidota","Bacteroidia","Flavobacteriales","Flavobacteriaceae","Flavobacterium",NA,"ASV_18658",NA,"LIA_Control"
"Bacteria","Bacteroidota","Bacteroidia","Flavobacteriales","Flavobacteriaceae","Flavobacterium",NA,"ASV_18659",NA,"LIA_Control"
"Bacteria","Bacteroidota","Bacteroidia","Flavobacteriales","Flavobacteriaceae","Flavobacterium",NA,"ASV_18660",NA,"LIA_Control"
"Bacteria","Bacteroidota","Bacteroidia","Flavobacteriales","Flavobacteriaceae","Flavobacterium",NA,"ASV_18661",NA,"LIA_Control"
"Bacteria","Bacteroidota","Bacteroidia","Flavobacteriales","Flavobacteriaceae","Flavobacterium",NA,"ASV_18662",NA,"LIA_Control"
"Bacteria","Bacteroidota","Bacteroidia","Flavobacteriales","Flavobacteriaceae","Flavobacterium",NA,"ASV_18663",NA,"LIA_Control"
"Bacteria","Bacteroidota","Bacteroidia","Flavobacteriales","Flavobacteriaceae","Flavobacterium",NA,"ASV_18664",NA,"LIA_Control"
"Bacteria","Bacteroidota","Bacteroidia","Flavobacteriales","Flavobacteriaceae","Flavobacterium",NA,"ASV_18665",NA,"LIA_Control"
"Bacteria","Bacteroidota","Bacteroidia","Flavobacteriales","Flavobacteriaceae","Flavobacterium",NA,"ASV_18666",NA,"LIA_Control"
"Bacteria","Bacteroidota","Bacteroidia","Flavobacteriales","Flavobacteriaceae","Flavobacterium",NA,"ASV_18667",NA,"LIA_Control"
"Bacteria","Bacteroidota","Bacteroidia","Flavobacteriales","Flavobacteriaceae","Flavobacterium",NA,"ASV_18668",NA,"LIA_Control"
"Bacteria","Bacteroidota","Bacteroidia","Flavobacteriales","Flavobacteriaceae","Flavobacterium",NA,"ASV_18669",NA,"LIA_Control"
"Bacteria","Bacteroidota","Bacteroidia","Flavobacteriales","Flavobacteriaceae","Flavobacterium",NA,"ASV_18670",NA,"LIA_Control"
"Bacteria","Bacteroidota","Bacteroidia","Flavobacteriales","Flavobacteriaceae","Flavobacterium",NA,"ASV_18671",NA,"LIA_Control"
"Bacteria","Bacteroidota","Bacteroidia","Flavobacteriales","Flavobacteriaceae","Flavobacterium",NA,"ASV_18672",NA,"LIA_Control"
"Bacteria","Bacteroidota","Bacteroidia","Flavobacteriales","Flavobacteriaceae","Flavobacterium",NA,"ASV_18673",NA,"LIA_Control"
"Bacteria","Bacteroidota","Bacteroidia","Flavobacteriales","Flavobacteriaceae","Flavobacterium",NA,"ASV_18674",NA,"LIA_Control"
"Bacteria","Bacteroidota","Bacteroidia","Flavobacteriales","Flavobacteriaceae","Flavobacterium",NA,"ASV_18675",NA,"LIA_Control"
"Bacteria","Bacteroidota","Bacteroidia","Flavobacteriales","Flavobacteriaceae","Flavobacterium",NA,"ASV_18676",NA,"LIA_Control"
"Bacteria","Bacteroidota","Bacteroidia","Flavobacteriales","Flavobacteriaceae","Flavobacterium",NA,"ASV_18677",NA,"LIA_Control"
"Bacteria","Bacteroidota","Bacteroidia","Flavobacteriales","Flavobacteriaceae","Flavobacterium",NA,"ASV_18678",NA,"LIA_Control"
"Bacteria","Bacteroidota","Bacteroidia","Flavobacteriales","Flavobacteriaceae","Flavobacterium",NA,"ASV_18679",NA,"LIA_Control"
"Bacteria","Bacteroidota","Bacteroidia","Flavobacteriales","Flavobacteriaceae","Flavobacterium",NA,"ASV_18680",NA,"LIA_Control"
"Bacteria","Bacteroidota","Bacteroidia","Flavobacteriales","Flavobacteriaceae","Flavobacterium",NA,"ASV_18681",NA,"LIA_Control"
"Bacteria","Bacteroidota","Bacteroidia","Flavobacteriales","Flavobacteriaceae","Flavobacterium",NA,"ASV_18682",NA,"LIA_Control"
"Bacteria","Bacteroidota","Bacteroidia","Flavobacteriales","Flavobacteriaceae","Flavobacterium",NA,"ASV_18683",NA,"LIA_Control"
"Bacteria","Bacteroidota","Bacteroidia","Flavobacteriales","Flavobacteriaceae","Flavobacterium",NA,"ASV_18684",NA,"LIA_Control"
"Bacteria","Bacteroidota","Bacteroidia","Flavobacteriales","Flavobacteriaceae","Flavobacterium",NA,"ASV_18685",NA,"LIA_Control"
"Bacteria","Bacteroidota","Bacteroidia","Flavobacteriales","Flavobacteriaceae","Flavobacterium",NA,"ASV_18686",NA,"LIA_Control"
"Bacteria","Bacteroidota","Bacteroidia","Flavobacteriales","Flavobacteriaceae","Flavobacterium",NA,"ASV_18687",NA,"LIA_Control"
"Bacteria","Bacteroidota","Bacteroidia","Flavobacteriales","Flavobacteriaceae","Flavobacterium",NA,"ASV_18688",NA,"LIA_Control"
"Bacteria","Bacteroidota","Bacteroidia","Flavobacteriales","Flavobacteriaceae","Flavobacterium",NA,"ASV_18689",NA,"LIA_Control"
"Bacteria","Bacteroidota","Bacteroidia","Flavobacteriales","Flavobacteriaceae","Flavobacterium",NA,"ASV_18690",NA,"LIA_Control"
"Bacteria","Bacteroidota","Bacteroidia","Flavobacteriales","Flavobacteriaceae","Flavobacterium",NA,"ASV_18691",NA,"LIA_Control"
"Bacteria","Bacteroidota","Bacteroidia","Flavobacteriales","Flavobacteriaceae","Flavobacterium",NA,"ASV_18692",NA,"LIA_Control"
"Bacteria","Bacteroidota","Bacteroidia","Flavobacteriales","Flavobacteriaceae","Flavobacterium",NA,"ASV_18693",NA,"LIA_Control"
"Bacteria","Bacteroidota","Bacteroidia","Flavobacteriales","Flavobacteriaceae","Flavobacterium",NA,"ASV_18694",NA,"LIA_Control"
"Bacteria","Bacteroidota","Bacteroidia","Flavobacteriales","Flavobacteriaceae","Flavobacterium",NA,"ASV_18695",NA,"LIA_Control"
"Bacteria","Bacteroidota","Bacteroidia","Flavobacteriales","Flavobacteriaceae","Flavobacterium",NA,"ASV_18696",NA,"LIA_Control"
"Bacteria","Bacteroidota","Bacteroidia","Flavobacteriales","Flavobacteriaceae","Flavobacterium",NA,"ASV_18697",NA,"LIA_Control"
"Bacteria","Bacteroidota","Bacteroidia","Flavobacteriales","Flavobacteriaceae","Flavobacterium",NA,"ASV_18698",NA,"LIA_Control"
"Bacteria","Bacteroidota","Bacteroidia","Flavobacteriales","Flavobacteriaceae","Flavobacterium",NA,"ASV_18699",NA,"LIA_Control"
"Bacteria","Bacteroidota","Bacteroidia","Flavobacteriales","Flavobacteriaceae","Flavobacterium",NA,"ASV_18700",NA,"LIA_Control"
"Bacteria","Bacteroidota","Bacteroidia","Flavobacteriales","Flavobacteriaceae","Flavobacterium",NA,"ASV_18707",NA,"LIA_Control"
"Bacteria","Bacteroidota","Bacteroidia","Flavobacteriales","Flavobacteriaceae","Flavobacterium",NA,"ASV_18708",NA,"LIA_Control"
"Bacteria","Bacteroidota","Bacteroidia","Flavobacteriales","Flavobacteriaceae","Flavobacterium",NA,"ASV_18709",NA,"LIA_Control"
"Bacteria","Bacteroidota","Bacteroidia","Flavobacteriales","Flavobacteriaceae","Flavobacterium",NA,"ASV_18710",NA,"LIA_Control"
"Bacteria","Bacteroidota","Bacteroidia","Flavobacteriales","Flavobacteriaceae","Flavobacterium",NA,"ASV_18711",NA,"LIA_Control"
"Bacteria","Bacteroidota","Bacteroidia","Flavobacteriales","Flavobacteriaceae","Flavobacterium",NA,"ASV_18712",NA,"LIA_Control"
"Bacteria","Bacteroidota","Bacteroidia","Flavobacteriales","Flavobacteriaceae","Flavobacterium",NA,"ASV_18713",NA,"LIA_Control"
"Bacteria","Bacteroidota","Bacteroidia","Flavobacteriales","Flavobacteriaceae","Flavobacterium",NA,"ASV_18714",NA,"LIA_Control"
"Bacteria","Bacteroidota","Bacteroidia","Flavobacteriales","Flavobacteriaceae","Flavobacterium",NA,"ASV_18715",NA,"LIA_Control"
"Bacteria","Bacteroidota","Bacteroidia","Flavobacteriales","Flavobacteriaceae","Flavobacterium",NA,"ASV_18716",NA,"LIA_Control"
"Bacteria","Bacteroidota","Bacteroidia","Flavobacteriales","Flavobacteriaceae","Flavobacterium",NA,"ASV_18717",NA,"LIA_Control"
"Bacteria","Bacteroidota","Bacteroidia","Flavobacteriales","Flavobacteriaceae","Flavobacterium",NA,"ASV_18718",NA,"LIA_Control"
"Bacteria","Bacteroidota","Bacteroidia","Flavobacteriales","Flavobacteriaceae","Flavobacterium",NA,"ASV_18719",NA,"LIA_Control"
"Bacteria","Bacteroidota","Bacteroidia","Flavobacteriales","Flavobacteriaceae","Flavobacterium",NA,"ASV_18720",NA,"LIA_Control"
"Bacteria","Bacteroidota","Bacteroidia","Flavobacteriales","Flavobacteriaceae","Flavobacterium",NA,"ASV_18721",NA,"LIA_Control"
"Bacteria","Bacteroidota","Bacteroidia","Flavobacteriales","Flavobacteriaceae","Flavobacterium",NA,"ASV_18722",NA,"LIA_Control"
"Bacteria","Bacteroidota","Bacteroidia","Flavobacteriales","Flavobacteriaceae","Flavobacterium",NA,"ASV_18723",NA,"LIA_Control"
"Bacteria","Bacteroidota","Bacteroidia","Flavobacteriales","Flavobacteriaceae","Flavobacterium",NA,"ASV_18726",NA,"LIA_Control"
"Bacteria","Bacteroidota","Bacteroidia","Flavobacteriales","Flavobacteriaceae","Flavobacterium",NA,"ASV_18727",NA,"LIA_Control"
"Bacteria","Bacteroidota","Bacteroidia","Flavobacteriales","Flavobacteriaceae","Flavobacterium",NA,"ASV_18728",NA,"LIA_Control"
"Bacteria","Bacteroidota","Bacteroidia","Flavobacteriales","Flavobacteriaceae","Flavobacterium",NA,"ASV_18729",NA,"LIA_Control"
"Bacteria","Bacteroidota","Bacteroidia","Flavobacteriales","Flavobacteriaceae","Flavobacterium",NA,"ASV_18730",NA,"LIA_Control"
"Bacteria","Bacteroidota","Bacteroidia","Flavobacteriales","Flavobacteriaceae","Flavobacterium",NA,"ASV_18731",NA,"LIA_Control"
"Bacteria","Bacteroidota","Bacteroidia","Flavobacteriales","Flavobacteriaceae","Flavobacterium",NA,"ASV_18732",NA,"LIA_Control"
"Bacteria","Bacteroidota","Bacteroidia","Flavobacteriales","Flavobacteriaceae","Flavobacterium",NA,"ASV_18733",NA,"LIA_Control"
"Bacteria","Bacteroidota","Bacteroidia","Flavobacteriales","Flavobacteriaceae","Flavobacterium",NA,"ASV_18734",NA,"LIA_Control"
"Bacteria","Bacteroidota","Bacteroidia","Flavobacteriales","Flavobacteriaceae","Flavobacterium",NA,"ASV_18735",NA,"LIA_Control"
"Bacteria","Bacteroidota","Bacteroidia","Flavobacteriales","Flavobacteriaceae","Flavobacterium",NA,"ASV_18736",NA,"LIA_Control"
"Bacteria","Bacteroidota","Bacteroidia","Flavobacteriales","Flavobacteriaceae","Flavobacterium",NA,"ASV_18737",NA,"LIA_Control"
"Bacteria","Bacteroidota","Bacteroidia","Flavobacteriales","Flavobacteriaceae","Flavobacterium",NA,"ASV_18738",NA,"LIA_Control"
"Bacteria","Bacteroidota","Bacteroidia","Flavobacteriales","Flavobacteriaceae","Flavobacterium",NA,"ASV_18739",NA,"LIA_Control"
"Bacteria","Bacteroidota","Bacteroidia","Flavobacteriales","Flavobacteriaceae","Flavobacterium",NA,"ASV_18740",NA,"LIA_Control"
"Bacteria","Bacteroidota","Bacteroidia","Flavobacteriales","Flavobacteriaceae","Flavobacterium",NA,"ASV_18741",NA,"LIA_Control"
"Bacteria","Bacteroidota","Bacteroidia","Flavobacteriales","Flavobacteriaceae","Flavobacterium",NA,"ASV_18742",NA,"LIA_Control"
"Bacteria","Bacteroidota","Bacteroidia","Flavobacteriales","Flavobacteriaceae","Flavobacterium",NA,"ASV_18743",NA,"LIA_Control"
"Bacteria","Bacteroidota","Bacteroidia","Flavobacteriales","Flavobacteriaceae","Flavobacterium",NA,"ASV_18744",NA,"LIA_Control"
"Bacteria","Bacteroidota","Bacteroidia","Flavobacteriales","Flavobacteriaceae","Flavobacterium",NA,"ASV_18745",NA,"LIA_Control"
"Bacteria","Bacteroidota","Bacteroidia","Flavobacteriales","Flavobacteriaceae","Flavobacterium",NA,"ASV_18746",NA,"LIA_Control"
"Bacteria","Bacteroidota","Bacteroidia","Flavobacteriales","Flavobacteriaceae","Flavobacterium",NA,"ASV_18747",NA,"LIA_Control"
"Bacteria","Bacteroidota","Bacteroidia","Flavobacteriales","Flavobacteriaceae","Flavobacterium",NA,"ASV_18748",NA,"LIA_Control"
"Bacteria","Bacteroidota","Bacteroidia","Flavobacteriales","Flavobacteriaceae","Flavobacterium",NA,"ASV_18749",NA,"LIA_Control"
"Bacteria","Bacteroidota","Bacteroidia","Flavobacteriales","Flavobacteriaceae","Flavobacterium",NA,"ASV_18750",NA,"LIA_Control"
"Bacteria","Bacteroidota","Bacteroidia","Flavobacteriales","Flavobacteriaceae","Flavobacterium",NA,"ASV_18751",NA,"LIA_Control"
"Bacteria","Bacteroidota","Bacteroidia","Flavobacteriales","Flavobacteriaceae","Flavobacterium",NA,"ASV_18752",NA,"LIA_Control"
"Bacteria","Bacteroidota","Bacteroidia","Flavobacteriales","Flavobacteriaceae","Flavobacterium",NA,"ASV_18753",NA,"LIA_Control"
"Bacteria","Bacteroidota","Bacteroidia","Flavobacteriales","Flavobacteriaceae","Flavobacterium",NA,"ASV_18754",NA,"LIA_Control"
"Bacteria","Bacteroidota","Bacteroidia","Flavobacteriales","Flavobacteriaceae","Flavobacterium",NA,"ASV_18755",NA,"LIA_Control"
"Bacteria","Bacteroidota","Bacteroidia","Flavobacteriales","Flavobacteriaceae","Flavobacterium",NA,"ASV_18756",NA,"LIA_Control"
"Bacteria","Bacteroidota","Bacteroidia","Flavobacteriales","Flavobacteriaceae","Flavobacterium",NA,"ASV_18757",NA,"LIA_Control"
"Bacteria","Bacteroidota","Bacteroidia","Flavobacteriales","Flavobacteriaceae","Flavobacterium",NA,"ASV_18758",NA,"LIA_Control"
"Bacteria","Bacteroidota","Bacteroidia","Flavobacteriales","Flavobacteriaceae","Flavobacterium",NA,"ASV_18759",NA,"LIA_Control"
"Bacteria","Bacteroidota","Bacteroidia","Flavobacteriales","Flavobacteriaceae","Flavobacterium",NA,"ASV_18760",NA,"LIA_Control"
"Bacteria","Bacteroidota","Bacteroidia","Flavobacteriales","Flavobacteriaceae","Flavobacterium",NA,"ASV_18761",NA,"LIA_Control"
"Bacteria","Bacteroidota","Bacteroidia","Flavobacteriales","Flavobacteriaceae","Flavobacterium",NA,"ASV_18762",NA,"LIA_Control"
"Bacteria","Bacteroidota","Bacteroidia","Flavobacteriales","Flavobacteriaceae","Flavobacterium",NA,"ASV_18763",NA,"LIA_Control"
"Bacteria","Bacteroidota","Bacteroidia","Flavobacteriales","Flavobacteriaceae","Flavobacterium",NA,"ASV_18764",NA,"LIA_Control"
"Bacteria","Bacteroidota","Bacteroidia","Flavobacteriales","Flavobacteriaceae","Flavobacterium",NA,"ASV_18765",NA,"LIA_Control"
"Bacteria","Bacteroidota","Bacteroidia","Flavobacteriales","Flavobacteriaceae","Flavobacterium",NA,"ASV_18766",NA,"LIA_Control"
"Bacteria","Bacteroidota","Bacteroidia","Flavobacteriales","Flavobacteriaceae","Flavobacterium",NA,"ASV_18767",NA,"LIA_Control"
"Bacteria","Bacteroidota","Bacteroidia","Flavobacteriales","Flavobacteriaceae","Flavobacterium",NA,"ASV_18768",NA,"LIA_Control"
"Bacteria","Bacteroidota","Bacteroidia","Flavobacteriales","Flavobacteriaceae","Flavobacterium",NA,"ASV_18769",NA,"LIA_Control"
"Bacteria","Bacteroidota","Bacteroidia","Flavobacteriales","Flavobacteriaceae","Flavobacterium",NA,"ASV_18770",NA,"LIA_Control"
"Bacteria","Bacteroidota","Bacteroidia","Flavobacteriales","Flavobacteriaceae","Flavobacterium",NA,"ASV_18771",NA,"LIA_Control"
"Bacteria","Bacteroidota","Bacteroidia","Flavobacteriales","Flavobacteriaceae","Flavobacterium",NA,"ASV_18772",NA,"LIA_Control"
"Bacteria","Bacteroidota","Bacteroidia","Flavobacteriales","Flavobacteriaceae","Flavobacterium",NA,"ASV_18773",NA,"LIA_Control"
"Bacteria","Bacteroidota","Bacteroidia","Flavobacteriales","Flavobacteriaceae","Flavobacterium",NA,"ASV_18774",NA,"LIA_Control"
"Bacteria","Bacteroidota","Bacteroidia","Flavobacteriales","Flavobacteriaceae","Flavobacterium",NA,"ASV_18775",NA,"LIA_Control"
"Bacteria","Bacteroidota","Bacteroidia","Flavobacteriales","Flavobacteriaceae","Flavobacterium",NA,"ASV_18776",NA,"LIA_Control"
"Bacteria","Bacteroidota","Bacteroidia","Flavobacteriales","Flavobacteriaceae","Flavobacterium",NA,"ASV_18777",NA,"LIA_Control"
"Bacteria","Bacteroidota","Bacteroidia","Flavobacteriales","Flavobacteriaceae","Flavobacterium",NA,"ASV_18778",NA,"LIA_Control"
"Bacteria","Bacteroidota","Bacteroidia","Flavobacteriales","Flavobacteriaceae","Flavobacterium",NA,"ASV_18779",NA,"LIA_Control"
"Bacteria","Bacteroidota","Bacteroidia","Flavobacteriales","Flavobacteriaceae","Flavobacterium",NA,"ASV_18780",NA,"LIA_Control"
"Bacteria","Bacteroidota","Bacteroidia","Flavobacteriales","Flavobacteriaceae","Flavobacterium",NA,"ASV_18781",NA,"LIA_Control"
"Bacteria","Bacteroidota","Bacteroidia","Flavobacteriales","Flavobacteriaceae","Flavobacterium",NA,"ASV_18782",NA,"LIA_Control"
"Bacteria","Bacteroidota","Bacteroidia","Flavobacteriales","Flavobacteriaceae","Flavobacterium",NA,"ASV_18783",NA,"LIA_Control"
"Bacteria","Bacteroidota","Bacteroidia","Flavobacteriales","Flavobacteriaceae","Flavobacterium",NA,"ASV_18784",NA,"LIA_Control"
"Bacteria","Bacteroidota","Bacteroidia","Flavobacteriales","Flavobacteriaceae","Flavobacterium",NA,"ASV_18785",NA,"LIA_Control"
"Bacteria","Bacteroidota","Bacteroidia","Flavobacteriales","Flavobacteriaceae","Flavobacterium",NA,"ASV_18786",NA,"LIA_Control"
"Bacteria","Bacteroidota","Bacteroidia","Flavobacteriales","Flavobacteriaceae","Flavobacterium",NA,"ASV_18787",NA,"LIA_Control"
"Bacteria","Bacteroidota","Bacteroidia","Flavobacteriales","Flavobacteriaceae","Flavobacterium",NA,"ASV_18788",NA,"LIA_Control"
"Bacteria","Bacteroidota","Bacteroidia","Flavobacteriales","Flavobacteriaceae","Flavobacterium",NA,"ASV_18789",NA,"LIA_Control"
"Bacteria","Bacteroidota","Bacteroidia","Flavobacteriales","Flavobacteriaceae","Flavobacterium",NA,"ASV_18790",NA,"LIA_Control"
"Bacteria","Bacteroidota","Bacteroidia","Flavobacteriales","Flavobacteriaceae","Flavobacterium",NA,"ASV_18791",NA,"LIA_Control"
"Bacteria","Bacteroidota","Bacteroidia","Flavobacteriales","Flavobacteriaceae","Flavobacterium",NA,"ASV_18792",NA,"LIA_Control"
"Bacteria","Bacteroidota","Bacteroidia","Flavobacteriales","Flavobacteriaceae","Flavobacterium",NA,"ASV_18793",NA,"LIA_Control"
"Bacteria","Bacteroidota","Bacteroidia","Sphingobacteriales","Sphingobacteriaceae","Pedobacter",NA,"ASV_20456",NA,"LIA_Control"
"Bacteria","Bacteroidota","Bacteroidia","Sphingobacteriales","Sphingobacteriaceae","Pedobacter",NA,"ASV_20457",NA,"LIA_Control"
"Bacteria","Bacteroidota","Bacteroidia","Sphingobacteriales","Sphingobacteriaceae","Pedobacter",NA,"ASV_20543",NA,"LIA_Control"
"Bacteria","Bacteroidota","Bacteroidia","Sphingobacteriales","Sphingobacteriaceae","Pedobacter",NA,"ASV_20544",NA,"LIA_Control"
"Bacteria","Bacteroidota","Bacteroidia","Sphingobacteriales","Sphingobacteriaceae","Pedobacter",NA,"ASV_20546",NA,"LIA_Control"
"Bacteria","Bacteroidota","Bacteroidia","Sphingobacteriales","Sphingobacteriaceae","Pedobacter",NA,"ASV_20548",NA,"LIA_Control"
"Bacteria","Bacteroidota","Bacteroidia","Sphingobacteriales","Sphingobacteriaceae","Pedobacter",NA,"ASV_20552",NA,"LIA_Control"
"Bacteria","Bacteroidota","Bacteroidia","Sphingobacteriales","Sphingobacteriaceae","Pedobacter",NA,"ASV_20565",NA,"LIA_Control"
"Bacteria","Bacteroidota","Bacteroidia","Sphingobacteriales","Sphingobacteriaceae","Pedobacter",NA,"ASV_20566",NA,"LIA_Control"
"Bacteria","Bacteroidota","Bacteroidia","Sphingobacteriales","Sphingobacteriaceae","Pedobacter",NA,"ASV_20567",NA,"LIA_Control"
"Bacteria","Bacteroidota","Bacteroidia","Sphingobacteriales","Sphingobacteriaceae","Pedobacter",NA,"ASV_20568",NA,"LIA_Control"
"Bacteria","Bacteroidota","Bacteroidia","Sphingobacteriales","Sphingobacteriaceae","Pedobacter",NA,"ASV_20595",NA,"LIA_Control"
"Bacteria","Bacteroidota","Bacteroidia","Sphingobacteriales","Sphingobacteriaceae","Pedobacter",NA,"ASV_20596",NA,"LIA_Control"
"Bacteria","Bacteroidota","Bacteroidia","Sphingobacteriales","Sphingobacteriaceae","Pedobacter",NA,"ASV_20607",NA,"LIA_Control"
"Bacteria","Bacteroidota","Bacteroidia","Sphingobacteriales","Sphingobacteriaceae","Pedobacter",NA,"ASV_20609",NA,"LIA_Control"
"Bacteria","Bacteroidota","Bacteroidia","Sphingobacteriales","Sphingobacteriaceae","Pedobacter",NA,"ASV_20610",NA,"LIA_Control"
"Bacteria","Bacteroidota","Bacteroidia","Sphingobacteriales","Sphingobacteriaceae","Pedobacter",NA,"ASV_20611",NA,"LIA_Control"
"Bacteria","Bacteroidota","Bacteroidia","Sphingobacteriales","Sphingobacteriaceae","Pedobacter",NA,"ASV_20612",NA,"LIA_Control"
"Bacteria","Bacteroidota","Bacteroidia","Sphingobacteriales","Sphingobacteriaceae","Pedobacter",NA,"ASV_20613",NA,"LIA_Control"
"Bacteria","Bacteroidota","Bacteroidia","Sphingobacteriales","Sphingobacteriaceae","Pedobacter",NA,"ASV_20614",NA,"LIA_Control"
"Bacteria","Bacteroidota","Bacteroidia","Sphingobacteriales","Sphingobacteriaceae","Pedobacter",NA,"ASV_20615",NA,"LIA_Control"
"Bacteria","Bacteroidota","Bacteroidia","Sphingobacteriales","Sphingobacteriaceae","Pedobacter",NA,"ASV_20616",NA,"LIA_Control"
"Bacteria","Bacteroidota","Bacteroidia","Sphingobacteriales","Sphingobacteriaceae","Pedobacter",NA,"ASV_20618",NA,"LIA_Control"
"Bacteria","Bacteroidota","Bacteroidia","Sphingobacteriales","Sphingobacteriaceae","Pedobacter",NA,"ASV_20619",NA,"LIA_Control"
"Bacteria","Bacteroidota","Bacteroidia","Sphingobacteriales","Sphingobacteriaceae","Pedobacter",NA,"ASV_20620",NA,"LIA_Control"
"Bacteria","Bacteroidota","Bacteroidia","Sphingobacteriales","Sphingobacteriaceae","Pedobacter",NA,"ASV_20621",NA,"LIA_Control"
"Bacteria","Bacteroidota","Bacteroidia","Sphingobacteriales","Sphingobacteriaceae","Pedobacter",NA,"ASV_20622",NA,"LIA_Control"
"Bacteria","Bacteroidota","Bacteroidia","Sphingobacteriales","Sphingobacteriaceae","Pedobacter",NA,"ASV_20624",NA,"LIA_Control"
"Bacteria","Bacteroidota","Bacteroidia","Sphingobacteriales","Sphingobacteriaceae","Pedobacter",NA,"ASV_20625",NA,"LIA_Control"
"Bacteria","Bacteroidota","Bacteroidia","Sphingobacteriales","Sphingobacteriaceae","Pedobacter",NA,"ASV_20626",NA,"LIA_Control"
"Bacteria","Bacteroidota","Bacteroidia","Sphingobacteriales","Sphingobacteriaceae","Pedobacter",NA,"ASV_20629",NA,"LIA_Control"
"Bacteria","Bacteroidota","Bacteroidia","Sphingobacteriales","Sphingobacteriaceae","Pedobacter",NA,"ASV_20635",NA,"LIA_Control"
"Bacteria","Bacteroidota","Bacteroidia","Sphingobacteriales","Sphingobacteriaceae","Pedobacter",NA,"ASV_20636",NA,"LIA_Control"
"Bacteria","Bacteroidota","Bacteroidia","Sphingobacteriales","Sphingobacteriaceae","Pedobacter",NA,"ASV_20637",NA,"LIA_Control"
"Bacteria","Bacteroidota","Bacteroidia","Sphingobacteriales","Sphingobacteriaceae","Pedobacter",NA,"ASV_20638",NA,"LIA_Control"
"Bacteria","Bacteroidota","Bacteroidia","Sphingobacteriales","Sphingobacteriaceae","Pedobacter",NA,"ASV_20639",NA,"LIA_Control"
"Bacteria","Bacteroidota","Bacteroidia","Sphingobacteriales","Sphingobacteriaceae","Pedobacter",NA,"ASV_20645",NA,"LIA_Control"
"Bacteria","Bacteroidota","Bacteroidia","Sphingobacteriales","Sphingobacteriaceae","Pedobacter",NA,"ASV_20646",NA,"LIA_Control"
"Bacteria","Bacteroidota","Bacteroidia","Sphingobacteriales","Sphingobacteriaceae","Pedobacter",NA,"ASV_20647",NA,"LIA_Control"
"Bacteria","Bacteroidota","Bacteroidia","Sphingobacteriales","Sphingobacteriaceae","Pedobacter",NA,"ASV_20652",NA,"LIA_Control"
"Bacteria","Bacteroidota","Bacteroidia","Sphingobacteriales","Sphingobacteriaceae","Pedobacter",NA,"ASV_20703",NA,"LIA_Control"
"Bacteria","Bacteroidota","Bacteroidia","Sphingobacteriales","Sphingobacteriaceae","Pedobacter",NA,"ASV_20705",NA,"LIA_Control"
"Bacteria","Bacteroidota","Bacteroidia","Sphingobacteriales","Sphingobacteriaceae","Pedobacter",NA,"ASV_20706",NA,"LIA_Control"
"Bacteria","Bacteroidota","Bacteroidia","Sphingobacteriales","Sphingobacteriaceae","Pedobacter",NA,"ASV_20707",NA,"LIA_Control"
"Bacteria","Bacteroidota","Bacteroidia","Sphingobacteriales","Sphingobacteriaceae","Pedobacter",NA,"ASV_20708",NA,"LIA_Control"
"Bacteria","Bacteroidota","Bacteroidia","Sphingobacteriales","Sphingobacteriaceae","Pedobacter",NA,"ASV_20710",NA,"LIA_Control"
"Bacteria","Bacteroidota","Bacteroidia","Sphingobacteriales","Sphingobacteriaceae","Pedobacter",NA,"ASV_20711",NA,"LIA_Control"
"Bacteria","Bacteroidota","Bacteroidia","Sphingobacteriales","Sphingobacteriaceae","Pedobacter",NA,"ASV_20713",NA,"LIA_Control"
"Bacteria","Bacteroidota","Bacteroidia","Sphingobacteriales","Sphingobacteriaceae","Pedobacter",NA,"ASV_20716",NA,"LIA_Control"
"Bacteria","Fibrobacterota","Chitinivibrionia","Incertae_Sedis","Incertae_Sedis","Incertae_Sedis",NA,"ASV_21724",NA,"LIA_Control"
"Bacteria","Fibrobacterota","Chitinivibrionia","Incertae_Sedis","Incertae_Sedis","Incertae_Sedis",NA,"ASV_21725",NA,"LIA_Control"
"Bacteria","Fibrobacterota","Chitinivibrionia","Incertae_Sedis","Incertae_Sedis","Incertae_Sedis",NA,"ASV_21726",NA,"LIA_Control"
"Bacteria","Fibrobacterota","Chitinivibrionia","Incertae_Sedis","Incertae_Sedis","Incertae_Sedis",NA,"ASV_21727",NA,"LIA_Control"
"Bacteria","Fibrobacterota","Chitinivibrionia","Incertae_Sedis","Incertae_Sedis","Incertae_Sedis",NA,"ASV_21728",NA,"LIA_Control"
