"","Kingdom","Phylum","Class","Order","Family","Genus","Species","latrineAbun","controlAbun"
"ASV_464","Bacteria","Bacteroidota","Bacteroidia","Incertae_Sedis","Incertae_Sedis","Incertae_Sedis",NA,0.13,0
"ASV_467","Bacteria","Bacteroidota","Bacteroidia","Chitinophagales","Chitinophagaceae","Incertae_Sedis",NA,0,0
"ASV_468","Bacteria","Bacteroidota","Bacteroidia","Chitinophagales","Chitinophagaceae","Incertae_Sedis",NA,0,0.17
"ASV_469","Bacteria","Bacteroidota","Bacteroidia","Chitinophagales","Chitinophagaceae","Sediminibacterium",NA,0,0
"ASV_470","Bacteria","Bacteroidota","Bacteroidia","Chitinophagales","Chitinophagaceae","Incertae_Sedis",NA,0,0.14
"ASV_471","Bacteria","Bacteroidota","Bacteroidia","Chitinophagales","Chitinophagaceae","Incertae_Sedis",NA,0,0
"ASV_472","Bacteria","Bacteroidota","Bacteroidia","Chitinophagales","Chitinophagaceae","Incertae_Sedis",NA,0.4,0
"ASV_473","Bacteria","Bacteroidota","Bacteroidia","Chitinophagales","Incertae_Sedis","Incertae_Sedis",NA,0,0
"ASV_475","Bacteria","Bacteroidota","Bacteroidia","Sphingobacteriales","AKYH767","Incertae_Sedis",NA,0,0
"ASV_476","Bacteria","Bacteroidota","Bacteroidia","Incertae_Sedis","Incertae_Sedis","Incertae_Sedis",NA,0.504,0
"ASV_477","Bacteria","Bacteroidota","Bacteroidia","Sphingobacteriales","Sphingobacteriaceae","Incertae_Sedis",NA,0,0
"ASV_478","Bacteria","Bacteroidota","Bacteroidia","Sphingobacteriales","Sphingobacteriaceae","Pedobacter",NA,0.128,0
"ASV_479","Bacteria","Bacteroidota","Bacteroidia","Incertae_Sedis","Incertae_Sedis","Incertae_Sedis",NA,0.19,0
"ASV_18055","Bacteria","Bacteroidota","Bacteroidia","Incertae_Sedis","Incertae_Sedis","Incertae_Sedis",NA,0,0
"ASV_18056","Bacteria","Bacteroidota","Bacteroidia","Incertae_Sedis","Incertae_Sedis","Incertae_Sedis",NA,0.14,0
"ASV_18057","Bacteria","Bacteroidota","Bacteroidia","Cytophagales","Microscillaceae","Incertae_Sedis",NA,0,0.684
"ASV_18058","Bacteria","Bacteroidota","Bacteroidia","Cytophagales","Microscillaceae","Incertae_Sedis",NA,0.13,0
"ASV_18060","Bacteria","Bacteroidota","Bacteroidia","Cytophagales","Spirosomataceae","Arcicella",NA,0,0
"ASV_18061","Bacteria","Bacteroidota","Bacteroidia","Cytophagales","Spirosomataceae","Incertae_Sedis",NA,0,0
"ASV_18062","Bacteria","Bacteroidota","Bacteroidia","Cytophagales","Cytophagaceae","Siphonobacter",NA,49.738,0
"ASV_18063","Bacteria","Bacteroidota","Bacteroidia","Cytophagales","Cytophagaceae","Siphonobacter",NA,0,0.66
"ASV_18064","Bacteria","Bacteroidota","Bacteroidia","Cytophagales","Cytophagaceae","Siphonobacter",NA,0,0
"ASV_18065","Bacteria","Bacteroidota","Bacteroidia","Cytophagales","Cytophagaceae","Siphonobacter",NA,8.054,0
"ASV_18066","Bacteria","Bacteroidota","Bacteroidia","Cytophagales","Cytophagaceae","Siphonobacter",NA,99.16,0
"ASV_18067","Bacteria","Bacteroidota","Bacteroidia","Cytophagales","Cytophagaceae","Siphonobacter",NA,16.256,0
"ASV_18068","Bacteria","Bacteroidota","Bacteroidia","Incertae_Sedis","Incertae_Sedis","Incertae_Sedis",NA,0,4.34
"ASV_18069","Bacteria","Bacteroidota","Bacteroidia","Incertae_Sedis","Incertae_Sedis","Incertae_Sedis",NA,0,1.286
"ASV_18070","Bacteria","Bacteroidota","Bacteroidia","Incertae_Sedis","Incertae_Sedis","Incertae_Sedis",NA,0,2.948
"ASV_18071","Bacteria","Bacteroidota","Bacteroidia","Incertae_Sedis","Incertae_Sedis","Incertae_Sedis",NA,0,3.48
"ASV_18072","Bacteria","Bacteroidota","Bacteroidia","Cytophagales","Incertae_Sedis","Incertae_Sedis",NA,0.596,0
"ASV_18073","Bacteria","Bacteroidota","Bacteroidia","Cytophagales","Incertae_Sedis","Incertae_Sedis",NA,0,0.852
"ASV_18074","Bacteria","Bacteroidota","Bacteroidia","Cytophagales","Incertae_Sedis","Incertae_Sedis",NA,0,0.692
"ASV_18075","Bacteria","Bacteroidota","Bacteroidia","Cytophagales","Incertae_Sedis","Incertae_Sedis",NA,0,17.036
"ASV_18076","Bacteria","Bacteroidota","Bacteroidia","Cytophagales","Incertae_Sedis","Incertae_Sedis",NA,1.234,9.206
"ASV_18077","Bacteria","Bacteroidota","Bacteroidia","Cytophagales","Incertae_Sedis","Incertae_Sedis",NA,0.482,0
"ASV_18078","Bacteria","Bacteroidota","Bacteroidia","Cytophagales","Cytophagaceae","Rhodocytophaga",NA,1.09,0
"ASV_18079","Bacteria","Bacteroidota","Bacteroidia","Cytophagales","Cytophagaceae","Rhodocytophaga",NA,12.406,0
"ASV_18080","Bacteria","Bacteroidota","Bacteroidia","Cytophagales","Cytophagaceae","Incertae_Sedis",NA,0,2.154
"ASV_18081","Bacteria","Bacteroidota","Bacteroidia","Cytophagales","Cytophagaceae","Incertae_Sedis",NA,0.346,0
"ASV_18082","Bacteria","Bacteroidota","Bacteroidia","Cytophagales","Cytophagaceae","Incertae_Sedis",NA,0,3.128
"ASV_18083","Bacteria","Bacteroidota","Bacteroidia","Cytophagales","Hymenobacteraceae","Hymenobacter",NA,0,0
"ASV_18084","Bacteria","Bacteroidota","Bacteroidia","Cytophagales","Hymenobacteraceae","Hymenobacter",NA,0.332,0
"ASV_18085","Bacteria","Bacteroidota","Bacteroidia","Cytophagales","Hymenobacteraceae","Hymenobacter",NA,0,1.448
"ASV_18086","Bacteria","Bacteroidota","Bacteroidia","Cytophagales","Hymenobacteraceae","Hymenobacter",NA,0.628,0
"ASV_18087","Bacteria","Bacteroidota","Bacteroidia","Cytophagales","Hymenobacteraceae","Hymenobacter",NA,0.39,6.8
"ASV_18088","Bacteria","Bacteroidota","Bacteroidia","Cytophagales","Hymenobacteraceae","Hymenobacter",NA,0,4.504
"ASV_18089","Bacteria","Bacteroidota","Bacteroidia","Cytophagales","Hymenobacteraceae","Hymenobacter",NA,0,1.418
"ASV_18090","Bacteria","Bacteroidota","Bacteroidia","Cytophagales","Hymenobacteraceae","Hymenobacter",NA,0,0.81
"ASV_18091","Bacteria","Bacteroidota","Bacteroidia","Cytophagales","Hymenobacteraceae","Hymenobacter",NA,2.932,0.96
"ASV_18092","Bacteria","Bacteroidota","Bacteroidia","Cytophagales","Hymenobacteraceae","Hymenobacter",NA,0,1.256
"ASV_18093","Bacteria","Bacteroidota","Bacteroidia","Cytophagales","Hymenobacteraceae","Hymenobacter",NA,0,0
"ASV_18094","Bacteria","Bacteroidota","Bacteroidia","Cytophagales","Hymenobacteraceae","Hymenobacter",NA,0,0.718
"ASV_18095","Bacteria","Bacteroidota","Bacteroidia","Cytophagales","Hymenobacteraceae","Hymenobacter",NA,0,0
"ASV_18096","Bacteria","Bacteroidota","Bacteroidia","Cytophagales","Hymenobacteraceae","Hymenobacter",NA,3.804,21.292
"ASV_18097","Bacteria","Bacteroidota","Bacteroidia","Cytophagales","Hymenobacteraceae","Hymenobacter",NA,2.17,0
"ASV_18098","Bacteria","Bacteroidota","Bacteroidia","Cytophagales","Hymenobacteraceae","Hymenobacter",NA,0.426,0
"ASV_18099","Bacteria","Bacteroidota","Bacteroidia","Cytophagales","Hymenobacteraceae","Hymenobacter",NA,0,0
"ASV_18100","Bacteria","Bacteroidota","Bacteroidia","Cytophagales","Hymenobacteraceae","Hymenobacter",NA,0,11.904
"ASV_18101","Bacteria","Bacteroidota","Bacteroidia","Cytophagales","Hymenobacteraceae","Hymenobacter",NA,0,1.788
"ASV_18102","Bacteria","Bacteroidota","Bacteroidia","Cytophagales","Hymenobacteraceae","Hymenobacter",NA,0,15.392
"ASV_18103","Bacteria","Bacteroidota","Bacteroidia","Cytophagales","Hymenobacteraceae","Hymenobacter",NA,0.584,0
"ASV_18104","Bacteria","Bacteroidota","Bacteroidia","Cytophagales","Hymenobacteraceae","Adhaeribacter",NA,0.582,0
"ASV_18105","Bacteria","Bacteroidota","Bacteroidia","Cytophagales","Hymenobacteraceae","Adhaeribacter",NA,0,0
"ASV_18106","Bacteria","Bacteroidota","Bacteroidia","Cytophagales","Hymenobacteraceae","Adhaeribacter",NA,5.222,0
"ASV_18107","Bacteria","Bacteroidota","Bacteroidia","Cytophagales","Hymenobacteraceae","Adhaeribacter",NA,1.536,0
"ASV_18108","Bacteria","Bacteroidota","Bacteroidia","Cytophagales","Hymenobacteraceae","Adhaeribacter",NA,6.956,0
"ASV_18109","Bacteria","Bacteroidota","Bacteroidia","Cytophagales","Hymenobacteraceae","Adhaeribacter",NA,2.314,0
"ASV_18110","Bacteria","Bacteroidota","Bacteroidia","Cytophagales","Hymenobacteraceae","Adhaeribacter",NA,0,0
"ASV_18111","Bacteria","Bacteroidota","Bacteroidia","Cytophagales","Hymenobacteraceae","Adhaeribacter",NA,0,1.854
"ASV_18112","Bacteria","Bacteroidota","Bacteroidia","Cytophagales","Hymenobacteraceae","Adhaeribacter",NA,6.298,0
"ASV_18113","Bacteria","Bacteroidota","Bacteroidia","Cytophagales","Hymenobacteraceae","Adhaeribacter",NA,0.372,0
"ASV_18114","Bacteria","Bacteroidota","Bacteroidia","Cytophagales","Hymenobacteraceae","Adhaeribacter",NA,0,3.852
"ASV_18115","Bacteria","Bacteroidota","Bacteroidia","Cytophagales","Hymenobacteraceae","Adhaeribacter",NA,0,7.402
"ASV_18116","Bacteria","Bacteroidota","Bacteroidia","Cytophagales","Hymenobacteraceae","Adhaeribacter",NA,0,0
"ASV_18117","Bacteria","Bacteroidota","Bacteroidia","Cytophagales","Hymenobacteraceae","Adhaeribacter",NA,22.292,15.726
"ASV_18118","Bacteria","Bacteroidota","Bacteroidia","Cytophagales","Hymenobacteraceae","Adhaeribacter",NA,19.48,7.376
"ASV_18119","Bacteria","Bacteroidota","Bacteroidia","Cytophagales","Hymenobacteraceae","Adhaeribacter",NA,0,1.546
"ASV_18120","Bacteria","Bacteroidota","Bacteroidia","Cytophagales","Hymenobacteraceae","Adhaeribacter",NA,0,0
"ASV_18121","Bacteria","Bacteroidota","Bacteroidia","Cytophagales","Hymenobacteraceae","Adhaeribacter",NA,12.032,0
"ASV_18122","Bacteria","Bacteroidota","Bacteroidia","Cytophagales","Hymenobacteraceae","Adhaeribacter",NA,0,0
"ASV_18123","Bacteria","Bacteroidota","Bacteroidia","Cytophagales","Hymenobacteraceae","Adhaeribacter",NA,18.182,0
"ASV_18124","Bacteria","Bacteroidota","Bacteroidia","Cytophagales","Hymenobacteraceae","Adhaeribacter",NA,0,27.87
"ASV_18125","Bacteria","Bacteroidota","Bacteroidia","Cytophagales","Hymenobacteraceae","Adhaeribacter",NA,0,14.522
"ASV_18126","Bacteria","Bacteroidota","Bacteroidia","Cytophagales","Hymenobacteraceae","Hymenobacter",NA,0.672,1.178
"ASV_18127","Bacteria","Bacteroidota","Bacteroidia","Cytophagales","Hymenobacteraceae","Hymenobacter",NA,0,4.006
"ASV_18128","Bacteria","Bacteroidota","Bacteroidia","Cytophagales","Hymenobacteraceae","Hymenobacter",NA,0,2.946
"ASV_18129","Bacteria","Bacteroidota","Bacteroidia","Incertae_Sedis","Incertae_Sedis","Incertae_Sedis",NA,0,1.504
"ASV_18130","Bacteria","Bacteroidota","Bacteroidia","Incertae_Sedis","Incertae_Sedis","Incertae_Sedis",NA,0,0.42
"ASV_18131","Bacteria","Bacteroidota","Bacteroidia","Incertae_Sedis","Incertae_Sedis","Incertae_Sedis",NA,1.986,5.942
"ASV_18132","Bacteria","Bacteroidota","Bacteroidia","Incertae_Sedis","Incertae_Sedis","Incertae_Sedis",NA,1.546,0
"ASV_18133","Bacteria","Bacteroidota","Bacteroidia","Incertae_Sedis","Incertae_Sedis","Incertae_Sedis",NA,0,2.77
"ASV_18134","Bacteria","Bacteroidota","Bacteroidia","Incertae_Sedis","Incertae_Sedis","Incertae_Sedis",NA,0,3.798
"ASV_18135","Bacteria","Bacteroidota","Bacteroidia","Incertae_Sedis","Incertae_Sedis","Incertae_Sedis",NA,0,38.106
"ASV_18136","Bacteria","Bacteroidota","Bacteroidia","Incertae_Sedis","Incertae_Sedis","Incertae_Sedis",NA,0,8.788
"ASV_18137","Bacteria","Bacteroidota","Bacteroidia","Incertae_Sedis","Incertae_Sedis","Incertae_Sedis",NA,0,9.784
"ASV_18138","Bacteria","Bacteroidota","Bacteroidia","Incertae_Sedis","Incertae_Sedis","Incertae_Sedis",NA,0,13.166
"ASV_18139","Bacteria","Bacteroidota","Bacteroidia","Incertae_Sedis","Incertae_Sedis","Incertae_Sedis",NA,0,14.632
"ASV_18140","Bacteria","Bacteroidota","Bacteroidia","Incertae_Sedis","Incertae_Sedis","Incertae_Sedis",NA,0,2.746
"ASV_18141","Bacteria","Bacteroidota","Bacteroidia","Incertae_Sedis","Incertae_Sedis","Incertae_Sedis",NA,0,4.378
"ASV_18142","Bacteria","Bacteroidota","Bacteroidia","Incertae_Sedis","Incertae_Sedis","Incertae_Sedis",NA,0.38,0
"ASV_18143","Bacteria","Bacteroidota","Bacteroidia","Incertae_Sedis","Incertae_Sedis","Incertae_Sedis",NA,0,0.79
"ASV_18144","Bacteria","Bacteroidota","Bacteroidia","Incertae_Sedis","Incertae_Sedis","Incertae_Sedis",NA,0,0.44
"ASV_18145","Bacteria","Bacteroidota","Bacteroidia","Incertae_Sedis","Incertae_Sedis","Incertae_Sedis",NA,0.564,5.348
"ASV_18146","Bacteria","Bacteroidota","Bacteroidia","Cytophagales","Hymenobacteraceae","Hymenobacter",NA,0,0
"ASV_18147","Bacteria","Bacteroidota","Bacteroidia","Cytophagales","Hymenobacteraceae","Hymenobacter",NA,0,0
"ASV_18148","Bacteria","Bacteroidota","Bacteroidia","Cytophagales","Hymenobacteraceae","Hymenobacter",NA,0,7.962
"ASV_18149","Bacteria","Bacteroidota","Bacteroidia","Cytophagales","Hymenobacteraceae","Hymenobacter",NA,0,42.596
"ASV_18150","Bacteria","Bacteroidota","Bacteroidia","Cytophagales","Hymenobacteraceae","Hymenobacter",NA,0,10.156
"ASV_18151","Bacteria","Bacteroidota","Bacteroidia","Cytophagales","Hymenobacteraceae","Hymenobacter",NA,0,2.516
"ASV_18152","Bacteria","Bacteroidota","Bacteroidia","Cytophagales","Hymenobacteraceae","Hymenobacter",NA,0,8.674
"ASV_18153","Bacteria","Bacteroidota","Bacteroidia","Cytophagales","Hymenobacteraceae","Hymenobacter",NA,0,107.256
"ASV_18154","Bacteria","Bacteroidota","Bacteroidia","Cytophagales","Hymenobacteraceae","Hymenobacter",NA,0,15.386
"ASV_18155","Bacteria","Bacteroidota","Bacteroidia","Cytophagales","Hymenobacteraceae","Hymenobacter",NA,0,6.152
"ASV_18156","Bacteria","Bacteroidota","Bacteroidia","Cytophagales","Hymenobacteraceae","Hymenobacter",NA,0,11.654
"ASV_18157","Bacteria","Bacteroidota","Bacteroidia","Cytophagales","Hymenobacteraceae","Hymenobacter",NA,0,8.316
"ASV_18158","Bacteria","Bacteroidota","Bacteroidia","Cytophagales","Hymenobacteraceae","Hymenobacter",NA,0,0
"ASV_18159","Bacteria","Bacteroidota","Bacteroidia","Cytophagales","Hymenobacteraceae","Hymenobacter",NA,0,7.57
"ASV_18160","Bacteria","Bacteroidota","Bacteroidia","Cytophagales","Hymenobacteraceae","Hymenobacter",NA,0,7.804
"ASV_18161","Bacteria","Bacteroidota","Bacteroidia","Cytophagales","Hymenobacteraceae","Hymenobacter",NA,0,0
"ASV_18162","Bacteria","Bacteroidota","Bacteroidia","Cytophagales","Hymenobacteraceae","Hymenobacter",NA,0,1.178
"ASV_18163","Bacteria","Bacteroidota","Bacteroidia","Cytophagales","Hymenobacteraceae","Hymenobacter",NA,0,0
"ASV_18164","Bacteria","Bacteroidota","Bacteroidia","Cytophagales","Hymenobacteraceae","Hymenobacter",NA,0,2.488
"ASV_18165","Bacteria","Bacteroidota","Bacteroidia","Cytophagales","Hymenobacteraceae","Hymenobacter",NA,0,0
"ASV_18166","Bacteria","Bacteroidota","Bacteroidia","Cytophagales","Hymenobacteraceae","Hymenobacter",NA,0,1.356
"ASV_18167","Bacteria","Bacteroidota","Bacteroidia","Cytophagales","Hymenobacteraceae","Hymenobacter",NA,0,32.502
"ASV_18168","Bacteria","Bacteroidota","Bacteroidia","Cytophagales","Hymenobacteraceae","Hymenobacter",NA,0,53.632
"ASV_18169","Bacteria","Bacteroidota","Bacteroidia","Cytophagales","Hymenobacteraceae","Hymenobacter",NA,0,3.078
"ASV_18170","Bacteria","Bacteroidota","Bacteroidia","Cytophagales","Hymenobacteraceae","Hymenobacter",NA,0,2.116
"ASV_18171","Bacteria","Bacteroidota","Bacteroidia","Cytophagales","Hymenobacteraceae","Hymenobacter",NA,0,16.82
"ASV_18172","Bacteria","Bacteroidota","Bacteroidia","Cytophagales","Hymenobacteraceae","Hymenobacter",NA,0,41.72
"ASV_18173","Bacteria","Bacteroidota","Bacteroidia","Cytophagales","Hymenobacteraceae","Hymenobacter",NA,0,1.702
"ASV_18174","Bacteria","Bacteroidota","Bacteroidia","Cytophagales","Hymenobacteraceae","Hymenobacter",NA,0,0
"ASV_18175","Bacteria","Bacteroidota","Bacteroidia","Cytophagales","Hymenobacteraceae","Hymenobacter",NA,0,21.032
"ASV_18176","Bacteria","Bacteroidota","Bacteroidia","Cytophagales","Hymenobacteraceae","Hymenobacter",NA,0,18.404
"ASV_18177","Bacteria","Bacteroidota","Bacteroidia","Cytophagales","Hymenobacteraceae","Hymenobacter",NA,0,1.174
"ASV_18178","Bacteria","Bacteroidota","Bacteroidia","Cytophagales","Hymenobacteraceae","Hymenobacter",NA,0,7.814
"ASV_18179","Bacteria","Bacteroidota","Bacteroidia","Cytophagales","Hymenobacteraceae","Hymenobacter",NA,0,2.002
"ASV_18180","Bacteria","Bacteroidota","Bacteroidia","Cytophagales","Hymenobacteraceae","Hymenobacter",NA,0,37.13
"ASV_18181","Bacteria","Bacteroidota","Bacteroidia","Cytophagales","Hymenobacteraceae","Hymenobacter",NA,0,0
"ASV_18182","Bacteria","Bacteroidota","Bacteroidia","Cytophagales","Hymenobacteraceae","Hymenobacter",NA,0,3.684
"ASV_18183","Bacteria","Bacteroidota","Bacteroidia","Cytophagales","Hymenobacteraceae","Hymenobacter",NA,0,0
"ASV_18184","Bacteria","Bacteroidota","Bacteroidia","Cytophagales","Hymenobacteraceae","Hymenobacter",NA,6.032,0
"ASV_18185","Bacteria","Bacteroidota","Bacteroidia","Cytophagales","Hymenobacteraceae","Hymenobacter",NA,0,16.582
"ASV_18186","Bacteria","Bacteroidota","Bacteroidia","Cytophagales","Hymenobacteraceae","Hymenobacter",NA,0,5.074
"ASV_18187","Bacteria","Bacteroidota","Bacteroidia","Cytophagales","Hymenobacteraceae","Hymenobacter",NA,0,7.94
"ASV_18188","Bacteria","Bacteroidota","Bacteroidia","Cytophagales","Hymenobacteraceae","Hymenobacter",NA,0,1.526
"ASV_18189","Bacteria","Bacteroidota","Bacteroidia","Cytophagales","Hymenobacteraceae","Hymenobacter",NA,0,1.808
"ASV_18190","Bacteria","Bacteroidota","Bacteroidia","Cytophagales","Hymenobacteraceae","Hymenobacter",NA,0,5.476
"ASV_18191","Bacteria","Bacteroidota","Bacteroidia","Cytophagales","Hymenobacteraceae","Hymenobacter",NA,0,0
"ASV_18192","Bacteria","Bacteroidota","Bacteroidia","Cytophagales","Hymenobacteraceae","Hymenobacter",NA,0,2.32
"ASV_18193","Bacteria","Bacteroidota","Bacteroidia","Cytophagales","Hymenobacteraceae","Hymenobacter",NA,0,2.754
"ASV_18194","Bacteria","Bacteroidota","Bacteroidia","Cytophagales","Hymenobacteraceae","Hymenobacter",NA,0,0
"ASV_18195","Bacteria","Bacteroidota","Bacteroidia","Cytophagales","Hymenobacteraceae","Hymenobacter",NA,0,0
"ASV_18196","Bacteria","Bacteroidota","Bacteroidia","Cytophagales","Hymenobacteraceae","Hymenobacter",NA,0,0.984
"ASV_18197","Bacteria","Bacteroidota","Bacteroidia","Cytophagales","Hymenobacteraceae","Hymenobacter",NA,0,2.036
"ASV_18198","Bacteria","Bacteroidota","Bacteroidia","Cytophagales","Hymenobacteraceae","Hymenobacter",NA,0,0
"ASV_18199","Bacteria","Bacteroidota","Bacteroidia","Cytophagales","Hymenobacteraceae","Hymenobacter",NA,0,1.254
"ASV_18200","Bacteria","Bacteroidota","Bacteroidia","Cytophagales","Hymenobacteraceae","Hymenobacter",NA,0,1.01
"ASV_18201","Bacteria","Bacteroidota","Bacteroidia","Cytophagales","Hymenobacteraceae","Hymenobacter",NA,0,0.34
"ASV_18202","Bacteria","Bacteroidota","Bacteroidia","Cytophagales","Hymenobacteraceae","Hymenobacter",NA,0,26.506
"ASV_18203","Bacteria","Bacteroidota","Bacteroidia","Cytophagales","Hymenobacteraceae","Hymenobacter",NA,0,0
"ASV_18204","Bacteria","Bacteroidota","Bacteroidia","Cytophagales","Hymenobacteraceae","Hymenobacter",NA,0,4.356
"ASV_18205","Bacteria","Bacteroidota","Bacteroidia","Cytophagales","Hymenobacteraceae","Hymenobacter",NA,0,2.502
"ASV_18206","Bacteria","Bacteroidota","Bacteroidia","Cytophagales","Hymenobacteraceae","Hymenobacter",NA,0,2.254
"ASV_18207","Bacteria","Bacteroidota","Bacteroidia","Cytophagales","Hymenobacteraceae","Hymenobacter",NA,3.266,20.154
"ASV_18208","Bacteria","Bacteroidota","Bacteroidia","Cytophagales","Hymenobacteraceae","Hymenobacter",NA,0,7.538
"ASV_18209","Bacteria","Bacteroidota","Bacteroidia","Cytophagales","Hymenobacteraceae","Hymenobacter",NA,7.814,0
"ASV_18210","Bacteria","Bacteroidota","Bacteroidia","Cytophagales","Hymenobacteraceae","Hymenobacter",NA,2.454,9.694
"ASV_18211","Bacteria","Bacteroidota","Bacteroidia","Cytophagales","Hymenobacteraceae","Hymenobacter",NA,1.092,0
"ASV_18212","Bacteria","Bacteroidota","Bacteroidia","Cytophagales","Hymenobacteraceae","Hymenobacter",NA,1.298,0
"ASV_18213","Bacteria","Bacteroidota","Bacteroidia","Cytophagales","Hymenobacteraceae","Hymenobacter",NA,0.984,0
"ASV_18214","Bacteria","Bacteroidota","Bacteroidia","Cytophagales","Hymenobacteraceae","Hymenobacter",NA,0,0
"ASV_18215","Bacteria","Bacteroidota","Bacteroidia","Cytophagales","Hymenobacteraceae","Hymenobacter",NA,0,3.244
"ASV_18216","Bacteria","Bacteroidota","Bacteroidia","Cytophagales","Hymenobacteraceae","Hymenobacter",NA,3.636,0
"ASV_18217","Bacteria","Bacteroidota","Bacteroidia","Cytophagales","Hymenobacteraceae","Hymenobacter",NA,0,5.348
"ASV_18218","Bacteria","Bacteroidota","Bacteroidia","Cytophagales","Hymenobacteraceae","Hymenobacter",NA,0,2.096
"ASV_18219","Bacteria","Bacteroidota","Bacteroidia","Cytophagales","Hymenobacteraceae","Hymenobacter",NA,0,56.268
"ASV_18220","Bacteria","Bacteroidota","Bacteroidia","Cytophagales","Hymenobacteraceae","Hymenobacter",NA,3.39,24.888
"ASV_18221","Bacteria","Bacteroidota","Bacteroidia","Cytophagales","Hymenobacteraceae","Hymenobacter",NA,5.486,0
"ASV_18222","Bacteria","Bacteroidota","Bacteroidia","Cytophagales","Hymenobacteraceae","Hymenobacter",NA,0,10.646
"ASV_18223","Bacteria","Bacteroidota","Bacteroidia","Cytophagales","Hymenobacteraceae","Hymenobacter",NA,1.45,5.068
"ASV_18224","Bacteria","Bacteroidota","Bacteroidia","Cytophagales","Hymenobacteraceae","Hymenobacter",NA,0,5.458
"ASV_18225","Bacteria","Bacteroidota","Bacteroidia","Cytophagales","Hymenobacteraceae","Hymenobacter",NA,0,4.462
"ASV_18226","Bacteria","Bacteroidota","Bacteroidia","Cytophagales","Hymenobacteraceae","Hymenobacter",NA,0,8.972
"ASV_18227","Bacteria","Bacteroidota","Bacteroidia","Cytophagales","Hymenobacteraceae","Hymenobacter",NA,0,3.05
"ASV_18228","Bacteria","Bacteroidota","Bacteroidia","Cytophagales","Hymenobacteraceae","Hymenobacter",NA,0,2.564
"ASV_18229","Bacteria","Bacteroidota","Bacteroidia","Cytophagales","Hymenobacteraceae","Hymenobacter",NA,0,9.462
"ASV_18230","Bacteria","Bacteroidota","Bacteroidia","Cytophagales","Hymenobacteraceae","Hymenobacter",NA,0,4.946
"ASV_18231","Bacteria","Bacteroidota","Bacteroidia","Cytophagales","Hymenobacteraceae","Hymenobacter",NA,0,79.078
"ASV_18232","Bacteria","Bacteroidota","Bacteroidia","Cytophagales","Hymenobacteraceae","Hymenobacter",NA,0,1.434
"ASV_18233","Bacteria","Bacteroidota","Bacteroidia","Cytophagales","Hymenobacteraceae","Hymenobacter",NA,0,11.582
"ASV_18234","Bacteria","Bacteroidota","Bacteroidia","Cytophagales","Hymenobacteraceae","Hymenobacter",NA,0,1.158
"ASV_18235","Bacteria","Bacteroidota","Bacteroidia","Cytophagales","Hymenobacteraceae","Hymenobacter",NA,0,2.534
"ASV_18236","Bacteria","Bacteroidota","Bacteroidia","Cytophagales","Hymenobacteraceae","Hymenobacter",NA,0,0
"ASV_18237","Bacteria","Bacteroidota","Bacteroidia","Cytophagales","Hymenobacteraceae","Hymenobacter",NA,0,9.466
"ASV_18238","Bacteria","Bacteroidota","Bacteroidia","Cytophagales","Hymenobacteraceae","Hymenobacter",NA,0,4.612
"ASV_18239","Bacteria","Bacteroidota","Bacteroidia","Cytophagales","Hymenobacteraceae","Hymenobacter",NA,0,1.352
"ASV_18240","Bacteria","Bacteroidota","Bacteroidia","Cytophagales","Hymenobacteraceae","Hymenobacter",NA,0,13.38
"ASV_18241","Bacteria","Bacteroidota","Bacteroidia","Cytophagales","Hymenobacteraceae","Hymenobacter",NA,0,2.59
"ASV_18242","Bacteria","Bacteroidota","Bacteroidia","Cytophagales","Hymenobacteraceae","Hymenobacter",NA,5.59,80.978
"ASV_18243","Bacteria","Bacteroidota","Bacteroidia","Cytophagales","Hymenobacteraceae","Hymenobacter",NA,1.384,0
"ASV_18244","Bacteria","Bacteroidota","Bacteroidia","Cytophagales","Hymenobacteraceae","Hymenobacter",NA,0,19.164
"ASV_18245","Bacteria","Bacteroidota","Bacteroidia","Cytophagales","Hymenobacteraceae","Hymenobacter",NA,0,0
"ASV_18246","Bacteria","Bacteroidota","Bacteroidia","Cytophagales","Hymenobacteraceae","Hymenobacter",NA,0,1.412
"ASV_18247","Bacteria","Bacteroidota","Bacteroidia","Cytophagales","Hymenobacteraceae","Hymenobacter",NA,0,1.092
"ASV_18248","Bacteria","Bacteroidota","Bacteroidia","Cytophagales","Hymenobacteraceae","Hymenobacter",NA,0,0
"ASV_18249","Bacteria","Bacteroidota","Bacteroidia","Cytophagales","Hymenobacteraceae","Hymenobacter",NA,0,4.51
"ASV_18250","Bacteria","Bacteroidota","Bacteroidia","Cytophagales","Hymenobacteraceae","Hymenobacter",NA,0,2.048
"ASV_18251","Bacteria","Bacteroidota","Bacteroidia","Cytophagales","Hymenobacteraceae","Hymenobacter",NA,0,8.572
"ASV_18252","Bacteria","Bacteroidota","Bacteroidia","Cytophagales","Hymenobacteraceae","Hymenobacter",NA,0,13.624
"ASV_18253","Bacteria","Bacteroidota","Bacteroidia","Cytophagales","Hymenobacteraceae","Hymenobacter",NA,0,1.154
"ASV_18254","Bacteria","Bacteroidota","Bacteroidia","Cytophagales","Hymenobacteraceae","Hymenobacter",NA,0,0
"ASV_18255","Bacteria","Bacteroidota","Bacteroidia","Cytophagales","Hymenobacteraceae","Hymenobacter",NA,0,0
"ASV_18256","Bacteria","Bacteroidota","Bacteroidia","Cytophagales","Hymenobacteraceae","Hymenobacter",NA,0,0.956
"ASV_18257","Bacteria","Bacteroidota","Bacteroidia","Cytophagales","Hymenobacteraceae","Hymenobacter",NA,0,7.216
"ASV_18258","Bacteria","Bacteroidota","Bacteroidia","Cytophagales","Hymenobacteraceae","Hymenobacter",NA,0,5.41
"ASV_18259","Bacteria","Bacteroidota","Bacteroidia","Cytophagales","Hymenobacteraceae","Hymenobacter",NA,0,2.114
"ASV_18260","Bacteria","Bacteroidota","Bacteroidia","Cytophagales","Hymenobacteraceae","Hymenobacter",NA,0,1.09
"ASV_18261","Bacteria","Bacteroidota","Bacteroidia","Cytophagales","Hymenobacteraceae","Hymenobacter",NA,0,0
"ASV_18262","Bacteria","Bacteroidota","Bacteroidia","Cytophagales","Hymenobacteraceae","Hymenobacter",NA,0,0
"ASV_18263","Bacteria","Bacteroidota","Bacteroidia","Cytophagales","Hymenobacteraceae","Hymenobacter",NA,0,8.336
"ASV_18264","Bacteria","Bacteroidota","Bacteroidia","Cytophagales","Hymenobacteraceae","Hymenobacter",NA,0,12.102
"ASV_18265","Bacteria","Bacteroidota","Bacteroidia","Cytophagales","Hymenobacteraceae","Hymenobacter",NA,0,0
"ASV_18266","Bacteria","Bacteroidota","Bacteroidia","Cytophagales","Hymenobacteraceae","Hymenobacter",NA,0,0
"ASV_18267","Bacteria","Bacteroidota","Bacteroidia","Cytophagales","Hymenobacteraceae","Hymenobacter",NA,0,0
"ASV_18268","Bacteria","Bacteroidota","Bacteroidia","Cytophagales","Hymenobacteraceae","Hymenobacter",NA,3.668,250.468
"ASV_18269","Bacteria","Bacteroidota","Bacteroidia","Cytophagales","Hymenobacteraceae","Hymenobacter",NA,0,1.946
"ASV_18270","Bacteria","Bacteroidota","Bacteroidia","Cytophagales","Hymenobacteraceae","Hymenobacter",NA,0.828,0
"ASV_18271","Bacteria","Bacteroidota","Bacteroidia","Cytophagales","Hymenobacteraceae","Hymenobacter",NA,0,13.006
"ASV_18272","Bacteria","Bacteroidota","Bacteroidia","Cytophagales","Hymenobacteraceae","Hymenobacter",NA,0,4.29
"ASV_18273","Bacteria","Bacteroidota","Bacteroidia","Cytophagales","Hymenobacteraceae","Hymenobacter",NA,0,2.224
"ASV_18274","Bacteria","Bacteroidota","Bacteroidia","Cytophagales","Hymenobacteraceae","Hymenobacter",NA,0,11.818
"ASV_18275","Bacteria","Bacteroidota","Bacteroidia","Cytophagales","Hymenobacteraceae","Hymenobacter",NA,0,0.958
"ASV_18276","Bacteria","Bacteroidota","Bacteroidia","Cytophagales","Hymenobacteraceae","Hymenobacter",NA,0,0.616
"ASV_18277","Bacteria","Bacteroidota","Bacteroidia","Cytophagales","Hymenobacteraceae","Hymenobacter",NA,0,0
"ASV_18278","Bacteria","Bacteroidota","Bacteroidia","Cytophagales","Hymenobacteraceae","Hymenobacter",NA,0,2.488
"ASV_18279","Bacteria","Bacteroidota","Bacteroidia","Cytophagales","Hymenobacteraceae","Hymenobacter",NA,0,44.686
"ASV_18280","Bacteria","Bacteroidota","Bacteroidia","Cytophagales","Hymenobacteraceae","Hymenobacter",NA,0,2.716
"ASV_18281","Bacteria","Bacteroidota","Bacteroidia","Cytophagales","Hymenobacteraceae","Hymenobacter",NA,0,0
"ASV_18282","Bacteria","Bacteroidota","Bacteroidia","Cytophagales","Hymenobacteraceae","Hymenobacter",NA,0,3.488
"ASV_18283","Bacteria","Bacteroidota","Bacteroidia","Cytophagales","Hymenobacteraceae","Hymenobacter",NA,0,2.352
"ASV_18284","Bacteria","Bacteroidota","Bacteroidia","Cytophagales","Hymenobacteraceae","Hymenobacter",NA,0,0
"ASV_18285","Bacteria","Bacteroidota","Bacteroidia","Cytophagales","Hymenobacteraceae","Hymenobacter",NA,0,3.596
"ASV_18286","Bacteria","Bacteroidota","Bacteroidia","Cytophagales","Hymenobacteraceae","Hymenobacter",NA,0.812,0.768
"ASV_18287","Bacteria","Bacteroidota","Bacteroidia","Cytophagales","Hymenobacteraceae","Hymenobacter",NA,0,8.294
"ASV_18288","Bacteria","Bacteroidota","Bacteroidia","Cytophagales","Hymenobacteraceae","Hymenobacter",NA,0,5.39
"ASV_18289","Bacteria","Bacteroidota","Bacteroidia","Cytophagales","Hymenobacteraceae","Hymenobacter",NA,0,1.258
"ASV_18290","Bacteria","Bacteroidota","Bacteroidia","Cytophagales","Hymenobacteraceae","Hymenobacter",NA,0,0
"ASV_18291","Bacteria","Bacteroidota","Bacteroidia","Cytophagales","Hymenobacteraceae","Hymenobacter",NA,0,5.674
"ASV_18292","Bacteria","Bacteroidota","Bacteroidia","Cytophagales","Hymenobacteraceae","Hymenobacter",NA,0,5.688
"ASV_18293","Bacteria","Bacteroidota","Bacteroidia","Cytophagales","Hymenobacteraceae","Hymenobacter",NA,0,3.514
"ASV_18294","Bacteria","Bacteroidota","Bacteroidia","Cytophagales","Hymenobacteraceae","Hymenobacter",NA,0,0
"ASV_18295","Bacteria","Bacteroidota","Bacteroidia","Cytophagales","Hymenobacteraceae","Hymenobacter",NA,0,0
"ASV_18296","Bacteria","Bacteroidota","Bacteroidia","Cytophagales","Hymenobacteraceae","Hymenobacter",NA,0,0
"ASV_18297","Bacteria","Bacteroidota","Bacteroidia","Cytophagales","Hymenobacteraceae","Hymenobacter",NA,0,1.024
"ASV_18298","Bacteria","Bacteroidota","Bacteroidia","Cytophagales","Hymenobacteraceae","Hymenobacter",NA,2.386,0
"ASV_18299","Bacteria","Bacteroidota","Bacteroidia","Cytophagales","Hymenobacteraceae","Hymenobacter",NA,0,0.768
"ASV_18300","Bacteria","Bacteroidota","Bacteroidia","Cytophagales","Hymenobacteraceae","Hymenobacter",NA,0,0
"ASV_18301","Bacteria","Bacteroidota","Bacteroidia","Cytophagales","Hymenobacteraceae","Hymenobacter",NA,0,0
"ASV_18302","Bacteria","Bacteroidota","Bacteroidia","Cytophagales","Hymenobacteraceae","Hymenobacter",NA,0,0
"ASV_18303","Bacteria","Bacteroidota","Bacteroidia","Cytophagales","Hymenobacteraceae","Hymenobacter",NA,18.774,0.816
"ASV_18304","Bacteria","Bacteroidota","Bacteroidia","Cytophagales","Hymenobacteraceae","Hymenobacter",NA,0,0
"ASV_18305","Bacteria","Bacteroidota","Bacteroidia","Cytophagales","Hymenobacteraceae","Hymenobacter",NA,0,2.956
"ASV_18306","Bacteria","Bacteroidota","Bacteroidia","Cytophagales","Spirosomataceae","Incertae_Sedis",NA,0,0.746
"ASV_18307","Bacteria","Bacteroidota","Bacteroidia","Cytophagales","Spirosomataceae","Incertae_Sedis",NA,0,2
"ASV_18308","Bacteria","Bacteroidota","Bacteroidia","Cytophagales","Cytophagaceae","Incertae_Sedis",NA,0,0.2
"ASV_18309","Bacteria","Bacteroidota","Bacteroidia","Incertae_Sedis","Incertae_Sedis","Incertae_Sedis",NA,0,0
"ASV_18310","Bacteria","Bacteroidota","Bacteroidia","Incertae_Sedis","Incertae_Sedis","Incertae_Sedis",NA,0,0.354
"ASV_18311","Bacteria","Bacteroidota","Bacteroidia","Cytophagales","Spirosomataceae","Incertae_Sedis",NA,0,2.416
"ASV_18312","Bacteria","Bacteroidota","Bacteroidia","Cytophagales","Spirosomataceae","Incertae_Sedis",NA,0,2.084
"ASV_18313","Bacteria","Bacteroidota","Bacteroidia","Cytophagales","Incertae_Sedis","Incertae_Sedis",NA,0,0.672
"ASV_18314","Bacteria","Bacteroidota","Bacteroidia","Cytophagales","Incertae_Sedis","Incertae_Sedis",NA,0,0.106
"ASV_18315","Bacteria","Bacteroidota","Bacteroidia","Cytophagales","Incertae_Sedis","Incertae_Sedis",NA,1.262,2.092
"ASV_18316","Bacteria","Bacteroidota","Bacteroidia","Cytophagales","Incertae_Sedis","Incertae_Sedis",NA,0,0
"ASV_18317","Bacteria","Bacteroidota","Bacteroidia","Cytophagales","Incertae_Sedis","Incertae_Sedis",NA,0.618,0
"ASV_18318","Bacteria","Bacteroidota","Bacteroidia","Cytophagales","Incertae_Sedis","Incertae_Sedis",NA,0,9.446
"ASV_18319","Bacteria","Bacteroidota","Bacteroidia","Cytophagales","Incertae_Sedis","Incertae_Sedis",NA,0,0
"ASV_18320","Bacteria","Bacteroidota","Bacteroidia","Cytophagales","Incertae_Sedis","Incertae_Sedis",NA,0,0
"ASV_18321","Bacteria","Bacteroidota","Bacteroidia","Cytophagales","Incertae_Sedis","Incertae_Sedis",NA,0,0.202
"ASV_18322","Bacteria","Bacteroidota","Bacteroidia","Cytophagales","Incertae_Sedis","Incertae_Sedis",NA,0,0.66
"ASV_18323","Bacteria","Bacteroidota","Bacteroidia","Cytophagales","Incertae_Sedis","Incertae_Sedis",NA,0,0.806
"ASV_18324","Bacteria","Bacteroidota","Bacteroidia","Cytophagales","Incertae_Sedis","Incertae_Sedis",NA,0,0
"ASV_18325","Bacteria","Bacteroidota","Bacteroidia","Cytophagales","Incertae_Sedis","Incertae_Sedis",NA,0,0
"ASV_18326","Bacteria","Bacteroidota","Bacteroidia","Cytophagales","Incertae_Sedis","Incertae_Sedis",NA,0,1.704
"ASV_18327","Bacteria","Bacteroidota","Bacteroidia","Cytophagales","Incertae_Sedis","Incertae_Sedis",NA,0,0.662
"ASV_18328","Bacteria","Bacteroidota","Bacteroidia","Cytophagales","Incertae_Sedis","Incertae_Sedis",NA,0,0
"ASV_18329","Bacteria","Bacteroidota","Bacteroidia","Cytophagales","Incertae_Sedis","Incertae_Sedis",NA,0,0
"ASV_18330","Bacteria","Bacteroidota","Bacteroidia","Cytophagales","Incertae_Sedis","Incertae_Sedis",NA,0.46,0
"ASV_18331","Bacteria","Bacteroidota","Bacteroidia","Cytophagales","Incertae_Sedis","Incertae_Sedis",NA,0,2.224
"ASV_18332","Bacteria","Bacteroidota","Bacteroidia","Cytophagales","Incertae_Sedis","Incertae_Sedis",NA,0,0
"ASV_18333","Bacteria","Bacteroidota","Bacteroidia","Cytophagales","Spirosomataceae","Incertae_Sedis",NA,0,0
"ASV_18334","Bacteria","Bacteroidota","Bacteroidia","Cytophagales","Spirosomataceae","Incertae_Sedis",NA,0,0
"ASV_18335","Bacteria","Bacteroidota","Bacteroidia","Cytophagales","Spirosomataceae","Incertae_Sedis",NA,9.192,0
"ASV_18336","Bacteria","Bacteroidota","Bacteroidia","Cytophagales","Spirosomataceae","Incertae_Sedis",NA,0.772,0
"ASV_18337","Bacteria","Bacteroidota","Bacteroidia","Cytophagales","Spirosomataceae","Incertae_Sedis",NA,9.83,0
"ASV_18338","Bacteria","Bacteroidota","Bacteroidia","Cytophagales","Spirosomataceae","Incertae_Sedis",NA,6.408,0
"ASV_18339","Bacteria","Bacteroidota","Bacteroidia","Cytophagales","Spirosomataceae","Incertae_Sedis",NA,15.236,23.096
"ASV_18340","Bacteria","Bacteroidota","Bacteroidia","Cytophagales","Spirosomataceae","Incertae_Sedis",NA,9.402,0
"ASV_18341","Bacteria","Bacteroidota","Bacteroidia","Cytophagales","Spirosomataceae","Incertae_Sedis",NA,3.716,12.702
"ASV_18342","Bacteria","Bacteroidota","Bacteroidia","Cytophagales","Spirosomataceae","Incertae_Sedis",NA,0,0
"ASV_18343","Bacteria","Bacteroidota","Bacteroidia","Cytophagales","Spirosomataceae","Incertae_Sedis",NA,0,0
"ASV_18344","Bacteria","Bacteroidota","Bacteroidia","Cytophagales","Spirosomataceae","Incertae_Sedis",NA,6.956,0
"ASV_18345","Bacteria","Bacteroidota","Bacteroidia","Cytophagales","Spirosomataceae","Incertae_Sedis",NA,0,1.774
"ASV_18346","Bacteria","Bacteroidota","Bacteroidia","Cytophagales","Spirosomataceae","Incertae_Sedis",NA,0,0
"ASV_18347","Bacteria","Bacteroidota","Bacteroidia","Cytophagales","Spirosomataceae","Runella",NA,0,0
"ASV_18348","Bacteria","Bacteroidota","Bacteroidia","Cytophagales","Spirosomataceae","Runella",NA,6.19,0
"ASV_18349","Bacteria","Bacteroidota","Bacteroidia","Cytophagales","Spirosomataceae","Runella",NA,6.39,0
"ASV_18350","Bacteria","Bacteroidota","Bacteroidia","Cytophagales","Spirosomataceae","Runella",NA,1.426,0
"ASV_18351","Bacteria","Bacteroidota","Bacteroidia","Cytophagales","Spirosomataceae","Persicitalea",NA,2.102,0
"ASV_18352","Bacteria","Bacteroidota","Bacteroidia","Cytophagales","Spirosomataceae","Incertae_Sedis",NA,0,0
"ASV_18353","Bacteria","Bacteroidota","Bacteroidia","Cytophagales","Spirosomataceae","Incertae_Sedis",NA,0,0.328
"ASV_18354","Bacteria","Bacteroidota","Bacteroidia","Cytophagales","Spirosomataceae","Fibrella",NA,10.54,0
"ASV_18355","Bacteria","Bacteroidota","Bacteroidia","Cytophagales","Spirosomataceae","Fibrella",NA,0,0
"ASV_18356","Bacteria","Bacteroidota","Bacteroidia","Cytophagales","Spirosomataceae","Fibrella",NA,0,0
"ASV_18357","Bacteria","Bacteroidota","Bacteroidia","Cytophagales","Spirosomataceae","Fibrella",NA,2.79,27.178
"ASV_18358","Bacteria","Bacteroidota","Bacteroidia","Cytophagales","Spirosomataceae","Fibrella",NA,6.098,7.128
"ASV_18359","Bacteria","Bacteroidota","Bacteroidia","Cytophagales","Spirosomataceae","Fibrella",NA,0,0
"ASV_18360","Bacteria","Bacteroidota","Bacteroidia","Cytophagales","Spirosomataceae","Fibrella",NA,6.99,0
"ASV_18361","Bacteria","Bacteroidota","Bacteroidia","Cytophagales","Spirosomataceae","Fibrella",NA,3.43,0
"ASV_18362","Bacteria","Bacteroidota","Bacteroidia","Cytophagales","Spirosomataceae","Fibrella",NA,0,2.298
"ASV_18363","Bacteria","Bacteroidota","Bacteroidia","Cytophagales","Spirosomataceae","Huanghella",NA,0,1.258
"ASV_18364","Bacteria","Bacteroidota","Bacteroidia","Cytophagales","Spirosomataceae","Huanghella",NA,0.136,0
"ASV_18365","Bacteria","Bacteroidota","Bacteroidia","Cytophagales","Spirosomataceae","Huanghella",NA,0,0
"ASV_18366","Bacteria","Bacteroidota","Bacteroidia","Cytophagales","Spirosomataceae","Huanghella",NA,0,0
"ASV_18367","Bacteria","Bacteroidota","Bacteroidia","Cytophagales","Spirosomataceae","Spirosoma",NA,0,0.426
"ASV_18368","Bacteria","Bacteroidota","Bacteroidia","Cytophagales","Spirosomataceae","Spirosoma",NA,0,0
"ASV_18369","Bacteria","Bacteroidota","Bacteroidia","Cytophagales","Spirosomataceae","Spirosoma",NA,0,1.368
"ASV_18370","Bacteria","Bacteroidota","Bacteroidia","Cytophagales","Spirosomataceae","Spirosoma",NA,8.034,0
"ASV_18371","Bacteria","Bacteroidota","Bacteroidia","Cytophagales","Spirosomataceae","Spirosoma",NA,0,5.396
"ASV_18372","Bacteria","Bacteroidota","Bacteroidia","Cytophagales","Spirosomataceae","Spirosoma",NA,0,2.308
"ASV_18373","Bacteria","Bacteroidota","Bacteroidia","Cytophagales","Spirosomataceae","Spirosoma",NA,3.268,1.512
"ASV_18374","Bacteria","Bacteroidota","Bacteroidia","Cytophagales","Spirosomataceae","Spirosoma",NA,0,0
"ASV_18375","Bacteria","Bacteroidota","Bacteroidia","Cytophagales","Spirosomataceae","Spirosoma",NA,0,1.026
"ASV_18376","Bacteria","Bacteroidota","Bacteroidia","Cytophagales","Spirosomataceae","Spirosoma",NA,0,0
"ASV_18377","Bacteria","Bacteroidota","Bacteroidia","Cytophagales","Spirosomataceae","Spirosoma",NA,0,4.086
"ASV_18378","Bacteria","Bacteroidota","Bacteroidia","Cytophagales","Spirosomataceae","Spirosoma",NA,0,28.136
"ASV_18379","Bacteria","Bacteroidota","Bacteroidia","Cytophagales","Spirosomataceae","Spirosoma",NA,0,29.74
"ASV_18380","Bacteria","Bacteroidota","Bacteroidia","Cytophagales","Spirosomataceae","Spirosoma",NA,0,862.76
"ASV_18381","Bacteria","Bacteroidota","Bacteroidia","Cytophagales","Spirosomataceae","Spirosoma",NA,0,12.9
"ASV_18382","Bacteria","Bacteroidota","Bacteroidia","Cytophagales","Spirosomataceae","Spirosoma",NA,0,10.094
"ASV_18383","Bacteria","Bacteroidota","Bacteroidia","Cytophagales","Spirosomataceae","Spirosoma",NA,0,208.888
"ASV_18384","Bacteria","Bacteroidota","Bacteroidia","Cytophagales","Spirosomataceae","Spirosoma",NA,0,0
"ASV_18385","Bacteria","Bacteroidota","Bacteroidia","Cytophagales","Spirosomataceae","Spirosoma",NA,0,0
"ASV_18386","Bacteria","Bacteroidota","Bacteroidia","Cytophagales","Spirosomataceae","Spirosoma",NA,0,116.586
"ASV_18387","Bacteria","Bacteroidota","Bacteroidia","Cytophagales","Spirosomataceae","Spirosoma",NA,0,4.43
"ASV_18388","Bacteria","Bacteroidota","Bacteroidia","Cytophagales","Spirosomataceae","Spirosoma",NA,0,4.042
"ASV_18389","Bacteria","Bacteroidota","Bacteroidia","Cytophagales","Spirosomataceae","Spirosoma",NA,0,11.66
"ASV_18390","Bacteria","Bacteroidota","Bacteroidia","Cytophagales","Spirosomataceae","Spirosoma",NA,0,27.622
"ASV_18391","Bacteria","Bacteroidota","Bacteroidia","Cytophagales","Spirosomataceae","Spirosoma",NA,0,3.838
"ASV_18392","Bacteria","Bacteroidota","Bacteroidia","Cytophagales","Spirosomataceae","Spirosoma",NA,0,18.554
"ASV_18393","Bacteria","Bacteroidota","Bacteroidia","Cytophagales","Spirosomataceae","Spirosoma",NA,0,12.412
"ASV_18394","Bacteria","Bacteroidota","Bacteroidia","Cytophagales","Spirosomataceae","Spirosoma",NA,0,3.656
"ASV_18395","Bacteria","Bacteroidota","Bacteroidia","Cytophagales","Spirosomataceae","Spirosoma",NA,1.374,0
"ASV_18396","Bacteria","Bacteroidota","Bacteroidia","Cytophagales","Spirosomataceae","Spirosoma",NA,1.428,1.17
"ASV_18397","Bacteria","Bacteroidota","Bacteroidia","Cytophagales","Spirosomataceae","Spirosoma",NA,0.346,0
"ASV_18398","Bacteria","Bacteroidota","Bacteroidia","Cytophagales","Spirosomataceae","Spirosoma",NA,1.412,0
"ASV_18399","Bacteria","Bacteroidota","Bacteroidia","Cytophagales","Spirosomataceae","Spirosoma",NA,0,0
"ASV_18400","Bacteria","Bacteroidota","Bacteroidia","Cytophagales","Spirosomataceae","Spirosoma",NA,1.202,0
"ASV_18401","Bacteria","Bacteroidota","Bacteroidia","Cytophagales","Spirosomataceae","Spirosoma",NA,0,2.714
"ASV_18402","Bacteria","Bacteroidota","Bacteroidia","Cytophagales","Spirosomataceae","Spirosoma",NA,0,2.784
"ASV_18403","Bacteria","Bacteroidota","Bacteroidia","Cytophagales","Spirosomataceae","Spirosoma",NA,0,6.468
"ASV_18404","Bacteria","Bacteroidota","Bacteroidia","Cytophagales","Spirosomataceae","Spirosoma",NA,0,1.018
"ASV_18405","Bacteria","Bacteroidota","Bacteroidia","Cytophagales","Spirosomataceae","Spirosoma",NA,0,0.94
"ASV_18406","Bacteria","Bacteroidota","Bacteroidia","Cytophagales","Spirosomataceae","Spirosoma",NA,0,0
"ASV_18407","Bacteria","Bacteroidota","Bacteroidia","Cytophagales","Spirosomataceae","Spirosoma",NA,0,1.452
"ASV_18408","Bacteria","Bacteroidota","Bacteroidia","Cytophagales","Spirosomataceae","Spirosoma",NA,8.98,0
"ASV_18409","Bacteria","Bacteroidota","Bacteroidia","Cytophagales","Spirosomataceae","Spirosoma",NA,0,0
"ASV_18410","Bacteria","Bacteroidota","Bacteroidia","Cytophagales","Spirosomataceae","Spirosoma",NA,0,12.108
"ASV_18411","Bacteria","Bacteroidota","Bacteroidia","Cytophagales","Spirosomataceae","Spirosoma",NA,0,8.658
"ASV_18412","Bacteria","Bacteroidota","Bacteroidia","Cytophagales","Spirosomataceae","Spirosoma",NA,0,0
"ASV_18413","Bacteria","Bacteroidota","Bacteroidia","Cytophagales","Spirosomataceae","Spirosoma",NA,0,2
"ASV_18414","Bacteria","Bacteroidota","Bacteroidia","Cytophagales","Spirosomataceae","Spirosoma",NA,0,1.702
"ASV_18415","Bacteria","Bacteroidota","Bacteroidia","Cytophagales","Spirosomataceae","Spirosoma",NA,0,1.818
"ASV_18416","Bacteria","Bacteroidota","Bacteroidia","Cytophagales","Spirosomataceae","Spirosoma",NA,2.46,0
"ASV_18417","Bacteria","Bacteroidota","Bacteroidia","Cytophagales","Spirosomataceae","Spirosoma",NA,0,6.902
"ASV_18418","Bacteria","Bacteroidota","Bacteroidia","Cytophagales","Spirosomataceae","Spirosoma",NA,36.71,0
"ASV_18419","Bacteria","Bacteroidota","Bacteroidia","Cytophagales","Spirosomataceae","Spirosoma",NA,0,10.792
"ASV_18420","Bacteria","Bacteroidota","Bacteroidia","Cytophagales","Spirosomataceae","Spirosoma",NA,0,6.554
"ASV_18421","Bacteria","Bacteroidota","Bacteroidia","Cytophagales","Spirosomataceae","Spirosoma",NA,0.162,0
"ASV_18422","Bacteria","Bacteroidota","Bacteroidia","Cytophagales","Spirosomataceae","Spirosoma",NA,0,0
"ASV_18423","Bacteria","Bacteroidota","Bacteroidia","Cytophagales","Spirosomataceae","Spirosoma",NA,0,0
"ASV_18424","Bacteria","Bacteroidota","Bacteroidia","Cytophagales","Spirosomataceae","Spirosoma",NA,0,0
"ASV_18425","Bacteria","Bacteroidota","Bacteroidia","Cytophagales","Spirosomataceae","Spirosoma",NA,0,0
"ASV_18426","Bacteria","Bacteroidota","Bacteroidia","Cytophagales","Spirosomataceae","Spirosoma",NA,1.394,0
"ASV_18427","Bacteria","Bacteroidota","Bacteroidia","Cytophagales","Spirosomataceae","Spirosoma",NA,0,0
"ASV_18428","Bacteria","Bacteroidota","Bacteroidia","Cytophagales","Spirosomataceae","Spirosoma",NA,0,7.728
"ASV_18429","Bacteria","Bacteroidota","Bacteroidia","Cytophagales","Spirosomataceae","Spirosoma",NA,0,6.008
"ASV_18430","Bacteria","Bacteroidota","Bacteroidia","Cytophagales","Spirosomataceae","Spirosoma",NA,0,47.522
"ASV_18431","Bacteria","Bacteroidota","Bacteroidia","Cytophagales","Spirosomataceae","Spirosoma",NA,0,6.528
"ASV_18432","Bacteria","Bacteroidota","Bacteroidia","Cytophagales","Spirosomataceae","Spirosoma",NA,0,4.436
"ASV_18433","Bacteria","Bacteroidota","Bacteroidia","Cytophagales","Spirosomataceae","Spirosoma",NA,0,0.694
"ASV_18434","Bacteria","Bacteroidota","Bacteroidia","Cytophagales","Spirosomataceae","Spirosoma",NA,0,0.914
"ASV_18435","Bacteria","Bacteroidota","Bacteroidia","Cytophagales","Spirosomataceae","Spirosoma",NA,0,10.682
"ASV_18436","Bacteria","Bacteroidota","Bacteroidia","Cytophagales","Spirosomataceae","Spirosoma",NA,0,1.714
"ASV_18437","Bacteria","Bacteroidota","Bacteroidia","Cytophagales","Spirosomataceae","Spirosoma",NA,0,4.012
"ASV_18438","Bacteria","Bacteroidota","Bacteroidia","Cytophagales","Spirosomataceae","Spirosoma",NA,0,17.004
"ASV_18439","Bacteria","Bacteroidota","Bacteroidia","Cytophagales","Spirosomataceae","Spirosoma",NA,0,4.054
"ASV_18440","Bacteria","Bacteroidota","Bacteroidia","Cytophagales","Spirosomataceae","Spirosoma",NA,0,0
"ASV_18441","Bacteria","Bacteroidota","Bacteroidia","Cytophagales","Spirosomataceae","Rudanella",NA,12.35,0
"ASV_18442","Bacteria","Bacteroidota","Bacteroidia","Cytophagales","Spirosomataceae","Rudanella",NA,0,3.866
"ASV_18443","Bacteria","Bacteroidota","Bacteroidia","Cytophagales","Spirosomataceae","Rudanella",NA,0,0
"ASV_18444","Bacteria","Bacteroidota","Bacteroidia","Cytophagales","Spirosomataceae","Rudanella",NA,5.366,0
"ASV_18445","Bacteria","Bacteroidota","Bacteroidia","Cytophagales","Spirosomataceae","Larkinella",NA,2.986,0
"ASV_18446","Bacteria","Bacteroidota","Bacteroidia","Cytophagales","Spirosomataceae","Larkinella",NA,44.216,0
"ASV_18447","Bacteria","Bacteroidota","Bacteroidia","Cytophagales","Spirosomataceae","Larkinella",NA,13.048,0
"ASV_18448","Bacteria","Bacteroidota","Bacteroidia","Cytophagales","Spirosomataceae","Larkinella",NA,9.824,0
"ASV_18449","Bacteria","Bacteroidota","Bacteroidia","Cytophagales","Spirosomataceae","Larkinella",NA,0,0
"ASV_18450","Bacteria","Bacteroidota","Bacteroidia","Cytophagales","Spirosomataceae","Larkinella",NA,0.664,0
"ASV_18451","Bacteria","Bacteroidota","Bacteroidia","Cytophagales","Spirosomataceae","Larkinella",NA,11,0
"ASV_18452","Bacteria","Bacteroidota","Bacteroidia","Cytophagales","Spirosomataceae","Larkinella",NA,2.864,0
"ASV_18453","Bacteria","Bacteroidota","Bacteroidia","Cytophagales","Spirosomataceae","Larkinella",NA,1.684,0
"ASV_18454","Bacteria","Bacteroidota","Bacteroidia","Cytophagales","Spirosomataceae","Larkinella",NA,0,0
"ASV_18455","Bacteria","Bacteroidota","Bacteroidia","Cytophagales","Spirosomataceae","Larkinella",NA,2.27,0
"ASV_18456","Bacteria","Bacteroidota","Bacteroidia","Cytophagales","Spirosomataceae","Larkinella",NA,0.594,0
"ASV_18457","Bacteria","Bacteroidota","Bacteroidia","Cytophagales","Spirosomataceae","Incertae_Sedis",NA,15.16,1.862
"ASV_18458","Bacteria","Bacteroidota","Bacteroidia","Cytophagales","Spirosomataceae","Incertae_Sedis",NA,15.41,0
"ASV_18459","Bacteria","Bacteroidota","Bacteroidia","Cytophagales","Spirosomataceae","Incertae_Sedis",NA,0,0
"ASV_18460","Bacteria","Bacteroidota","Bacteroidia","Cytophagales","Spirosomataceae","Dyadobacter",NA,3.37,0
"ASV_18461","Bacteria","Bacteroidota","Bacteroidia","Cytophagales","Spirosomataceae","Dyadobacter",NA,2.158,0
"ASV_18462","Bacteria","Bacteroidota","Bacteroidia","Cytophagales","Spirosomataceae","Dyadobacter",NA,143.834,0
"ASV_18463","Bacteria","Bacteroidota","Bacteroidia","Cytophagales","Spirosomataceae","Dyadobacter",NA,27.412,0
"ASV_18464","Bacteria","Bacteroidota","Bacteroidia","Cytophagales","Spirosomataceae","Dyadobacter",NA,49.082,0
"ASV_18465","Bacteria","Bacteroidota","Bacteroidia","Cytophagales","Spirosomataceae","Dyadobacter",NA,30.446,0
"ASV_18466","Bacteria","Bacteroidota","Bacteroidia","Cytophagales","Spirosomataceae","Dyadobacter",NA,0,0
"ASV_18467","Bacteria","Bacteroidota","Bacteroidia","Cytophagales","Spirosomataceae","Dyadobacter",NA,19.128,0
"ASV_18468","Bacteria","Bacteroidota","Bacteroidia","Cytophagales","Spirosomataceae","Dyadobacter",NA,4.764,0
"ASV_18469","Bacteria","Bacteroidota","Bacteroidia","Cytophagales","Spirosomataceae","Dyadobacter",NA,0,0
"ASV_18470","Bacteria","Bacteroidota","Bacteroidia","Cytophagales","Spirosomataceae","Dyadobacter",NA,21.026,0
"ASV_18471","Bacteria","Bacteroidota","Bacteroidia","Cytophagales","Spirosomataceae","Dyadobacter",NA,0,0
"ASV_18472","Bacteria","Bacteroidota","Bacteroidia","Cytophagales","Spirosomataceae","Dyadobacter",NA,1.5,0
"ASV_18473","Bacteria","Bacteroidota","Bacteroidia","Cytophagales","Spirosomataceae","Dyadobacter",NA,0,0
"ASV_18474","Bacteria","Bacteroidota","Bacteroidia","Cytophagales","Spirosomataceae","Dyadobacter",NA,4.168,0
"ASV_18475","Bacteria","Bacteroidota","Bacteroidia","Cytophagales","Spirosomataceae","Dyadobacter",NA,11.14,0
"ASV_18476","Bacteria","Bacteroidota","Bacteroidia","Cytophagales","Spirosomataceae","Dyadobacter",NA,0,0
"ASV_18477","Bacteria","Bacteroidota","Bacteroidia","Cytophagales","Spirosomataceae","Dyadobacter",NA,6.296,0
"ASV_18478","Bacteria","Bacteroidota","Bacteroidia","Cytophagales","Spirosomataceae","Dyadobacter",NA,0,0
"ASV_18479","Bacteria","Bacteroidota","Bacteroidia","Cytophagales","Spirosomataceae","Dyadobacter",NA,9.468,0
"ASV_18480","Bacteria","Bacteroidota","Bacteroidia","Cytophagales","Spirosomataceae","Dyadobacter",NA,2.432,0
"ASV_18481","Bacteria","Bacteroidota","Bacteroidia","Cytophagales","Spirosomataceae","Dyadobacter",NA,4.05,0
"ASV_18482","Bacteria","Bacteroidota","Bacteroidia","Cytophagales","Spirosomataceae","Dyadobacter",NA,3.046,0
"ASV_18483","Bacteria","Bacteroidota","Bacteroidia","Cytophagales","Spirosomataceae","Dyadobacter",NA,5.65,0
"ASV_18484","Bacteria","Bacteroidota","Bacteroidia","Cytophagales","Spirosomataceae","Dyadobacter",NA,1.706,0
"ASV_18485","Bacteria","Bacteroidota","Bacteroidia","Cytophagales","Spirosomataceae","Dyadobacter",NA,92.682,7.72
"ASV_18486","Bacteria","Bacteroidota","Bacteroidia","Cytophagales","Spirosomataceae","Dyadobacter",NA,0,2.086
"ASV_18487","Bacteria","Bacteroidota","Bacteroidia","Incertae_Sedis","Incertae_Sedis","Incertae_Sedis",NA,8.248,0
"ASV_18488","Bacteria","Bacteroidota","Bacteroidia","Incertae_Sedis","Incertae_Sedis","Incertae_Sedis",NA,0,0
"ASV_18489","Bacteria","Bacteroidota","Bacteroidia","SM1A07","Incertae_Sedis","Incertae_Sedis",NA,1.018,0
"ASV_18490","Bacteria","Bacteroidota","Bacteroidia","SM1A07","Incertae_Sedis","Incertae_Sedis",NA,0.708,0
"ASV_18491","Bacteria","Bacteroidota","Bacteroidia","SM1A07","Incertae_Sedis","Incertae_Sedis",NA,2.362,0
"ASV_18492","Bacteria","Bacteroidota","Bacteroidia","SM1A07","Incertae_Sedis","Incertae_Sedis",NA,1.646,0
"ASV_18493","Bacteria","Bacteroidota","Bacteroidia","Cytophagales","MWH-CFBk5","Incertae_Sedis",NA,0,1.878
"ASV_18494","Bacteria","Bacteroidota","Bacteroidia","Cytophagales","Cyclobacteriaceae","Incertae_Sedis",NA,0,3.06
"ASV_18495","Bacteria","Bacteroidota","Bacteroidia","Cytophagales","Cyclobacteriaceae","Incertae_Sedis",NA,0,0
"ASV_18496","Bacteria","Bacteroidota","Bacteroidia","Cytophagales","Amoebophilaceae","Incertae_Sedis",NA,3.082,0
"ASV_18497","Bacteria","Bacteroidota","Bacteroidia","Cytophagales","Amoebophilaceae","Incertae_Sedis",NA,0,0
"ASV_18498","Bacteria","Bacteroidota","Bacteroidia","Cytophagales","Amoebophilaceae","Incertae_Sedis",NA,2.762,0
"ASV_18499","Bacteria","Bacteroidota","Bacteroidia","Cytophagales","Amoebophilaceae","Incertae_Sedis",NA,0,0
"ASV_18500","Bacteria","Bacteroidota","Bacteroidia","Cytophagales","Spirosomataceae","Incertae_Sedis",NA,4.766,0
"ASV_18501","Bacteria","Bacteroidota","Bacteroidia","Cytophagales","Spirosomataceae","Incertae_Sedis",NA,0,0
"ASV_18502","Bacteria","Bacteroidota","Bacteroidia","Incertae_Sedis","Incertae_Sedis","Incertae_Sedis",NA,0,1.104
"ASV_18503","Bacteria","Bacteroidota","Bacteroidia","Cytophagales","Spirosomataceae","Emticicia",NA,30.918,0
"ASV_18504","Bacteria","Bacteroidota","Bacteroidia","Cytophagales","Spirosomataceae","Emticicia",NA,1.854,0
"ASV_18505","Bacteria","Bacteroidota","Bacteroidia","Cytophagales","Spirosomataceae","Emticicia",NA,11.46,0
"ASV_18506","Bacteria","Bacteroidota","Bacteroidia","Cytophagales","Spirosomataceae","Emticicia",NA,52.852,0
"ASV_18507","Bacteria","Bacteroidota","Bacteroidia","Cytophagales","Spirosomataceae","Emticicia",NA,9.84,0
"ASV_18508","Bacteria","Bacteroidota","Bacteroidia","Cytophagales","Incertae_Sedis","Incertae_Sedis",NA,0.924,0
"ASV_18509","Bacteria","Bacteroidota","Bacteroidia","Cytophagales","Incertae_Sedis","Incertae_Sedis",NA,0.578,0.374
"ASV_18510","Bacteria","Bacteroidota","Bacteroidia","Cytophagales","Incertae_Sedis","Incertae_Sedis",NA,13.638,59.618
"ASV_18511","Bacteria","Bacteroidota","Bacteroidia","Cytophagales","Incertae_Sedis","Incertae_Sedis",NA,0,6.644
"ASV_18512","Bacteria","Bacteroidota","Bacteroidia","Cytophagales","Incertae_Sedis","Incertae_Sedis",NA,0,0
"ASV_18513","Bacteria","Bacteroidota","Bacteroidia","Cytophagales","Incertae_Sedis","Incertae_Sedis",NA,0,0
"ASV_18514","Bacteria","Bacteroidota","Bacteroidia","Cytophagales","Incertae_Sedis","Incertae_Sedis",NA,3.19,33.152
"ASV_18515","Bacteria","Bacteroidota","Bacteroidia","Cytophagales","Incertae_Sedis","Incertae_Sedis",NA,0,3.452
"ASV_18516","Bacteria","Bacteroidota","Bacteroidia","Cytophagales","Incertae_Sedis","Incertae_Sedis",NA,0,26.696
"ASV_18517","Bacteria","Bacteroidota","Bacteroidia","Cytophagales","Incertae_Sedis","Incertae_Sedis",NA,0,30.37
"ASV_18518","Bacteria","Bacteroidota","Bacteroidia","Cytophagales","Incertae_Sedis","Incertae_Sedis",NA,0,0
"ASV_18519","Bacteria","Bacteroidota","Bacteroidia","Cytophagales","Cytophagaceae","Incertae_Sedis",NA,0,0.926
"ASV_18520","Bacteria","Bacteroidota","Bacteroidia","Cytophagales","Cytophagaceae","Incertae_Sedis",NA,0.792,0
"ASV_18521","Bacteria","Bacteroidota","Bacteroidia","Cytophagales","Incertae_Sedis","Incertae_Sedis",NA,1.4,0
"ASV_18522","Bacteria","Bacteroidota","Bacteroidia","Cytophagales","Cytophagaceae","Incertae_Sedis",NA,0,2.056
"ASV_18523","Bacteria","Bacteroidota","Bacteroidia","Cytophagales","Cytophagaceae","Incertae_Sedis",NA,2.598,0
"ASV_18524","Bacteria","Bacteroidota","Bacteroidia","Cytophagales","Cytophagaceae","Incertae_Sedis",NA,0,0
"ASV_18525","Bacteria","Bacteroidota","Bacteroidia","Cytophagales","Cytophagaceae","Incertae_Sedis",NA,0,0
"ASV_18526","Bacteria","Bacteroidota","Bacteroidia","Cytophagales","Cytophagaceae","Incertae_Sedis",NA,0,1.902
"ASV_18527","Bacteria","Bacteroidota","Bacteroidia","Cytophagales","Cytophagaceae","Incertae_Sedis",NA,0,0
"ASV_18528","Bacteria","Bacteroidota","Bacteroidia","Cytophagales","Incertae_Sedis","Incertae_Sedis",NA,0,1.48
"ASV_18529","Bacteria","Bacteroidota","Bacteroidia","Cytophagales","Incertae_Sedis","Incertae_Sedis",NA,0,0
"ASV_18530","Bacteria","Bacteroidota","Bacteroidia","Cytophagales","Incertae_Sedis","Incertae_Sedis",NA,0,7.316
"ASV_18531","Bacteria","Bacteroidota","Bacteroidia","Cytophagales","Cytophagaceae","Sporocytophaga",NA,0,1.994
"ASV_18532","Bacteria","Bacteroidota","Bacteroidia","Cytophagales","Incertae_Sedis","Incertae_Sedis",NA,0,1.514
"ASV_18533","Bacteria","Bacteroidota","Bacteroidia","Cytophagales","Incertae_Sedis","Incertae_Sedis",NA,12.638,31.33
"ASV_18534","Bacteria","Bacteroidota","Bacteroidia","Cytophagales","Incertae_Sedis","Incertae_Sedis",NA,2.536,0
"ASV_18535","Bacteria","Bacteroidota","Bacteroidia","Cytophagales","Incertae_Sedis","Incertae_Sedis",NA,0,0
"ASV_18536","Bacteria","Bacteroidota","Bacteroidia","Cytophagales","Incertae_Sedis","Incertae_Sedis",NA,0,0.634
"ASV_18537","Bacteria","Bacteroidota","Bacteroidia","Cytophagales","Incertae_Sedis","Incertae_Sedis",NA,0,21.19
"ASV_18538","Bacteria","Bacteroidota","Bacteroidia","Incertae_Sedis","Incertae_Sedis","Incertae_Sedis",NA,0,6.314
"ASV_18539","Bacteria","Bacteroidota","Bacteroidia","Incertae_Sedis","Incertae_Sedis","Incertae_Sedis",NA,0,0
"ASV_18540","Bacteria","Bacteroidota","Bacteroidia","Cytophagales","Incertae_Sedis","Incertae_Sedis",NA,0,13.208
"ASV_18541","Bacteria","Bacteroidota","Bacteroidia","Cytophagales","Incertae_Sedis","Incertae_Sedis",NA,0,2.462
"ASV_18542","Bacteria","Bacteroidota","Bacteroidia","Cytophagales","Incertae_Sedis","Incertae_Sedis",NA,0,0
"ASV_18543","Bacteria","Bacteroidota","Bacteroidia","Cytophagales","Incertae_Sedis","Incertae_Sedis",NA,3.284,0
"ASV_18544","Bacteria","Bacteroidota","Bacteroidia","Cytophagales","Incertae_Sedis","Incertae_Sedis",NA,0.902,0
"ASV_18545","Bacteria","Bacteroidota","Bacteroidia","Cytophagales","Incertae_Sedis","Incertae_Sedis",NA,0.506,0
"ASV_18546","Bacteria","Bacteroidota","Bacteroidia","Cytophagales","Incertae_Sedis","Incertae_Sedis",NA,0.778,0
"ASV_18547","Bacteria","Bacteroidota","Bacteroidia","Cytophagales","Incertae_Sedis","Incertae_Sedis",NA,0,0.322
"ASV_18548","Bacteria","Bacteroidota","Bacteroidia","Cytophagales","Incertae_Sedis","Incertae_Sedis",NA,0.338,0
"ASV_18549","Bacteria","Bacteroidota","Bacteroidia","Incertae_Sedis","Incertae_Sedis","Incertae_Sedis",NA,2.708,0
"ASV_18550","Bacteria","Bacteroidota","Bacteroidia","Cytophagales","Incertae_Sedis","Incertae_Sedis",NA,0.744,0
"ASV_18551","Bacteria","Bacteroidota","Bacteroidia","Cytophagales","Cyclobacteriaceae","Incertae_Sedis",NA,0.5,0
"ASV_18552","Bacteria","Bacteroidota","Bacteroidia","Cytophagales","Cyclobacteriaceae","Incertae_Sedis",NA,0,1.13
"ASV_18553","Bacteria","Bacteroidota","Bacteroidia","Cytophagales","Cyclobacteriaceae","Incertae_Sedis",NA,0,0.516
"ASV_18554","Bacteria","Bacteroidota","Bacteroidia","Cytophagales","Microscillaceae","Incertae_Sedis",NA,1.938,0
"ASV_18555","Bacteria","Bacteroidota","Bacteroidia","Incertae_Sedis","Incertae_Sedis","Incertae_Sedis",NA,0,0.516
"ASV_18556","Bacteria","Bacteroidota","Bacteroidia","Cytophagales","Cytophagaceae","Sporocytophaga",NA,0,0
"ASV_18557","Bacteria","Bacteroidota","Bacteroidia","Incertae_Sedis","Incertae_Sedis","Incertae_Sedis",NA,0,0
"ASV_18558","Bacteria","Bacteroidota","Bacteroidia","Cytophagales","Cytophagaceae","Sporocytophaga",NA,0,16.552
"ASV_18559","Bacteria","Bacteroidota","Bacteroidia","Cytophagales","Cytophagaceae","Sporocytophaga",NA,0.706,3.238
"ASV_18560","Bacteria","Bacteroidota","Bacteroidia","Incertae_Sedis","Incertae_Sedis","Incertae_Sedis",NA,3.46,5.23
"ASV_18561","Bacteria","Bacteroidota","Bacteroidia","Cytophagales","Cytophagaceae","Sporocytophaga",NA,0.922,0
"ASV_18562","Bacteria","Bacteroidota","Bacteroidia","Cytophagales","Cytophagaceae","Sporocytophaga",NA,65.56,0
"ASV_18563","Bacteria","Bacteroidota","Bacteroidia","Cytophagales","Cytophagaceae","Sporocytophaga",NA,2.206,0
"ASV_18564","Bacteria","Bacteroidota","Bacteroidia","Cytophagales","Cytophagaceae","Sporocytophaga",NA,0,0
"ASV_18565","Bacteria","Bacteroidota","Bacteroidia","Cytophagales","Cytophagaceae","Sporocytophaga",NA,0.76,0
"ASV_18566","Bacteria","Bacteroidota","Bacteroidia","Cytophagales","Cytophagaceae","Sporocytophaga",NA,0,0
"ASV_18567","Bacteria","Bacteroidota","Bacteroidia","Cytophagales","Cytophagaceae","Sporocytophaga",NA,0,1.31
"ASV_18568","Bacteria","Bacteroidota","Bacteroidia","Cytophagales","Cytophagaceae","Sporocytophaga",NA,0.422,109.182
"ASV_18569","Bacteria","Bacteroidota","Bacteroidia","Cytophagales","Cytophagaceae","Sporocytophaga",NA,0,1.846
"ASV_18570","Bacteria","Bacteroidota","Bacteroidia","Cytophagales","Cytophagaceae","Sporocytophaga",NA,0,0.814
"ASV_18571","Bacteria","Bacteroidota","Bacteroidia","Cytophagales","Cytophagaceae","Sporocytophaga",NA,0,30.504
"ASV_18572","Bacteria","Bacteroidota","Bacteroidia","Cytophagales","Cytophagaceae","Sporocytophaga",NA,0,1.154
"ASV_18573","Bacteria","Bacteroidota","Bacteroidia","Cytophagales","Incertae_Sedis","Incertae_Sedis",NA,0,65.658
"ASV_18574","Bacteria","Bacteroidota","Bacteroidia","Cytophagales","Incertae_Sedis","Incertae_Sedis",NA,0,0.81
"ASV_18575","Bacteria","Bacteroidota","Bacteroidia","Incertae_Sedis","Incertae_Sedis","Incertae_Sedis",NA,0,0
"ASV_18576","Bacteria","Bacteroidota","Bacteroidia","Cytophagales","Amoebophilaceae","Candidatus_Amoebophilus",NA,0,0
"ASV_18577","Bacteria","Bacteroidota","Bacteroidia","Cytophagales","Amoebophilaceae","Candidatus_Amoebophilus",NA,0.296,0
"ASV_18578","Bacteria","Bacteroidota","Bacteroidia","Cytophagales","Amoebophilaceae","Candidatus_Cardinium",NA,0,0.35
"ASV_18579","Bacteria","Bacteroidota","Bacteroidia","Cytophagales","Amoebophilaceae","Candidatus_Paenicardinium",NA,0,0
"ASV_18580","Bacteria","Bacteroidota","Bacteroidia","Cytophagales","Cyclobacteriaceae","Lunatibacter",NA,0,0
"ASV_18582","Bacteria","Bacteroidota","Bacteroidia","Cytophagales","Microscillaceae","Incertae_Sedis",NA,0,0
"ASV_18583","Bacteria","Bacteroidota","Bacteroidia","Cytophagales","Microscillaceae","Incertae_Sedis",NA,0.626,0
"ASV_18584","Bacteria","Bacteroidota","Bacteroidia","Cytophagales","Microscillaceae","Incertae_Sedis",NA,1.948,0
"ASV_18585","Bacteria","Bacteroidota","Bacteroidia","Cytophagales","Microscillaceae","Incertae_Sedis",NA,1.668,0
"ASV_18586","Bacteria","Bacteroidota","Bacteroidia","Cytophagales","Microscillaceae","Incertae_Sedis",NA,0,1.1
"ASV_18587","Bacteria","Bacteroidota","Bacteroidia","Cytophagales","Microscillaceae","Incertae_Sedis",NA,0,0.384
"ASV_18590","Bacteria","Bacteroidota","Bacteroidia","Incertae_Sedis","Incertae_Sedis","Incertae_Sedis",NA,0,1.394
"ASV_18591","Bacteria","Bacteroidota","Bacteroidia","Incertae_Sedis","Incertae_Sedis","Incertae_Sedis",NA,0,0.612
"ASV_18592","Bacteria","Bacteroidota","Bacteroidia","Incertae_Sedis","Incertae_Sedis","Incertae_Sedis",NA,0,2.172
"ASV_18593","Bacteria","Bacteroidota","Bacteroidia","Incertae_Sedis","Incertae_Sedis","Incertae_Sedis",NA,2.32,0
"ASV_18594","Bacteria","Bacteroidota","Bacteroidia","Incertae_Sedis","Incertae_Sedis","Incertae_Sedis",NA,0,0
"ASV_18595","Bacteria","Bacteroidota","Bacteroidia","Incertae_Sedis","Incertae_Sedis","Incertae_Sedis",NA,4.524,0
"ASV_18596","Bacteria","Bacteroidota","Bacteroidia","Incertae_Sedis","Incertae_Sedis","Incertae_Sedis",NA,0,0.648
"ASV_18597","Bacteria","Bacteroidota","Bacteroidia","Incertae_Sedis","Incertae_Sedis","Incertae_Sedis",NA,4.172,0
"ASV_18598","Bacteria","Bacteroidota","Bacteroidia","Incertae_Sedis","Incertae_Sedis","Incertae_Sedis",NA,2.016,0
"ASV_18599","Bacteria","Bacteroidota","Bacteroidia","Incertae_Sedis","Incertae_Sedis","Incertae_Sedis",NA,6.378,0
"ASV_18600","Bacteria","Bacteroidota","Bacteroidia","Cytophagales","Cyclobacteriaceae","Incertae_Sedis",NA,0,0.552
"ASV_18601","Bacteria","Bacteroidota","Bacteroidia","Incertae_Sedis","Incertae_Sedis","Incertae_Sedis",NA,0,0.36
"ASV_18602","Bacteria","Bacteroidota","Bacteroidia","Bacteroidales","Incertae_Sedis","Incertae_Sedis",NA,0.29,0
"ASV_18603","Bacteria","Bacteroidota","Bacteroidia","Flavobacteriales","Flavobacteriaceae","Flavobacterium",NA,0,0
"ASV_18604","Bacteria","Bacteroidota","Bacteroidia","Flavobacteriales","Flavobacteriaceae","Flavobacterium",NA,14.412,0
"ASV_18605","Bacteria","Bacteroidota","Bacteroidia","Flavobacteriales","Flavobacteriaceae","Flavobacterium",NA,56.462,0
"ASV_18606","Bacteria","Bacteroidota","Bacteroidia","Flavobacteriales","Flavobacteriaceae","Flavobacterium",NA,2.456,0
"ASV_18607","Bacteria","Bacteroidota","Bacteroidia","Flavobacteriales","Flavobacteriaceae","Flavobacterium",NA,1.72,0
"ASV_18608","Bacteria","Bacteroidota","Bacteroidia","Flavobacteriales","Flavobacteriaceae","Flavobacterium",NA,8.624,0
"ASV_18609","Bacteria","Bacteroidota","Bacteroidia","Flavobacteriales","Flavobacteriaceae","Flavobacterium",NA,1.602,0
"ASV_18610","Bacteria","Bacteroidota","Bacteroidia","Flavobacteriales","Flavobacteriaceae","Flavobacterium",NA,5.806,0
"ASV_18611","Bacteria","Bacteroidota","Bacteroidia","Flavobacteriales","Flavobacteriaceae","Flavobacterium",NA,0,0
"ASV_18612","Bacteria","Bacteroidota","Bacteroidia","Flavobacteriales","Flavobacteriaceae","Flavobacterium",NA,0,0
"ASV_18613","Bacteria","Bacteroidota","Bacteroidia","Flavobacteriales","Flavobacteriaceae","Flavobacterium",NA,5.788,0
"ASV_18614","Bacteria","Bacteroidota","Bacteroidia","Flavobacteriales","Flavobacteriaceae","Flavobacterium",NA,16.924,0
"ASV_18615","Bacteria","Bacteroidota","Bacteroidia","Flavobacteriales","Flavobacteriaceae","Flavobacterium",NA,0,8.698
"ASV_18616","Bacteria","Bacteroidota","Bacteroidia","Flavobacteriales","Flavobacteriaceae","Flavobacterium",NA,11.81,0
"ASV_18617","Bacteria","Bacteroidota","Bacteroidia","Flavobacteriales","Flavobacteriaceae","Flavobacterium",NA,0,2.67
"ASV_18618","Bacteria","Bacteroidota","Bacteroidia","Flavobacteriales","Flavobacteriaceae","Flavobacterium",NA,0,4.554
"ASV_18619","Bacteria","Bacteroidota","Bacteroidia","Flavobacteriales","Flavobacteriaceae","Flavobacterium",NA,9.312,0
"ASV_18620","Bacteria","Bacteroidota","Bacteroidia","Flavobacteriales","Flavobacteriaceae","Flavobacterium",NA,0,0
"ASV_18621","Bacteria","Bacteroidota","Bacteroidia","Flavobacteriales","Flavobacteriaceae","Flavobacterium",NA,0.776,0
"ASV_18622","Bacteria","Bacteroidota","Bacteroidia","Flavobacteriales","Flavobacteriaceae","Flavobacterium",NA,0,0.308
"ASV_18623","Bacteria","Bacteroidota","Bacteroidia","Flavobacteriales","Flavobacteriaceae","Flavobacterium",NA,3.82,0
"ASV_18624","Bacteria","Bacteroidota","Bacteroidia","Flavobacteriales","Flavobacteriaceae","Flavobacterium",NA,104.86,0
"ASV_18625","Bacteria","Bacteroidota","Bacteroidia","Flavobacteriales","Flavobacteriaceae","Flavobacterium",NA,0,0
"ASV_18626","Bacteria","Bacteroidota","Bacteroidia","Flavobacteriales","Flavobacteriaceae","Flavobacterium",NA,52.496,0
"ASV_18627","Bacteria","Bacteroidota","Bacteroidia","Flavobacteriales","Flavobacteriaceae","Flavobacterium",NA,2,0
"ASV_18628","Bacteria","Bacteroidota","Bacteroidia","Flavobacteriales","Flavobacteriaceae","Flavobacterium",NA,89.13,0
"ASV_18629","Bacteria","Bacteroidota","Bacteroidia","Flavobacteriales","Flavobacteriaceae","Flavobacterium",NA,0,0
"ASV_18630","Bacteria","Bacteroidota","Bacteroidia","Flavobacteriales","Flavobacteriaceae","Flavobacterium",NA,0,0
"ASV_18631","Bacteria","Bacteroidota","Bacteroidia","Flavobacteriales","Flavobacteriaceae","Flavobacterium",NA,0,0
"ASV_18632","Bacteria","Bacteroidota","Bacteroidia","Flavobacteriales","Flavobacteriaceae","Flavobacterium",NA,2.98,0
"ASV_18633","Bacteria","Bacteroidota","Bacteroidia","Flavobacteriales","Flavobacteriaceae","Flavobacterium",NA,3.226,0
"ASV_18634","Bacteria","Bacteroidota","Bacteroidia","Flavobacteriales","Flavobacteriaceae","Flavobacterium",NA,6.334,0
"ASV_18635","Bacteria","Bacteroidota","Bacteroidia","Flavobacteriales","Flavobacteriaceae","Flavobacterium",NA,12.618,0
"ASV_18636","Bacteria","Bacteroidota","Bacteroidia","Flavobacteriales","Flavobacteriaceae","Flavobacterium",NA,0,0.684
"ASV_18637","Bacteria","Bacteroidota","Bacteroidia","Flavobacteriales","Flavobacteriaceae","Flavobacterium",NA,276.304,0
"ASV_18638","Bacteria","Bacteroidota","Bacteroidia","Flavobacteriales","Flavobacteriaceae","Flavobacterium",NA,33.876,11.236
"ASV_18639","Bacteria","Bacteroidota","Bacteroidia","Flavobacteriales","Flavobacteriaceae","Flavobacterium",NA,26.824,0
"ASV_18640","Bacteria","Bacteroidota","Bacteroidia","Flavobacteriales","Flavobacteriaceae","Flavobacterium",NA,6.286,2.75
"ASV_18641","Bacteria","Bacteroidota","Bacteroidia","Flavobacteriales","Flavobacteriaceae","Flavobacterium",NA,1.622,0
"ASV_18642","Bacteria","Bacteroidota","Bacteroidia","Flavobacteriales","Flavobacteriaceae","Flavobacterium",NA,0,0
"ASV_18643","Bacteria","Bacteroidota","Bacteroidia","Flavobacteriales","Flavobacteriaceae","Flavobacterium",NA,0,0
"ASV_18644","Bacteria","Bacteroidota","Bacteroidia","Flavobacteriales","Flavobacteriaceae","Flavobacterium",NA,2.706,0
"ASV_18645","Bacteria","Bacteroidota","Bacteroidia","Flavobacteriales","Flavobacteriaceae","Flavobacterium",NA,0,0
"ASV_18646","Bacteria","Bacteroidota","Bacteroidia","Flavobacteriales","Flavobacteriaceae","Flavobacterium",NA,4.74,0
"ASV_18647","Bacteria","Bacteroidota","Bacteroidia","Flavobacteriales","Flavobacteriaceae","Flavobacterium",NA,1.206,0
"ASV_18648","Bacteria","Bacteroidota","Bacteroidia","Flavobacteriales","Flavobacteriaceae","Flavobacterium",NA,1.394,0
"ASV_18649","Bacteria","Bacteroidota","Bacteroidia","Flavobacteriales","Flavobacteriaceae","Flavobacterium",NA,0,0
"ASV_18650","Bacteria","Bacteroidota","Bacteroidia","Flavobacteriales","Flavobacteriaceae","Flavobacterium",NA,0,0
"ASV_18651","Bacteria","Bacteroidota","Bacteroidia","Flavobacteriales","Flavobacteriaceae","Flavobacterium",NA,14.708,0
"ASV_18652","Bacteria","Bacteroidota","Bacteroidia","Flavobacteriales","Flavobacteriaceae","Flavobacterium",NA,8.982,0
"ASV_18653","Bacteria","Bacteroidota","Bacteroidia","Flavobacteriales","Flavobacteriaceae","Flavobacterium",NA,1.592,0
"ASV_18654","Bacteria","Bacteroidota","Bacteroidia","Flavobacteriales","Flavobacteriaceae","Flavobacterium",NA,0,0
"ASV_18655","Bacteria","Bacteroidota","Bacteroidia","Flavobacteriales","Flavobacteriaceae","Flavobacterium",NA,4.562,0
"ASV_18656","Bacteria","Bacteroidota","Bacteroidia","Flavobacteriales","Flavobacteriaceae","Flavobacterium",NA,0,0
"ASV_18657","Bacteria","Bacteroidota","Bacteroidia","Flavobacteriales","Flavobacteriaceae","Flavobacterium",NA,0,0
"ASV_18658","Bacteria","Bacteroidota","Bacteroidia","Flavobacteriales","Flavobacteriaceae","Flavobacterium",NA,167.778,0
"ASV_18659","Bacteria","Bacteroidota","Bacteroidia","Flavobacteriales","Flavobacteriaceae","Flavobacterium",NA,0,1.648
"ASV_18660","Bacteria","Bacteroidota","Bacteroidia","Flavobacteriales","Flavobacteriaceae","Flavobacterium",NA,52.576,0
"ASV_18661","Bacteria","Bacteroidota","Bacteroidia","Flavobacteriales","Flavobacteriaceae","Flavobacterium",NA,0,0.29
"ASV_18662","Bacteria","Bacteroidota","Bacteroidia","Flavobacteriales","Flavobacteriaceae","Flavobacterium",NA,3.19,0
"ASV_18663","Bacteria","Bacteroidota","Bacteroidia","Flavobacteriales","Flavobacteriaceae","Flavobacterium",NA,0.71,1.5
"ASV_18664","Bacteria","Bacteroidota","Bacteroidia","Flavobacteriales","Flavobacteriaceae","Flavobacterium",NA,21.988,0
"ASV_18665","Bacteria","Bacteroidota","Bacteroidia","Flavobacteriales","Flavobacteriaceae","Flavobacterium",NA,0,3.804
"ASV_18666","Bacteria","Bacteroidota","Bacteroidia","Flavobacteriales","Flavobacteriaceae","Flavobacterium",NA,1.838,0
"ASV_18667","Bacteria","Bacteroidota","Bacteroidia","Flavobacteriales","Flavobacteriaceae","Flavobacterium",NA,2.292,0
"ASV_18668","Bacteria","Bacteroidota","Bacteroidia","Flavobacteriales","Flavobacteriaceae","Flavobacterium",NA,0,0.436
"ASV_18669","Bacteria","Bacteroidota","Bacteroidia","Flavobacteriales","Flavobacteriaceae","Flavobacterium",NA,12.176,0
"ASV_18670","Bacteria","Bacteroidota","Bacteroidia","Flavobacteriales","Flavobacteriaceae","Flavobacterium",NA,0,0
"ASV_18671","Bacteria","Bacteroidota","Bacteroidia","Flavobacteriales","Flavobacteriaceae","Flavobacterium",NA,6.21,0
"ASV_18672","Bacteria","Bacteroidota","Bacteroidia","Flavobacteriales","Flavobacteriaceae","Flavobacterium",NA,4.204,0
"ASV_18673","Bacteria","Bacteroidota","Bacteroidia","Flavobacteriales","Flavobacteriaceae","Flavobacterium",NA,58.936,0
"ASV_18674","Bacteria","Bacteroidota","Bacteroidia","Flavobacteriales","Flavobacteriaceae","Flavobacterium",NA,0,1.55
"ASV_18675","Bacteria","Bacteroidota","Bacteroidia","Flavobacteriales","Flavobacteriaceae","Flavobacterium",NA,0,0.966
"ASV_18676","Bacteria","Bacteroidota","Bacteroidia","Flavobacteriales","Flavobacteriaceae","Flavobacterium",NA,1.986,0
"ASV_18677","Bacteria","Bacteroidota","Bacteroidia","Flavobacteriales","Flavobacteriaceae","Flavobacterium",NA,0,0
"ASV_18678","Bacteria","Bacteroidota","Bacteroidia","Flavobacteriales","Flavobacteriaceae","Flavobacterium",NA,1.87,0
"ASV_18679","Bacteria","Bacteroidota","Bacteroidia","Flavobacteriales","Flavobacteriaceae","Flavobacterium",NA,1.59,0
"ASV_18680","Bacteria","Bacteroidota","Bacteroidia","Flavobacteriales","Flavobacteriaceae","Flavobacterium",NA,1.084,0
"ASV_18681","Bacteria","Bacteroidota","Bacteroidia","Flavobacteriales","Flavobacteriaceae","Flavobacterium",NA,0,0.636
"ASV_18682","Bacteria","Bacteroidota","Bacteroidia","Flavobacteriales","Flavobacteriaceae","Flavobacterium",NA,10.236,0
"ASV_18683","Bacteria","Bacteroidota","Bacteroidia","Flavobacteriales","Flavobacteriaceae","Flavobacterium",NA,23.298,0
"ASV_18684","Bacteria","Bacteroidota","Bacteroidia","Flavobacteriales","Flavobacteriaceae","Flavobacterium",NA,18.256,0
"ASV_18685","Bacteria","Bacteroidota","Bacteroidia","Flavobacteriales","Flavobacteriaceae","Flavobacterium",NA,2.2,0
"ASV_18686","Bacteria","Bacteroidota","Bacteroidia","Flavobacteriales","Flavobacteriaceae","Flavobacterium",NA,11.158,0
"ASV_18687","Bacteria","Bacteroidota","Bacteroidia","Flavobacteriales","Flavobacteriaceae","Flavobacterium",NA,10.09,0
"ASV_18688","Bacteria","Bacteroidota","Bacteroidia","Flavobacteriales","Flavobacteriaceae","Flavobacterium",NA,1.406,0
"ASV_18689","Bacteria","Bacteroidota","Bacteroidia","Flavobacteriales","Flavobacteriaceae","Flavobacterium",NA,0,0
"ASV_18690","Bacteria","Bacteroidota","Bacteroidia","Flavobacteriales","Flavobacteriaceae","Flavobacterium",NA,0,0
"ASV_18691","Bacteria","Bacteroidota","Bacteroidia","Flavobacteriales","Flavobacteriaceae","Flavobacterium",NA,0.886,0
"ASV_18692","Bacteria","Bacteroidota","Bacteroidia","Flavobacteriales","Flavobacteriaceae","Flavobacterium",NA,0,0
"ASV_18693","Bacteria","Bacteroidota","Bacteroidia","Flavobacteriales","Flavobacteriaceae","Flavobacterium",NA,4.582,0
"ASV_18694","Bacteria","Bacteroidota","Bacteroidia","Flavobacteriales","Flavobacteriaceae","Flavobacterium",NA,1.376,0
"ASV_18695","Bacteria","Bacteroidota","Bacteroidia","Flavobacteriales","Flavobacteriaceae","Flavobacterium",NA,0,0
"ASV_18696","Bacteria","Bacteroidota","Bacteroidia","Flavobacteriales","Flavobacteriaceae","Flavobacterium",NA,75.776,0
"ASV_18697","Bacteria","Bacteroidota","Bacteroidia","Flavobacteriales","Flavobacteriaceae","Flavobacterium",NA,9.276,0.218
"ASV_18698","Bacteria","Bacteroidota","Bacteroidia","Flavobacteriales","Flavobacteriaceae","Flavobacterium",NA,4.528,0
"ASV_18699","Bacteria","Bacteroidota","Bacteroidia","Flavobacteriales","Flavobacteriaceae","Flavobacterium",NA,0,0
"ASV_18700","Bacteria","Bacteroidota","Bacteroidia","Flavobacteriales","Flavobacteriaceae","Flavobacterium",NA,54.012,0
"ASV_18701","Bacteria","Bacteroidota","Bacteroidia","Flavobacteriales","Flavobacteriaceae","Incertae_Sedis",NA,74.554,0
"ASV_18702","Bacteria","Bacteroidota","Bacteroidia","Flavobacteriales","Flavobacteriaceae","Incertae_Sedis",NA,0.392,0
"ASV_18703","Bacteria","Bacteroidota","Bacteroidia","Flavobacteriales","Flavobacteriaceae","Aequorivita",NA,4.93,0
"ASV_18704","Bacteria","Bacteroidota","Bacteroidia","Flavobacteriales","Flavobacteriaceae","Confluentibacter",NA,0,0
"ASV_18705","Bacteria","Bacteroidota","Bacteroidia","Flavobacteriales","Flavobacteriaceae","Arenibacter",NA,0.314,0
"ASV_18706","Bacteria","Bacteroidota","Bacteroidia","Flavobacteriales","Flavobacteriaceae","Gelidibacter",NA,0,0
"ASV_18707","Bacteria","Bacteroidota","Bacteroidia","Flavobacteriales","Flavobacteriaceae","Flavobacterium",NA,4.262,0
"ASV_18708","Bacteria","Bacteroidota","Bacteroidia","Flavobacteriales","Flavobacteriaceae","Flavobacterium",NA,12.106,0
"ASV_18709","Bacteria","Bacteroidota","Bacteroidia","Flavobacteriales","Flavobacteriaceae","Flavobacterium",NA,0,0
"ASV_18710","Bacteria","Bacteroidota","Bacteroidia","Flavobacteriales","Flavobacteriaceae","Flavobacterium",NA,2.69,0
"ASV_18711","Bacteria","Bacteroidota","Bacteroidia","Flavobacteriales","Flavobacteriaceae","Flavobacterium",NA,3.672,0
"ASV_18712","Bacteria","Bacteroidota","Bacteroidia","Flavobacteriales","Flavobacteriaceae","Flavobacterium",NA,0,0
"ASV_18713","Bacteria","Bacteroidota","Bacteroidia","Flavobacteriales","Flavobacteriaceae","Flavobacterium",NA,0,0
"ASV_18714","Bacteria","Bacteroidota","Bacteroidia","Flavobacteriales","Flavobacteriaceae","Flavobacterium",NA,3.952,0
"ASV_18715","Bacteria","Bacteroidota","Bacteroidia","Flavobacteriales","Flavobacteriaceae","Flavobacterium",NA,1.178,0
"ASV_18716","Bacteria","Bacteroidota","Bacteroidia","Flavobacteriales","Flavobacteriaceae","Flavobacterium",NA,23.162,0
"ASV_18717","Bacteria","Bacteroidota","Bacteroidia","Flavobacteriales","Flavobacteriaceae","Flavobacterium",NA,5.646,0
"ASV_18718","Bacteria","Bacteroidota","Bacteroidia","Flavobacteriales","Flavobacteriaceae","Flavobacterium",NA,0,0
"ASV_18719","Bacteria","Bacteroidota","Bacteroidia","Flavobacteriales","Flavobacteriaceae","Flavobacterium",NA,0.28,0
"ASV_18720","Bacteria","Bacteroidota","Bacteroidia","Flavobacteriales","Flavobacteriaceae","Flavobacterium",NA,0.986,0
"ASV_18721","Bacteria","Bacteroidota","Bacteroidia","Flavobacteriales","Flavobacteriaceae","Flavobacterium",NA,5.822,0
"ASV_18722","Bacteria","Bacteroidota","Bacteroidia","Flavobacteriales","Flavobacteriaceae","Flavobacterium",NA,4.264,0
"ASV_18723","Bacteria","Bacteroidota","Bacteroidia","Flavobacteriales","Flavobacteriaceae","Flavobacterium",NA,0.946,0
"ASV_18724","Bacteria","Bacteroidota","Bacteroidia","Incertae_Sedis","Incertae_Sedis","Incertae_Sedis",NA,0,0
"ASV_18725","Bacteria","Bacteroidota","Bacteroidia","Flavobacteriales","Flavobacteriaceae","Incertae_Sedis",NA,0,0
"ASV_18726","Bacteria","Bacteroidota","Bacteroidia","Flavobacteriales","Flavobacteriaceae","Flavobacterium",NA,14.742,0
"ASV_18727","Bacteria","Bacteroidota","Bacteroidia","Flavobacteriales","Flavobacteriaceae","Flavobacterium",NA,18.252,0
"ASV_18728","Bacteria","Bacteroidota","Bacteroidia","Flavobacteriales","Flavobacteriaceae","Flavobacterium",NA,0,0
"ASV_18729","Bacteria","Bacteroidota","Bacteroidia","Flavobacteriales","Flavobacteriaceae","Flavobacterium",NA,9.034,0
"ASV_18730","Bacteria","Bacteroidota","Bacteroidia","Flavobacteriales","Flavobacteriaceae","Flavobacterium",NA,8.602,0
"ASV_18731","Bacteria","Bacteroidota","Bacteroidia","Flavobacteriales","Flavobacteriaceae","Flavobacterium",NA,64.16,0
"ASV_18732","Bacteria","Bacteroidota","Bacteroidia","Flavobacteriales","Flavobacteriaceae","Flavobacterium",NA,19.664,0
"ASV_18733","Bacteria","Bacteroidota","Bacteroidia","Flavobacteriales","Flavobacteriaceae","Flavobacterium",NA,4.938,0
"ASV_18734","Bacteria","Bacteroidota","Bacteroidia","Flavobacteriales","Flavobacteriaceae","Flavobacterium",NA,0,0
"ASV_18735","Bacteria","Bacteroidota","Bacteroidia","Flavobacteriales","Flavobacteriaceae","Flavobacterium",NA,0,0
"ASV_18736","Bacteria","Bacteroidota","Bacteroidia","Flavobacteriales","Flavobacteriaceae","Flavobacterium",NA,0,0.752
"ASV_18737","Bacteria","Bacteroidota","Bacteroidia","Flavobacteriales","Flavobacteriaceae","Flavobacterium",NA,3.874,0
"ASV_18738","Bacteria","Bacteroidota","Bacteroidia","Flavobacteriales","Flavobacteriaceae","Flavobacterium",NA,0,0
"ASV_18739","Bacteria","Bacteroidota","Bacteroidia","Flavobacteriales","Flavobacteriaceae","Flavobacterium",NA,0,0
"ASV_18740","Bacteria","Bacteroidota","Bacteroidia","Flavobacteriales","Flavobacteriaceae","Flavobacterium",NA,20.336,3.828
"ASV_18741","Bacteria","Bacteroidota","Bacteroidia","Flavobacteriales","Flavobacteriaceae","Flavobacterium",NA,0,0
"ASV_18742","Bacteria","Bacteroidota","Bacteroidia","Flavobacteriales","Flavobacteriaceae","Flavobacterium",NA,0,1.602
"ASV_18743","Bacteria","Bacteroidota","Bacteroidia","Flavobacteriales","Flavobacteriaceae","Flavobacterium",NA,17.412,0
"ASV_18744","Bacteria","Bacteroidota","Bacteroidia","Flavobacteriales","Flavobacteriaceae","Flavobacterium",NA,0,0
"ASV_18745","Bacteria","Bacteroidota","Bacteroidia","Flavobacteriales","Flavobacteriaceae","Flavobacterium",NA,45.11,0
"ASV_18746","Bacteria","Bacteroidota","Bacteroidia","Flavobacteriales","Flavobacteriaceae","Flavobacterium",NA,2.822,0
"ASV_18747","Bacteria","Bacteroidota","Bacteroidia","Flavobacteriales","Flavobacteriaceae","Flavobacterium",NA,1.456,0
"ASV_18748","Bacteria","Bacteroidota","Bacteroidia","Flavobacteriales","Flavobacteriaceae","Flavobacterium",NA,0,0
"ASV_18749","Bacteria","Bacteroidota","Bacteroidia","Flavobacteriales","Flavobacteriaceae","Flavobacterium",NA,9.146,0
"ASV_18750","Bacteria","Bacteroidota","Bacteroidia","Flavobacteriales","Flavobacteriaceae","Flavobacterium",NA,0,0
"ASV_18751","Bacteria","Bacteroidota","Bacteroidia","Flavobacteriales","Flavobacteriaceae","Flavobacterium",NA,19.244,0
"ASV_18752","Bacteria","Bacteroidota","Bacteroidia","Flavobacteriales","Flavobacteriaceae","Flavobacterium",NA,0,0
"ASV_18753","Bacteria","Bacteroidota","Bacteroidia","Flavobacteriales","Flavobacteriaceae","Flavobacterium",NA,16.088,0
"ASV_18754","Bacteria","Bacteroidota","Bacteroidia","Flavobacteriales","Flavobacteriaceae","Flavobacterium",NA,82.34,0
"ASV_18755","Bacteria","Bacteroidota","Bacteroidia","Flavobacteriales","Flavobacteriaceae","Flavobacterium",NA,0,1.098
"ASV_18756","Bacteria","Bacteroidota","Bacteroidia","Flavobacteriales","Flavobacteriaceae","Flavobacterium",NA,0,0
"ASV_18757","Bacteria","Bacteroidota","Bacteroidia","Flavobacteriales","Flavobacteriaceae","Flavobacterium",NA,1.39,0
"ASV_18758","Bacteria","Bacteroidota","Bacteroidia","Flavobacteriales","Flavobacteriaceae","Flavobacterium",NA,4.908,0
"ASV_18759","Bacteria","Bacteroidota","Bacteroidia","Flavobacteriales","Flavobacteriaceae","Flavobacterium",NA,0,0
"ASV_18760","Bacteria","Bacteroidota","Bacteroidia","Flavobacteriales","Flavobacteriaceae","Flavobacterium",NA,2.51,0
"ASV_18761","Bacteria","Bacteroidota","Bacteroidia","Flavobacteriales","Flavobacteriaceae","Flavobacterium",NA,0,1.1
"ASV_18762","Bacteria","Bacteroidota","Bacteroidia","Flavobacteriales","Flavobacteriaceae","Flavobacterium",NA,12.472,0
"ASV_18763","Bacteria","Bacteroidota","Bacteroidia","Flavobacteriales","Flavobacteriaceae","Flavobacterium",NA,1.77,0
"ASV_18764","Bacteria","Bacteroidota","Bacteroidia","Flavobacteriales","Flavobacteriaceae","Flavobacterium",NA,0,0
"ASV_18765","Bacteria","Bacteroidota","Bacteroidia","Flavobacteriales","Flavobacteriaceae","Flavobacterium",NA,1.724,0
"ASV_18766","Bacteria","Bacteroidota","Bacteroidia","Flavobacteriales","Flavobacteriaceae","Flavobacterium",NA,9.572,0
"ASV_18767","Bacteria","Bacteroidota","Bacteroidia","Flavobacteriales","Flavobacteriaceae","Flavobacterium",NA,11.44,0
"ASV_18768","Bacteria","Bacteroidota","Bacteroidia","Flavobacteriales","Flavobacteriaceae","Flavobacterium",NA,3.2,0
"ASV_18769","Bacteria","Bacteroidota","Bacteroidia","Flavobacteriales","Flavobacteriaceae","Flavobacterium",NA,0,0
"ASV_18770","Bacteria","Bacteroidota","Bacteroidia","Flavobacteriales","Flavobacteriaceae","Flavobacterium",NA,19.668,2.348
"ASV_18771","Bacteria","Bacteroidota","Bacteroidia","Flavobacteriales","Flavobacteriaceae","Flavobacterium",NA,13.214,0
"ASV_18772","Bacteria","Bacteroidota","Bacteroidia","Flavobacteriales","Flavobacteriaceae","Flavobacterium",NA,0,0
"ASV_18773","Bacteria","Bacteroidota","Bacteroidia","Flavobacteriales","Flavobacteriaceae","Flavobacterium",NA,0,0
"ASV_18774","Bacteria","Bacteroidota","Bacteroidia","Flavobacteriales","Flavobacteriaceae","Flavobacterium",NA,1.904,0
"ASV_18775","Bacteria","Bacteroidota","Bacteroidia","Flavobacteriales","Flavobacteriaceae","Flavobacterium",NA,30.86,0
"ASV_18776","Bacteria","Bacteroidota","Bacteroidia","Flavobacteriales","Flavobacteriaceae","Flavobacterium",NA,2.246,0
"ASV_18777","Bacteria","Bacteroidota","Bacteroidia","Flavobacteriales","Flavobacteriaceae","Flavobacterium",NA,0.316,0
"ASV_18778","Bacteria","Bacteroidota","Bacteroidia","Flavobacteriales","Flavobacteriaceae","Flavobacterium",NA,2.216,0
"ASV_18779","Bacteria","Bacteroidota","Bacteroidia","Flavobacteriales","Flavobacteriaceae","Flavobacterium",NA,1.816,0
"ASV_18780","Bacteria","Bacteroidota","Bacteroidia","Flavobacteriales","Flavobacteriaceae","Flavobacterium",NA,5.812,0
"ASV_18781","Bacteria","Bacteroidota","Bacteroidia","Flavobacteriales","Flavobacteriaceae","Flavobacterium",NA,2.166,0
"ASV_18782","Bacteria","Bacteroidota","Bacteroidia","Flavobacteriales","Flavobacteriaceae","Flavobacterium",NA,0.424,0
"ASV_18783","Bacteria","Bacteroidota","Bacteroidia","Flavobacteriales","Flavobacteriaceae","Flavobacterium",NA,0,0
"ASV_18784","Bacteria","Bacteroidota","Bacteroidia","Flavobacteriales","Flavobacteriaceae","Flavobacterium",NA,6.584,0
"ASV_18785","Bacteria","Bacteroidota","Bacteroidia","Flavobacteriales","Flavobacteriaceae","Flavobacterium",NA,3.132,1.398
"ASV_18786","Bacteria","Bacteroidota","Bacteroidia","Flavobacteriales","Flavobacteriaceae","Flavobacterium",NA,0,0
"ASV_18787","Bacteria","Bacteroidota","Bacteroidia","Flavobacteriales","Flavobacteriaceae","Flavobacterium",NA,10.536,0
"ASV_18788","Bacteria","Bacteroidota","Bacteroidia","Flavobacteriales","Flavobacteriaceae","Flavobacterium",NA,2.94,0
"ASV_18789","Bacteria","Bacteroidota","Bacteroidia","Flavobacteriales","Flavobacteriaceae","Flavobacterium",NA,36.012,1.198
"ASV_18790","Bacteria","Bacteroidota","Bacteroidia","Flavobacteriales","Flavobacteriaceae","Flavobacterium",NA,0,8.432
"ASV_18791","Bacteria","Bacteroidota","Bacteroidia","Flavobacteriales","Flavobacteriaceae","Flavobacterium",NA,0.506,0
"ASV_18792","Bacteria","Bacteroidota","Bacteroidia","Flavobacteriales","Flavobacteriaceae","Flavobacterium",NA,30.408,0
"ASV_18793","Bacteria","Bacteroidota","Bacteroidia","Flavobacteriales","Flavobacteriaceae","Flavobacterium",NA,0.398,0
"ASV_18794","Bacteria","Bacteroidota","Bacteroidia","Flavobacteriales","Flavobacteriaceae","Incertae_Sedis",NA,0,0
"ASV_18795","Bacteria","Bacteroidota","Bacteroidia","Flavobacteriales","Blattabacteriaceae","Candidatus_Brownia",NA,53.85,6.338
"ASV_18796","Bacteria","Bacteroidota","Bacteroidia","Flavobacteriales","Weeksellaceae","Moheibacter",NA,0.826,0
"ASV_18797","Bacteria","Bacteroidota","Bacteroidia","Flavobacteriales","Weeksellaceae","Cloacibacterium",NA,0,1.958
"ASV_18798","Bacteria","Bacteroidota","Bacteroidia","Flavobacteriales","Weeksellaceae","Chryseobacterium",NA,6.966,0
"ASV_18799","Bacteria","Bacteroidota","Bacteroidia","Flavobacteriales","Weeksellaceae","Chryseobacterium",NA,0.392,4.422
"ASV_18800","Bacteria","Bacteroidota","Bacteroidia","Flavobacteriales","Weeksellaceae","Chryseobacterium",NA,0.736,1.76
"ASV_18801","Bacteria","Bacteroidota","Bacteroidia","Flavobacteriales","Weeksellaceae","Chryseobacterium",NA,0,0
"ASV_18802","Bacteria","Bacteroidota","Bacteroidia","Flavobacteriales","Weeksellaceae","Chryseobacterium",NA,0,0
"ASV_18803","Bacteria","Bacteroidota","Bacteroidia","Flavobacteriales","Weeksellaceae","Chryseobacterium",NA,0.904,0
"ASV_18804","Bacteria","Bacteroidota","Bacteroidia","Flavobacteriales","Weeksellaceae","Chryseobacterium",NA,1.224,0
"ASV_18805","Bacteria","Bacteroidota","Bacteroidia","Flavobacteriales","Weeksellaceae","Chryseobacterium",NA,0.976,0
"ASV_18806","Bacteria","Bacteroidota","Bacteroidia","Flavobacteriales","Weeksellaceae","Chryseobacterium",NA,0,0
"ASV_18807","Bacteria","Bacteroidota","Bacteroidia","Flavobacteriales","Weeksellaceae","Chryseobacterium",NA,0,0
"ASV_18808","Bacteria","Bacteroidota","Bacteroidia","Flavobacteriales","Weeksellaceae","Chryseobacterium",NA,31.89,0
"ASV_18809","Bacteria","Bacteroidota","Bacteroidia","Flavobacteriales","Weeksellaceae","Chryseobacterium",NA,106.722,0
"ASV_18810","Bacteria","Bacteroidota","Bacteroidia","Flavobacteriales","Weeksellaceae","Chryseobacterium",NA,0,0.232
"ASV_18811","Bacteria","Bacteroidota","Bacteroidia","Flavobacteriales","Weeksellaceae","Chryseobacterium",NA,29.976,0
"ASV_18812","Bacteria","Bacteroidota","Bacteroidia","Flavobacteriales","Weeksellaceae","Chryseobacterium",NA,0,0
"ASV_18813","Bacteria","Bacteroidota","Bacteroidia","Flavobacteriales","Weeksellaceae","Chryseobacterium",NA,0,0
"ASV_18814","Bacteria","Bacteroidota","Bacteroidia","Flavobacteriales","Weeksellaceae","Chryseobacterium",NA,0,0
"ASV_18815","Bacteria","Bacteroidota","Bacteroidia","Incertae_Sedis","Incertae_Sedis","Incertae_Sedis",NA,3.798,0
"ASV_18816","Bacteria","Bacteroidota","Bacteroidia","Incertae_Sedis","Incertae_Sedis","Incertae_Sedis",NA,1.094,0
"ASV_18817","Bacteria","Bacteroidota","Bacteroidia","Flavobacteriales","NS9_marine_group","Incertae_Sedis",NA,6.442,0
"ASV_18818","Bacteria","Bacteroidota","Bacteroidia","Flavobacteriales","NS9_marine_group","Incertae_Sedis",NA,1.154,0
"ASV_18819","Bacteria","Bacteroidota","Bacteroidia","Flavobacteriales","Incertae_Sedis","Incertae_Sedis",NA,3.74,0
"ASV_18820","Bacteria","Bacteroidota","Bacteroidia","Flavobacteriales","Incertae_Sedis","Incertae_Sedis",NA,1.53,0
"ASV_18821","Bacteria","Bacteroidota","Bacteroidia","Flavobacteriales","NS9_marine_group","Incertae_Sedis",NA,7.488,0
"ASV_18822","Bacteria","Bacteroidota","Bacteroidia","Flavobacteriales","Incertae_Sedis","Incertae_Sedis",NA,0,1.362
"ASV_18823","Bacteria","Bacteroidota","Bacteroidia","Flavobacteriales","NS9_marine_group","Incertae_Sedis",NA,0.752,0
"ASV_18824","Bacteria","Bacteroidota","Bacteroidia","Flavobacteriales","NS9_marine_group","Incertae_Sedis",NA,4.39,0
"ASV_18825","Bacteria","Bacteroidota","Bacteroidia","Incertae_Sedis","Incertae_Sedis","Incertae_Sedis",NA,2.55,0
"ASV_18826","Bacteria","Bacteroidota","Bacteroidia","Flavobacteriales","Incertae_Sedis","Incertae_Sedis",NA,1.092,0
"ASV_18827","Bacteria","Bacteroidota","Bacteroidia","Chitinophagales","Incertae_Sedis","Incertae_Sedis",NA,0,2.5
"ASV_18828","Bacteria","Bacteroidota","Bacteroidia","Chitinophagales","Incertae_Sedis","Incertae_Sedis",NA,0,0
"ASV_18829","Bacteria","Bacteroidota","Bacteroidia","Incertae_Sedis","Incertae_Sedis","Incertae_Sedis",NA,0,8.552
"ASV_18830","Bacteria","Bacteroidota","Bacteroidia","Chitinophagales","Incertae_Sedis","Incertae_Sedis",NA,0,0
"ASV_18831","Bacteria","Bacteroidota","Bacteroidia","Chitinophagales","Incertae_Sedis","Incertae_Sedis",NA,0,0
"ASV_18832","Bacteria","Bacteroidota","Bacteroidia","Chitinophagales","Incertae_Sedis","Incertae_Sedis",NA,0,0
"ASV_18833","Bacteria","Bacteroidota","Bacteroidia","Chitinophagales","Incertae_Sedis","Incertae_Sedis",NA,0,51.09
"ASV_18834","Bacteria","Bacteroidota","Bacteroidia","Chitinophagales","Incertae_Sedis","Incertae_Sedis",NA,0,4.604
"ASV_18835","Bacteria","Bacteroidota","Bacteroidia","Chitinophagales","Incertae_Sedis","Incertae_Sedis",NA,0,2.206
"ASV_18836","Bacteria","Bacteroidota","Bacteroidia","Chitinophagales","Incertae_Sedis","Incertae_Sedis",NA,0,1.468
"ASV_18837","Bacteria","Bacteroidota","Bacteroidia","Chitinophagales","Incertae_Sedis","Incertae_Sedis",NA,0,8.778
"ASV_18838","Bacteria","Bacteroidota","Bacteroidia","Chitinophagales","Chitinophagaceae","Incertae_Sedis",NA,0,9.406
"ASV_18839","Bacteria","Bacteroidota","Bacteroidia","Chitinophagales","Incertae_Sedis","Incertae_Sedis",NA,0,0
"ASV_18840","Bacteria","Bacteroidota","Bacteroidia","Chitinophagales","Incertae_Sedis","Incertae_Sedis",NA,0,0.75
"ASV_18841","Bacteria","Bacteroidota","Bacteroidia","Chitinophagales","Incertae_Sedis","Incertae_Sedis",NA,0,0
"ASV_18842","Bacteria","Bacteroidota","Bacteroidia","Chitinophagales","Incertae_Sedis","Incertae_Sedis",NA,0,0
"ASV_18843","Bacteria","Bacteroidota","Bacteroidia","Chitinophagales","Incertae_Sedis","Incertae_Sedis",NA,9.98,0.948
"ASV_18844","Bacteria","Bacteroidota","Bacteroidia","Chitinophagales","Incertae_Sedis","Incertae_Sedis",NA,0,0
"ASV_18845","Bacteria","Bacteroidota","Bacteroidia","Chitinophagales","Incertae_Sedis","Incertae_Sedis",NA,3.432,0
"ASV_18846","Bacteria","Bacteroidota","Bacteroidia","Chitinophagales","Incertae_Sedis","Incertae_Sedis",NA,0,9.448
"ASV_18847","Bacteria","Bacteroidota","Bacteroidia","Chitinophagales","Incertae_Sedis","Incertae_Sedis",NA,0,19.778
"ASV_18848","Bacteria","Bacteroidota","Bacteroidia","Chitinophagales","Incertae_Sedis","Incertae_Sedis",NA,0,4.718
"ASV_18849","Bacteria","Bacteroidota","Bacteroidia","Chitinophagales","Incertae_Sedis","Incertae_Sedis",NA,0,1.018
"ASV_18850","Bacteria","Bacteroidota","Bacteroidia","Chitinophagales","Incertae_Sedis","Incertae_Sedis",NA,0,21.85
"ASV_18851","Bacteria","Bacteroidota","Bacteroidia","Chitinophagales","Incertae_Sedis","Incertae_Sedis",NA,0,6.92
"ASV_18852","Bacteria","Bacteroidota","Bacteroidia","Chitinophagales","Incertae_Sedis","Incertae_Sedis",NA,0,0
"ASV_18853","Bacteria","Bacteroidota","Bacteroidia","Chitinophagales","Incertae_Sedis","Incertae_Sedis",NA,0,3.864
"ASV_18854","Bacteria","Bacteroidota","Bacteroidia","Chitinophagales","Incertae_Sedis","Incertae_Sedis",NA,0,2.83
"ASV_18855","Bacteria","Bacteroidota","Bacteroidia","Chitinophagales","Incertae_Sedis","Incertae_Sedis",NA,0,23.602
"ASV_18856","Bacteria","Bacteroidota","Bacteroidia","Chitinophagales","Incertae_Sedis","Incertae_Sedis",NA,0,0
"ASV_18857","Bacteria","Bacteroidota","Bacteroidia","Chitinophagales","Incertae_Sedis","Incertae_Sedis",NA,0,0
"ASV_18858","Bacteria","Bacteroidota","Bacteroidia","Chitinophagales","Incertae_Sedis","Incertae_Sedis",NA,0,0.228
"ASV_18859","Bacteria","Bacteroidota","Bacteroidia","Chitinophagales","Incertae_Sedis","Incertae_Sedis",NA,0,0
"ASV_18860","Bacteria","Bacteroidota","Bacteroidia","Chitinophagales","Incertae_Sedis","Incertae_Sedis",NA,0.37,0
"ASV_18861","Bacteria","Bacteroidota","Bacteroidia","Chitinophagales","Incertae_Sedis","Incertae_Sedis",NA,7.096,0
"ASV_18862","Bacteria","Bacteroidota","Bacteroidia","Chitinophagales","Incertae_Sedis","Incertae_Sedis",NA,0.182,0
"ASV_18863","Bacteria","Bacteroidota","Bacteroidia","Chitinophagales","Incertae_Sedis","Incertae_Sedis",NA,6.738,0
"ASV_18864","Bacteria","Bacteroidota","Bacteroidia","Chitinophagales","Incertae_Sedis","Incertae_Sedis",NA,0.34,0
"ASV_18865","Bacteria","Bacteroidota","Bacteroidia","Chitinophagales","Incertae_Sedis","Incertae_Sedis",NA,0.588,0
"ASV_18866","Bacteria","Bacteroidota","Bacteroidia","Chitinophagales","Incertae_Sedis","Incertae_Sedis",NA,0,0
"ASV_18867","Bacteria","Bacteroidota","Bacteroidia","Chitinophagales","Incertae_Sedis","Incertae_Sedis",NA,5.98,1.612
"ASV_18868","Bacteria","Bacteroidota","Bacteroidia","Chitinophagales","Incertae_Sedis","Incertae_Sedis",NA,0,0.744
"ASV_18869","Bacteria","Bacteroidota","Bacteroidia","Chitinophagales","Incertae_Sedis","Incertae_Sedis",NA,0,3.15
"ASV_18870","Bacteria","Bacteroidota","Bacteroidia","Chitinophagales","Incertae_Sedis","Incertae_Sedis",NA,0,4.172
"ASV_18871","Bacteria","Bacteroidota","Bacteroidia","Chitinophagales","Incertae_Sedis","Incertae_Sedis",NA,0,0
"ASV_18872","Bacteria","Bacteroidota","Bacteroidia","Chitinophagales","Incertae_Sedis","Incertae_Sedis",NA,0,1.132
"ASV_18873","Bacteria","Bacteroidota","Bacteroidia","Chitinophagales","Incertae_Sedis","Incertae_Sedis",NA,7.682,4.722
"ASV_18874","Bacteria","Bacteroidota","Bacteroidia","Chitinophagales","Incertae_Sedis","Incertae_Sedis",NA,0,0
"ASV_18875","Bacteria","Bacteroidota","Bacteroidia","Chitinophagales","Incertae_Sedis","Incertae_Sedis",NA,0,8.4
"ASV_18876","Bacteria","Bacteroidota","Bacteroidia","Chitinophagales","Incertae_Sedis","Incertae_Sedis",NA,0,1.066
"ASV_18877","Bacteria","Bacteroidota","Bacteroidia","Chitinophagales","Incertae_Sedis","Incertae_Sedis",NA,6.382,3.66
"ASV_18878","Bacteria","Bacteroidota","Bacteroidia","Chitinophagales","Incertae_Sedis","Incertae_Sedis",NA,2.288,9.022
"ASV_18879","Bacteria","Bacteroidota","Bacteroidia","Chitinophagales","Incertae_Sedis","Incertae_Sedis",NA,0,2.764
"ASV_18880","Bacteria","Bacteroidota","Bacteroidia","Chitinophagales","Incertae_Sedis","Incertae_Sedis",NA,0,2.238
"ASV_18881","Bacteria","Bacteroidota","Bacteroidia","Incertae_Sedis","Incertae_Sedis","Incertae_Sedis",NA,6.874,0
"ASV_18882","Bacteria","Bacteroidota","Bacteroidia","Incertae_Sedis","Incertae_Sedis","Incertae_Sedis",NA,4.778,0
"ASV_18883","Bacteria","Bacteroidota","Bacteroidia","Chitinophagales","Chitinophagaceae","Incertae_Sedis",NA,6.858,0
"ASV_18884","Bacteria","Bacteroidota","Bacteroidia","Incertae_Sedis","Incertae_Sedis","Incertae_Sedis",NA,9.43,0
"ASV_18885","Bacteria","Bacteroidota","Bacteroidia","Incertae_Sedis","Incertae_Sedis","Incertae_Sedis",NA,0.49,0
"ASV_18886","Bacteria","Bacteroidota","Bacteroidia","Incertae_Sedis","Incertae_Sedis","Incertae_Sedis",NA,40.736,0
"ASV_18887","Bacteria","Bacteroidota","Bacteroidia","Incertae_Sedis","Incertae_Sedis","Incertae_Sedis",NA,20.858,10.158
"ASV_18888","Bacteria","Bacteroidota","Bacteroidia","Incertae_Sedis","Incertae_Sedis","Incertae_Sedis",NA,3.326,1.226
"ASV_18889","Bacteria","Bacteroidota","Bacteroidia","Chitinophagales","Chitinophagaceae","Incertae_Sedis",NA,2.18,7.494
"ASV_18890","Bacteria","Bacteroidota","Bacteroidia","Chitinophagales","Chitinophagaceae","Incertae_Sedis",NA,0,3.428
"ASV_18891","Bacteria","Bacteroidota","Bacteroidia","Chitinophagales","Chitinophagaceae","Incertae_Sedis",NA,3.592,0
"ASV_18892","Bacteria","Bacteroidota","Bacteroidia","Chitinophagales","Chitinophagaceae","Incertae_Sedis",NA,0,4.724
"ASV_18893","Bacteria","Bacteroidota","Bacteroidia","Chitinophagales","Chitinophagaceae","Incertae_Sedis",NA,1.104,0
"ASV_18894","Bacteria","Bacteroidota","Bacteroidia","Chitinophagales","Chitinophagaceae","Incertae_Sedis",NA,1.386,0
"ASV_18895","Bacteria","Bacteroidota","Bacteroidia","Chitinophagales","Chitinophagaceae","Incertae_Sedis",NA,0,0
"ASV_18896","Bacteria","Bacteroidota","Bacteroidia","Chitinophagales","Chitinophagaceae","Incertae_Sedis",NA,11.07,0
"ASV_18897","Bacteria","Bacteroidota","Bacteroidia","Chitinophagales","Chitinophagaceae","Incertae_Sedis",NA,9.258,0
"ASV_18898","Bacteria","Bacteroidota","Bacteroidia","Chitinophagales","Chitinophagaceae","Incertae_Sedis",NA,0,25.704
"ASV_18899","Bacteria","Bacteroidota","Bacteroidia","Chitinophagales","Chitinophagaceae","Incertae_Sedis",NA,0,2.742
"ASV_18900","Bacteria","Bacteroidota","Bacteroidia","Chitinophagales","Chitinophagaceae","Incertae_Sedis",NA,0,5.812
"ASV_18901","Bacteria","Bacteroidota","Bacteroidia","Chitinophagales","Chitinophagaceae","Incertae_Sedis",NA,10.834,0
"ASV_18902","Bacteria","Bacteroidota","Bacteroidia","Chitinophagales","Chitinophagaceae","Edaphocola",NA,0,36.47
"ASV_18903","Bacteria","Bacteroidota","Bacteroidia","Chitinophagales","Chitinophagaceae","Edaphocola",NA,8.26,5.008
"ASV_18904","Bacteria","Bacteroidota","Bacteroidia","Chitinophagales","Chitinophagaceae","Edaphocola",NA,0,20.452
"ASV_18905","Bacteria","Bacteroidota","Bacteroidia","Chitinophagales","Chitinophagaceae","Incertae_Sedis",NA,0,0
"ASV_18906","Bacteria","Bacteroidota","Bacteroidia","Chitinophagales","Chitinophagaceae","Edaphocola",NA,0,25.474
"ASV_18907","Bacteria","Bacteroidota","Bacteroidia","Chitinophagales","Chitinophagaceae","Edaphocola",NA,0,4.444
"ASV_18908","Bacteria","Bacteroidota","Bacteroidia","Chitinophagales","Chitinophagaceae","Edaphocola",NA,0,2.114
"ASV_18909","Bacteria","Bacteroidota","Bacteroidia","Chitinophagales","Incertae_Sedis","Incertae_Sedis",NA,0,0
"ASV_18910","Bacteria","Bacteroidota","Bacteroidia","Chitinophagales","Chitinophagaceae","Incertae_Sedis",NA,0,0
"ASV_18911","Bacteria","Bacteroidota","Bacteroidia","Chitinophagales","Chitinophagaceae","Incertae_Sedis",NA,0,4.776
"ASV_18912","Bacteria","Bacteroidota","Bacteroidia","Chitinophagales","Chitinophagaceae","Incertae_Sedis",NA,0,2.06
"ASV_18913","Bacteria","Bacteroidota","Bacteroidia","Chitinophagales","Chitinophagaceae","Incertae_Sedis",NA,0,0.64
"ASV_18914","Bacteria","Bacteroidota","Bacteroidia","Chitinophagales","Chitinophagaceae","Incertae_Sedis",NA,0,1.752
"ASV_18915","Bacteria","Bacteroidota","Bacteroidia","Chitinophagales","Chitinophagaceae","Incertae_Sedis",NA,0,9.944
"ASV_18916","Bacteria","Bacteroidota","Bacteroidia","Chitinophagales","Chitinophagaceae","Incertae_Sedis",NA,12.992,0
"ASV_18917","Bacteria","Bacteroidota","Bacteroidia","Chitinophagales","Chitinophagaceae","Incertae_Sedis",NA,0,3.97
"ASV_18918","Bacteria","Bacteroidota","Bacteroidia","Chitinophagales","Chitinophagaceae","Incertae_Sedis",NA,0,0
"ASV_18919","Bacteria","Bacteroidota","Bacteroidia","Chitinophagales","Chitinophagaceae","Incertae_Sedis",NA,143.25,9.596
"ASV_18920","Bacteria","Bacteroidota","Bacteroidia","Chitinophagales","Chitinophagaceae","Incertae_Sedis",NA,34.324,0
"ASV_18921","Bacteria","Bacteroidota","Bacteroidia","Chitinophagales","Chitinophagaceae","Incertae_Sedis",NA,5.802,4.628
"ASV_18922","Bacteria","Bacteroidota","Bacteroidia","Chitinophagales","Chitinophagaceae","Incertae_Sedis",NA,5.16,0
"ASV_18923","Bacteria","Bacteroidota","Bacteroidia","Chitinophagales","Chitinophagaceae","Incertae_Sedis",NA,0,3.69
"ASV_18924","Bacteria","Bacteroidota","Bacteroidia","Chitinophagales","Chitinophagaceae","Incertae_Sedis",NA,33.39,13.018
"ASV_18925","Bacteria","Bacteroidota","Bacteroidia","Chitinophagales","Chitinophagaceae","Incertae_Sedis",NA,0,14.324
"ASV_18926","Bacteria","Bacteroidota","Bacteroidia","Chitinophagales","Chitinophagaceae","Incertae_Sedis",NA,0,0
"ASV_18927","Bacteria","Bacteroidota","Bacteroidia","Chitinophagales","Chitinophagaceae","Incertae_Sedis",NA,8.322,9.354
"ASV_18928","Bacteria","Bacteroidota","Bacteroidia","Chitinophagales","Chitinophagaceae","Incertae_Sedis",NA,13.148,0
"ASV_18929","Bacteria","Bacteroidota","Bacteroidia","Chitinophagales","Chitinophagaceae","Incertae_Sedis",NA,1.22,0
"ASV_18930","Bacteria","Bacteroidota","Bacteroidia","Chitinophagales","Chitinophagaceae","Incertae_Sedis",NA,14.908,0
"ASV_18931","Bacteria","Bacteroidota","Bacteroidia","Chitinophagales","Chitinophagaceae","Incertae_Sedis",NA,2.788,3.896
"ASV_18932","Bacteria","Bacteroidota","Bacteroidia","Chitinophagales","Chitinophagaceae","Incertae_Sedis",NA,25.89,29.418
"ASV_18933","Bacteria","Bacteroidota","Bacteroidia","Chitinophagales","Chitinophagaceae","Incertae_Sedis",NA,18.094,0
"ASV_18934","Bacteria","Bacteroidota","Bacteroidia","Chitinophagales","Chitinophagaceae","Incertae_Sedis",NA,15.44,0
"ASV_18935","Bacteria","Bacteroidota","Bacteroidia","Chitinophagales","Chitinophagaceae","Incertae_Sedis",NA,0,5.124
"ASV_18936","Bacteria","Bacteroidota","Bacteroidia","Chitinophagales","Chitinophagaceae","Incertae_Sedis",NA,8.232,0
"ASV_18937","Bacteria","Bacteroidota","Bacteroidia","Chitinophagales","Chitinophagaceae","Incertae_Sedis",NA,0,33.122
"ASV_18938","Bacteria","Bacteroidota","Bacteroidia","Chitinophagales","Chitinophagaceae","Incertae_Sedis",NA,0,1.696
"ASV_18939","Bacteria","Bacteroidota","Bacteroidia","Chitinophagales","Chitinophagaceae","Incertae_Sedis",NA,0,1.474
"ASV_18940","Bacteria","Bacteroidota","Bacteroidia","Chitinophagales","Chitinophagaceae","Incertae_Sedis",NA,9.866,0
"ASV_18941","Bacteria","Bacteroidota","Bacteroidia","Chitinophagales","Chitinophagaceae","Incertae_Sedis",NA,0,1.742
"ASV_18942","Bacteria","Bacteroidota","Bacteroidia","Chitinophagales","Chitinophagaceae","Incertae_Sedis",NA,0,5.912
"ASV_18943","Bacteria","Bacteroidota","Bacteroidia","Chitinophagales","Chitinophagaceae","Incertae_Sedis",NA,0,0.996
"ASV_18944","Bacteria","Bacteroidota","Bacteroidia","Chitinophagales","Chitinophagaceae","Incertae_Sedis",NA,0,101.46
"ASV_18945","Bacteria","Bacteroidota","Bacteroidia","Chitinophagales","Chitinophagaceae","Incertae_Sedis",NA,0,19.096
"ASV_18946","Bacteria","Bacteroidota","Bacteroidia","Chitinophagales","Chitinophagaceae","Incertae_Sedis",NA,0,17.894
"ASV_18947","Bacteria","Bacteroidota","Bacteroidia","Chitinophagales","Chitinophagaceae","Incertae_Sedis",NA,0,7.254
"ASV_18948","Bacteria","Bacteroidota","Bacteroidia","Chitinophagales","Chitinophagaceae","Incertae_Sedis",NA,3.316,1.388
"ASV_18949","Bacteria","Bacteroidota","Bacteroidia","Chitinophagales","Chitinophagaceae","Incertae_Sedis",NA,0,0
"ASV_18950","Bacteria","Bacteroidota","Bacteroidia","Chitinophagales","Chitinophagaceae","Incertae_Sedis",NA,0,0.778
"ASV_18951","Bacteria","Bacteroidota","Bacteroidia","Chitinophagales","Chitinophagaceae","Incertae_Sedis",NA,0,0
"ASV_18952","Bacteria","Bacteroidota","Bacteroidia","Chitinophagales","Chitinophagaceae","Incertae_Sedis",NA,2.628,0
"ASV_18953","Bacteria","Bacteroidota","Bacteroidia","Chitinophagales","Chitinophagaceae","Incertae_Sedis",NA,5.402,0
"ASV_18954","Bacteria","Bacteroidota","Bacteroidia","Incertae_Sedis","Incertae_Sedis","Incertae_Sedis",NA,133.142,0
"ASV_18955","Bacteria","Bacteroidota","Bacteroidia","Chitinophagales","Chitinophagaceae","Incertae_Sedis",NA,14.536,0
"ASV_18956","Bacteria","Bacteroidota","Bacteroidia","Chitinophagales","Chitinophagaceae","Incertae_Sedis",NA,26.15,0
"ASV_18957","Bacteria","Bacteroidota","Bacteroidia","Chitinophagales","Incertae_Sedis","Incertae_Sedis",NA,14.298,0
"ASV_18958","Bacteria","Bacteroidota","Bacteroidia","Chitinophagales","Chitinophagaceae","Incertae_Sedis",NA,0,0
"ASV_18959","Bacteria","Bacteroidota","Bacteroidia","Chitinophagales","Incertae_Sedis","Incertae_Sedis",NA,0,2.89
"ASV_18960","Bacteria","Bacteroidota","Bacteroidia","Chitinophagales","Chitinophagaceae","Incertae_Sedis",NA,0,0
"ASV_18961","Bacteria","Bacteroidota","Bacteroidia","Chitinophagales","Chitinophagaceae","Incertae_Sedis",NA,11.518,0
"ASV_18962","Bacteria","Bacteroidota","Bacteroidia","Chitinophagales","Chitinophagaceae","Incertae_Sedis",NA,0,4.318
"ASV_18963","Bacteria","Bacteroidota","Bacteroidia","Chitinophagales","Chitinophagaceae","Incertae_Sedis",NA,0,0
"ASV_18964","Bacteria","Bacteroidota","Bacteroidia","Chitinophagales","Incertae_Sedis","Incertae_Sedis",NA,0,0
"ASV_18965","Bacteria","Bacteroidota","Bacteroidia","Chitinophagales","Incertae_Sedis","Incertae_Sedis",NA,2.36,0
"ASV_18966","Bacteria","Bacteroidota","Bacteroidia","Chitinophagales","Incertae_Sedis","Incertae_Sedis",NA,3.108,0
"ASV_18967","Bacteria","Bacteroidota","Bacteroidia","Chitinophagales","Chitinophagaceae","Incertae_Sedis",NA,11.792,14.274
"ASV_18968","Bacteria","Bacteroidota","Bacteroidia","Chitinophagales","Chitinophagaceae","Incertae_Sedis",NA,2.556,0
"ASV_18969","Bacteria","Bacteroidota","Bacteroidia","Chitinophagales","Chitinophagaceae","Incertae_Sedis",NA,8.444,0
"ASV_18970","Bacteria","Bacteroidota","Bacteroidia","Chitinophagales","Chitinophagaceae","Incertae_Sedis",NA,8.778,0
"ASV_18971","Bacteria","Bacteroidota","Bacteroidia","Chitinophagales","Chitinophagaceae","Incertae_Sedis",NA,2.424,0
"ASV_18972","Bacteria","Bacteroidota","Bacteroidia","Chitinophagales","Chitinophagaceae","Incertae_Sedis",NA,6.21,0.26
"ASV_18973","Bacteria","Bacteroidota","Bacteroidia","Chitinophagales","Chitinophagaceae","Incertae_Sedis",NA,0,0
"ASV_18974","Bacteria","Bacteroidota","Bacteroidia","Chitinophagales","Chitinophagaceae","Incertae_Sedis",NA,2.982,0
"ASV_18975","Bacteria","Bacteroidota","Bacteroidia","Chitinophagales","Chitinophagaceae","Incertae_Sedis",NA,5.096,0
"ASV_18976","Bacteria","Bacteroidota","Bacteroidia","Chitinophagales","Chitinophagaceae","Incertae_Sedis",NA,2.124,0
"ASV_18977","Bacteria","Bacteroidota","Bacteroidia","Chitinophagales","Chitinophagaceae","Incertae_Sedis",NA,0,0
"ASV_18978","Bacteria","Bacteroidota","Bacteroidia","Chitinophagales","Chitinophagaceae","Incertae_Sedis",NA,0.976,0
"ASV_18979","Bacteria","Bacteroidota","Bacteroidia","Chitinophagales","Chitinophagaceae","Incertae_Sedis",NA,0.588,0
"ASV_18980","Bacteria","Bacteroidota","Bacteroidia","Chitinophagales","Chitinophagaceae","Incertae_Sedis",NA,0,0
"ASV_18981","Bacteria","Bacteroidota","Bacteroidia","Chitinophagales","Chitinophagaceae","Incertae_Sedis",NA,0,7.074
"ASV_18982","Bacteria","Bacteroidota","Bacteroidia","Chitinophagales","Chitinophagaceae","Incertae_Sedis",NA,0,0
"ASV_18983","Bacteria","Bacteroidota","Bacteroidia","Chitinophagales","Chitinophagaceae","Incertae_Sedis",NA,15.904,0
"ASV_18984","Bacteria","Bacteroidota","Bacteroidia","Chitinophagales","Chitinophagaceae","Incertae_Sedis",NA,1.18,0
"ASV_18985","Bacteria","Bacteroidota","Bacteroidia","Chitinophagales","Chitinophagaceae","Incertae_Sedis",NA,20.722,8.33
"ASV_18986","Bacteria","Bacteroidota","Bacteroidia","Chitinophagales","Chitinophagaceae","Incertae_Sedis",NA,8.69,0
"ASV_18987","Bacteria","Bacteroidota","Bacteroidia","Chitinophagales","Chitinophagaceae","Incertae_Sedis",NA,37.12,0
"ASV_18988","Bacteria","Bacteroidota","Bacteroidia","Chitinophagales","Chitinophagaceae","Incertae_Sedis",NA,6.132,0
"ASV_18989","Bacteria","Bacteroidota","Bacteroidia","Chitinophagales","Chitinophagaceae","Incertae_Sedis",NA,0,0
"ASV_18990","Bacteria","Bacteroidota","Bacteroidia","Chitinophagales","Chitinophagaceae","Incertae_Sedis",NA,0,9.95
"ASV_18991","Bacteria","Bacteroidota","Bacteroidia","Chitinophagales","Chitinophagaceae","Incertae_Sedis",NA,0,0
"ASV_18992","Bacteria","Bacteroidota","Bacteroidia","Chitinophagales","Chitinophagaceae","Incertae_Sedis",NA,0,1.016
"ASV_18993","Bacteria","Bacteroidota","Bacteroidia","Chitinophagales","Chitinophagaceae","Incertae_Sedis",NA,76.32,0
"ASV_18994","Bacteria","Bacteroidota","Bacteroidia","Chitinophagales","Chitinophagaceae","Incertae_Sedis",NA,14.008,0
"ASV_18995","Bacteria","Bacteroidota","Bacteroidia","Chitinophagales","Chitinophagaceae","Incertae_Sedis",NA,0,0
"ASV_18996","Bacteria","Bacteroidota","Bacteroidia","Chitinophagales","Chitinophagaceae","Incertae_Sedis",NA,0,0
"ASV_18997","Bacteria","Bacteroidota","Bacteroidia","Chitinophagales","Chitinophagaceae","Edaphobaculum",NA,1.522,9.632
"ASV_18998","Bacteria","Bacteroidota","Bacteroidia","Chitinophagales","Chitinophagaceae","Edaphobaculum",NA,0,0
"ASV_18999","Bacteria","Bacteroidota","Bacteroidia","Chitinophagales","Chitinophagaceae","Incertae_Sedis",NA,0,5.526
"ASV_19000","Bacteria","Bacteroidota","Bacteroidia","Chitinophagales","Chitinophagaceae","Incertae_Sedis",NA,0,0
"ASV_19001","Bacteria","Bacteroidota","Bacteroidia","Chitinophagales","Chitinophagaceae","Nemorincola",NA,0,1.058
"ASV_19002","Bacteria","Bacteroidota","Bacteroidia","Chitinophagales","Chitinophagaceae","Rurimicrobium",NA,81.94,0
"ASV_19003","Bacteria","Bacteroidota","Bacteroidia","Chitinophagales","Chitinophagaceae","Incertae_Sedis",NA,13.158,0
"ASV_19004","Bacteria","Bacteroidota","Bacteroidia","Chitinophagales","Chitinophagaceae","Incertae_Sedis",NA,0.772,0
"ASV_19005","Bacteria","Bacteroidota","Bacteroidia","Chitinophagales","Chitinophagaceae","Incertae_Sedis",NA,23.772,0
"ASV_19006","Bacteria","Bacteroidota","Bacteroidia","Chitinophagales","Chitinophagaceae","Incertae_Sedis",NA,7.022,0
"ASV_19007","Bacteria","Bacteroidota","Bacteroidia","Chitinophagales","Chitinophagaceae","Incertae_Sedis",NA,0,0
"ASV_19008","Bacteria","Bacteroidota","Bacteroidia","Chitinophagales","Chitinophagaceae","Incertae_Sedis",NA,3.352,0.716
"ASV_19009","Bacteria","Bacteroidota","Bacteroidia","Chitinophagales","Chitinophagaceae","Flavipsychrobacter",NA,0,2.034
"ASV_19010","Bacteria","Bacteroidota","Bacteroidia","Chitinophagales","Chitinophagaceae","Nemorincola",NA,0,1.256
"ASV_19011","Bacteria","Bacteroidota","Bacteroidia","Chitinophagales","Chitinophagaceae","Nemorincola",NA,0,0
"ASV_19012","Bacteria","Bacteroidota","Bacteroidia","Chitinophagales","Chitinophagaceae","Flavipsychrobacter",NA,0,0
"ASV_19013","Bacteria","Bacteroidota","Bacteroidia","Chitinophagales","Chitinophagaceae","Flavipsychrobacter",NA,0.86,0
"ASV_19014","Bacteria","Bacteroidota","Bacteroidia","Chitinophagales","Chitinophagaceae","Incertae_Sedis",NA,0,1.056
"ASV_19015","Bacteria","Bacteroidota","Bacteroidia","Chitinophagales","Chitinophagaceae","Incertae_Sedis",NA,0,1.296
"ASV_19016","Bacteria","Bacteroidota","Bacteroidia","Chitinophagales","Chitinophagaceae","Incertae_Sedis",NA,0,46.48
"ASV_19017","Bacteria","Bacteroidota","Bacteroidia","Chitinophagales","Chitinophagaceae","Incertae_Sedis",NA,0,0
"ASV_19018","Bacteria","Bacteroidota","Bacteroidia","Chitinophagales","Chitinophagaceae","Nemorincola",NA,0,1.726
"ASV_19019","Bacteria","Bacteroidota","Bacteroidia","Chitinophagales","Chitinophagaceae","Nemorincola",NA,4.742,25.646
"ASV_19020","Bacteria","Bacteroidota","Bacteroidia","Chitinophagales","Chitinophagaceae","Nemorincola",NA,18.176,0
"ASV_19021","Bacteria","Bacteroidota","Bacteroidia","Chitinophagales","Chitinophagaceae","Nemorincola",NA,2.3,0
"ASV_19022","Bacteria","Bacteroidota","Bacteroidia","Chitinophagales","Chitinophagaceae","Nemorincola",NA,20.154,0
"ASV_19023","Bacteria","Bacteroidota","Bacteroidia","Chitinophagales","Chitinophagaceae","Nemorincola",NA,2.166,5.762
"ASV_19024","Bacteria","Bacteroidota","Bacteroidia","Chitinophagales","Chitinophagaceae","Nemorincola",NA,0,0
"ASV_19025","Bacteria","Bacteroidota","Bacteroidia","Chitinophagales","Chitinophagaceae","Nemorincola",NA,110.758,74.78
"ASV_19026","Bacteria","Bacteroidota","Bacteroidia","Chitinophagales","Chitinophagaceae","Nemorincola",NA,45.912,46.914
"ASV_19027","Bacteria","Bacteroidota","Bacteroidia","Chitinophagales","Chitinophagaceae","Nemorincola",NA,31.84,0
"ASV_19028","Bacteria","Bacteroidota","Bacteroidia","Chitinophagales","Chitinophagaceae","Nemorincola",NA,19.766,0
"ASV_19029","Bacteria","Bacteroidota","Bacteroidia","Chitinophagales","Chitinophagaceae","Nemorincola",NA,0,0
"ASV_19030","Bacteria","Bacteroidota","Bacteroidia","Chitinophagales","Chitinophagaceae","Nemorincola",NA,4.32,0
"ASV_19031","Bacteria","Bacteroidota","Bacteroidia","Chitinophagales","Chitinophagaceae","Nemorincola",NA,0,5.502
"ASV_19032","Bacteria","Bacteroidota","Bacteroidia","Chitinophagales","Chitinophagaceae","Nemorincola",NA,3.726,0
"ASV_19033","Bacteria","Bacteroidota","Bacteroidia","Chitinophagales","Chitinophagaceae","Nemorincola",NA,3.514,0
"ASV_19034","Bacteria","Bacteroidota","Bacteroidia","Chitinophagales","Chitinophagaceae","Nemorincola",NA,2.958,0
"ASV_19035","Bacteria","Bacteroidota","Bacteroidia","Chitinophagales","Chitinophagaceae","Nemorincola",NA,8.63,0
"ASV_19036","Bacteria","Bacteroidota","Bacteroidia","Chitinophagales","Chitinophagaceae","Nemorincola",NA,19.668,0
"ASV_19037","Bacteria","Bacteroidota","Bacteroidia","Chitinophagales","Chitinophagaceae","Nemorincola",NA,1.936,1.644
"ASV_19038","Bacteria","Bacteroidota","Bacteroidia","Chitinophagales","Chitinophagaceae","Nemorincola",NA,16.908,0
"ASV_19039","Bacteria","Bacteroidota","Bacteroidia","Chitinophagales","Chitinophagaceae","Nemorincola",NA,2.554,0
"ASV_19040","Bacteria","Bacteroidota","Bacteroidia","Chitinophagales","Chitinophagaceae","Nemorincola",NA,1.902,0
"ASV_19041","Bacteria","Bacteroidota","Bacteroidia","Chitinophagales","Chitinophagaceae","Nemorincola",NA,0,0
"ASV_19042","Bacteria","Bacteroidota","Bacteroidia","Chitinophagales","Chitinophagaceae","Nemorincola",NA,0,0
"ASV_19043","Bacteria","Bacteroidota","Bacteroidia","Chitinophagales","Chitinophagaceae","Nemorincola",NA,5.222,0
"ASV_19044","Bacteria","Bacteroidota","Bacteroidia","Chitinophagales","Chitinophagaceae","Nemorincola",NA,1.548,0
"ASV_19045","Bacteria","Bacteroidota","Bacteroidia","Chitinophagales","Chitinophagaceae","Nemorincola",NA,0,1.186
"ASV_19046","Bacteria","Bacteroidota","Bacteroidia","Chitinophagales","Chitinophagaceae","Flavipsychrobacter",NA,0,0
"ASV_19047","Bacteria","Bacteroidota","Bacteroidia","Chitinophagales","Chitinophagaceae","Nemorincola",NA,2.968,0
"ASV_19048","Bacteria","Bacteroidota","Bacteroidia","Chitinophagales","Chitinophagaceae","Nemorincola",NA,0,0
"ASV_19049","Bacteria","Bacteroidota","Bacteroidia","Chitinophagales","Chitinophagaceae","Nemorincola",NA,112.056,3.142
"ASV_19050","Bacteria","Bacteroidota","Bacteroidia","Chitinophagales","Chitinophagaceae","Nemorincola",NA,40.914,2.594
"ASV_19051","Bacteria","Bacteroidota","Bacteroidia","Chitinophagales","Chitinophagaceae","Nemorincola",NA,3.398,0
"ASV_19052","Bacteria","Bacteroidota","Bacteroidia","Chitinophagales","Chitinophagaceae","Nemorincola",NA,4.588,0
"ASV_19053","Bacteria","Bacteroidota","Bacteroidia","Chitinophagales","Chitinophagaceae","Nemorincola",NA,4.196,0
"ASV_19054","Bacteria","Bacteroidota","Bacteroidia","Chitinophagales","Chitinophagaceae","Nemorincola",NA,0,0
"ASV_19055","Bacteria","Bacteroidota","Bacteroidia","Chitinophagales","Chitinophagaceae","Nemorincola",NA,0.976,0
"ASV_19056","Bacteria","Bacteroidota","Bacteroidia","Chitinophagales","Chitinophagaceae","Nemorincola",NA,2.996,2.492
"ASV_19057","Bacteria","Bacteroidota","Bacteroidia","Chitinophagales","Chitinophagaceae","Nemorincola",NA,10.856,0
"ASV_19058","Bacteria","Bacteroidota","Bacteroidia","Chitinophagales","Chitinophagaceae","Nemorincola",NA,0,0
"ASV_19059","Bacteria","Bacteroidota","Bacteroidia","Chitinophagales","Chitinophagaceae","Nemorincola",NA,0,0
"ASV_19060","Bacteria","Bacteroidota","Bacteroidia","Chitinophagales","Chitinophagaceae","Nemorincola",NA,1.442,0
"ASV_19061","Bacteria","Bacteroidota","Bacteroidia","Chitinophagales","Chitinophagaceae","Nemorincola",NA,0.468,0
"ASV_19062","Bacteria","Bacteroidota","Bacteroidia","Chitinophagales","Chitinophagaceae","Nemorincola",NA,10.126,0
"ASV_19063","Bacteria","Bacteroidota","Bacteroidia","Chitinophagales","Chitinophagaceae","Nemorincola",NA,0,0
"ASV_19064","Bacteria","Bacteroidota","Bacteroidia","Chitinophagales","Chitinophagaceae","Nemorincola",NA,2.66,0
"ASV_19065","Bacteria","Bacteroidota","Bacteroidia","Chitinophagales","Chitinophagaceae","Nemorincola",NA,0,5.862
"ASV_19066","Bacteria","Bacteroidota","Bacteroidia","Chitinophagales","Chitinophagaceae","Incertae_Sedis",NA,0,0
"ASV_19067","Bacteria","Bacteroidota","Bacteroidia","Chitinophagales","Chitinophagaceae","Flavipsychrobacter",NA,0,0
"ASV_19068","Bacteria","Bacteroidota","Bacteroidia","Chitinophagales","Chitinophagaceae","Flavipsychrobacter",NA,0,0
"ASV_19069","Bacteria","Bacteroidota","Bacteroidia","Chitinophagales","Chitinophagaceae","Edaphobaculum",NA,8.372,0
"ASV_19070","Bacteria","Bacteroidota","Bacteroidia","Chitinophagales","Chitinophagaceae","Edaphobaculum",NA,0,0
"ASV_19071","Bacteria","Bacteroidota","Bacteroidia","Chitinophagales","Chitinophagaceae","Incertae_Sedis",NA,7.896,0
"ASV_19072","Bacteria","Bacteroidota","Bacteroidia","Chitinophagales","Chitinophagaceae","Incertae_Sedis",NA,159.386,0
"ASV_19073","Bacteria","Bacteroidota","Bacteroidia","Chitinophagales","Chitinophagaceae","Edaphobaculum",NA,0,1.59
"ASV_19074","Bacteria","Bacteroidota","Bacteroidia","Chitinophagales","Chitinophagaceae","Edaphobaculum",NA,157.324,0
"ASV_19075","Bacteria","Bacteroidota","Bacteroidia","Chitinophagales","Chitinophagaceae","Edaphobaculum",NA,15.256,0
"ASV_19076","Bacteria","Bacteroidota","Bacteroidia","Chitinophagales","Chitinophagaceae","Edaphobaculum",NA,16.134,0
"ASV_19077","Bacteria","Bacteroidota","Bacteroidia","Chitinophagales","Chitinophagaceae","Edaphobaculum",NA,3.318,0
"ASV_19078","Bacteria","Bacteroidota","Bacteroidia","Chitinophagales","Chitinophagaceae","Edaphobaculum",NA,2.566,0
"ASV_19079","Bacteria","Bacteroidota","Bacteroidia","Chitinophagales","Chitinophagaceae","Edaphobaculum",NA,3.248,0
"ASV_19080","Bacteria","Bacteroidota","Bacteroidia","Chitinophagales","Chitinophagaceae","Edaphobaculum",NA,0,0
"ASV_19081","Bacteria","Bacteroidota","Bacteroidia","Chitinophagales","Chitinophagaceae","Edaphobaculum",NA,57.21,0.758
"ASV_19082","Bacteria","Bacteroidota","Bacteroidia","Chitinophagales","Chitinophagaceae","Edaphobaculum",NA,27.304,0
"ASV_19083","Bacteria","Bacteroidota","Bacteroidia","Chitinophagales","Chitinophagaceae","Edaphobaculum",NA,0,0
"ASV_19084","Bacteria","Bacteroidota","Bacteroidia","Chitinophagales","Chitinophagaceae","Edaphobaculum",NA,4.35,2.056
"ASV_19085","Bacteria","Bacteroidota","Bacteroidia","Chitinophagales","Chitinophagaceae","Edaphobaculum",NA,1.89,0
"ASV_19086","Bacteria","Bacteroidota","Bacteroidia","Chitinophagales","Chitinophagaceae","Edaphobaculum",NA,2.748,0
"ASV_19087","Bacteria","Bacteroidota","Bacteroidia","Chitinophagales","Chitinophagaceae","Edaphobaculum",NA,6.714,0
"ASV_19088","Bacteria","Bacteroidota","Bacteroidia","Chitinophagales","Chitinophagaceae","Edaphobaculum",NA,128.034,0
"ASV_19089","Bacteria","Bacteroidota","Bacteroidia","Chitinophagales","Chitinophagaceae","Edaphobaculum",NA,127.576,2.132
"ASV_19090","Bacteria","Bacteroidota","Bacteroidia","Chitinophagales","Chitinophagaceae","Edaphobaculum",NA,16.586,0
"ASV_19091","Bacteria","Bacteroidota","Bacteroidia","Chitinophagales","Chitinophagaceae","Edaphobaculum",NA,16.038,0
"ASV_19092","Bacteria","Bacteroidota","Bacteroidia","Chitinophagales","Chitinophagaceae","Edaphobaculum",NA,0,0
"ASV_19093","Bacteria","Bacteroidota","Bacteroidia","Chitinophagales","Chitinophagaceae","Edaphobaculum",NA,6.95,0
"ASV_19094","Bacteria","Bacteroidota","Bacteroidia","Chitinophagales","Chitinophagaceae","Edaphobaculum",NA,41.45,0
"ASV_19095","Bacteria","Bacteroidota","Bacteroidia","Chitinophagales","Chitinophagaceae","Edaphobaculum",NA,7.504,0
"ASV_19096","Bacteria","Bacteroidota","Bacteroidia","Chitinophagales","Chitinophagaceae","Edaphobaculum",NA,0,0
"ASV_19097","Bacteria","Bacteroidota","Bacteroidia","Chitinophagales","Chitinophagaceae","Edaphobaculum",NA,1.46,0
"ASV_19098","Bacteria","Bacteroidota","Bacteroidia","Chitinophagales","Chitinophagaceae","Edaphobaculum",NA,0,0
"ASV_19099","Bacteria","Bacteroidota","Bacteroidia","Chitinophagales","Chitinophagaceae","Incertae_Sedis",NA,17.974,0
"ASV_19100","Bacteria","Bacteroidota","Bacteroidia","Chitinophagales","Chitinophagaceae","Incertae_Sedis",NA,2.19,0
"ASV_19101","Bacteria","Bacteroidota","Bacteroidia","Chitinophagales","Chitinophagaceae","Edaphobaculum",NA,2.762,0
"ASV_19102","Bacteria","Bacteroidota","Bacteroidia","Chitinophagales","Chitinophagaceae","Incertae_Sedis",NA,1.674,0
"ASV_19103","Bacteria","Bacteroidota","Bacteroidia","Chitinophagales","Chitinophagaceae","Edaphobaculum",NA,1.374,0
"ASV_19104","Bacteria","Bacteroidota","Bacteroidia","Chitinophagales","Chitinophagaceae","Incertae_Sedis",NA,0,0
"ASV_19105","Bacteria","Bacteroidota","Bacteroidia","Chitinophagales","Chitinophagaceae","Incertae_Sedis",NA,0.896,0
"ASV_19106","Bacteria","Bacteroidota","Bacteroidia","Chitinophagales","Chitinophagaceae","Incertae_Sedis",NA,0,0.454
"ASV_19107","Bacteria","Bacteroidota","Bacteroidia","Chitinophagales","Chitinophagaceae","Incertae_Sedis",NA,0,1.552
"ASV_19108","Bacteria","Bacteroidota","Bacteroidia","Chitinophagales","Chitinophagaceae","Incertae_Sedis",NA,1.136,0
"ASV_19109","Bacteria","Bacteroidota","Bacteroidia","Chitinophagales","Chitinophagaceae","Incertae_Sedis",NA,2.02,0
"ASV_19110","Bacteria","Bacteroidota","Bacteroidia","Chitinophagales","Incertae_Sedis","Incertae_Sedis",NA,0.744,0.692
"ASV_19111","Bacteria","Bacteroidota","Bacteroidia","Chitinophagales","Chitinophagaceae","Incertae_Sedis",NA,1.458,0
"ASV_19112","Bacteria","Bacteroidota","Bacteroidia","Chitinophagales","Chitinophagaceae","Incertae_Sedis",NA,0,0.174
"ASV_19113","Bacteria","Bacteroidota","Bacteroidia","Chitinophagales","Chitinophagaceae","Incertae_Sedis",NA,0.586,0
"ASV_19114","Bacteria","Bacteroidota","Bacteroidia","Chitinophagales","Chitinophagaceae","Incertae_Sedis",NA,0,0
"ASV_19115","Bacteria","Bacteroidota","Bacteroidia","Chitinophagales","Chitinophagaceae","Incertae_Sedis",NA,22.094,0
"ASV_19116","Bacteria","Bacteroidota","Bacteroidia","Chitinophagales","Chitinophagaceae","Nemorincola",NA,0,0
"ASV_19117","Bacteria","Bacteroidota","Bacteroidia","Chitinophagales","Chitinophagaceae","Incertae_Sedis",NA,0.804,0
"ASV_19118","Bacteria","Bacteroidota","Bacteroidia","Chitinophagales","Chitinophagaceae","Incertae_Sedis",NA,14.476,14.972
"ASV_19119","Bacteria","Bacteroidota","Bacteroidia","Chitinophagales","Chitinophagaceae","Incertae_Sedis",NA,0,0.578
"ASV_19120","Bacteria","Bacteroidota","Bacteroidia","Chitinophagales","Chitinophagaceae","Incertae_Sedis",NA,20.87,0
"ASV_19121","Bacteria","Bacteroidota","Bacteroidia","Chitinophagales","Chitinophagaceae","Edaphobaculum",NA,9.622,0
"ASV_19122","Bacteria","Bacteroidota","Bacteroidia","Chitinophagales","Chitinophagaceae","Edaphobaculum",NA,0.312,0
"ASV_19123","Bacteria","Bacteroidota","Bacteroidia","Chitinophagales","Chitinophagaceae","Edaphobaculum",NA,0,0
"ASV_19124","Bacteria","Bacteroidota","Bacteroidia","Chitinophagales","Chitinophagaceae","Edaphobaculum",NA,0,0
"ASV_19125","Bacteria","Bacteroidota","Bacteroidia","Chitinophagales","Chitinophagaceae","Edaphobaculum",NA,49.806,5.408
"ASV_19126","Bacteria","Bacteroidota","Bacteroidia","Chitinophagales","Chitinophagaceae","Edaphobaculum",NA,1.402,0
"ASV_19127","Bacteria","Bacteroidota","Bacteroidia","Chitinophagales","Chitinophagaceae","Edaphobaculum",NA,1.304,0
"ASV_19128","Bacteria","Bacteroidota","Bacteroidia","Chitinophagales","Chitinophagaceae","Edaphobaculum",NA,47.624,0
"ASV_19129","Bacteria","Bacteroidota","Bacteroidia","Chitinophagales","Chitinophagaceae","Incertae_Sedis",NA,8.084,0
"ASV_19130","Bacteria","Bacteroidota","Bacteroidia","Chitinophagales","Chitinophagaceae","Rurimicrobium",NA,0,0
"ASV_19131","Bacteria","Bacteroidota","Bacteroidia","Chitinophagales","Chitinophagaceae","Incertae_Sedis",NA,2.28,0
"ASV_19132","Bacteria","Bacteroidota","Bacteroidia","Chitinophagales","Chitinophagaceae","Incertae_Sedis",NA,3.51,0
"ASV_19133","Bacteria","Bacteroidota","Bacteroidia","Chitinophagales","Chitinophagaceae","Edaphobaculum",NA,3.83,0
"ASV_19134","Bacteria","Bacteroidota","Bacteroidia","Chitinophagales","Chitinophagaceae","Edaphobaculum",NA,0,0
"ASV_19135","Bacteria","Bacteroidota","Bacteroidia","Chitinophagales","Chitinophagaceae","Incertae_Sedis",NA,3.756,0
"ASV_19136","Bacteria","Bacteroidota","Bacteroidia","Chitinophagales","Chitinophagaceae","Incertae_Sedis",NA,0,0.766
"ASV_19137","Bacteria","Bacteroidota","Bacteroidia","Chitinophagales","Chitinophagaceae","Incertae_Sedis",NA,0,0
"ASV_19138","Bacteria","Bacteroidota","Bacteroidia","Chitinophagales","Chitinophagaceae","Incertae_Sedis",NA,0,0
"ASV_19139","Bacteria","Bacteroidota","Bacteroidia","Chitinophagales","Chitinophagaceae","Incertae_Sedis",NA,0,0.926
"ASV_19140","Bacteria","Bacteroidota","Bacteroidia","Chitinophagales","Chitinophagaceae","Incertae_Sedis",NA,7.618,0
"ASV_19141","Bacteria","Bacteroidota","Bacteroidia","Chitinophagales","Chitinophagaceae","Incertae_Sedis",NA,0,0
"ASV_19142","Bacteria","Bacteroidota","Bacteroidia","Chitinophagales","Chitinophagaceae","Incertae_Sedis",NA,4.776,0
"ASV_19143","Bacteria","Bacteroidota","Bacteroidia","Chitinophagales","Chitinophagaceae","Incertae_Sedis",NA,38.246,0
"ASV_19144","Bacteria","Bacteroidota","Bacteroidia","Chitinophagales","Incertae_Sedis","Incertae_Sedis",NA,26.524,0
"ASV_19145","Bacteria","Bacteroidota","Bacteroidia","Chitinophagales","Incertae_Sedis","Incertae_Sedis",NA,0,0
"ASV_19146","Bacteria","Bacteroidota","Bacteroidia","Chitinophagales","Chitinophagaceae","Incertae_Sedis",NA,27.66,0
"ASV_19147","Bacteria","Bacteroidota","Bacteroidia","Chitinophagales","Chitinophagaceae","Incertae_Sedis",NA,37.434,0
"ASV_19148","Bacteria","Bacteroidota","Bacteroidia","Chitinophagales","Chitinophagaceae","Incertae_Sedis",NA,21.336,0
"ASV_19149","Bacteria","Bacteroidota","Bacteroidia","Chitinophagales","Chitinophagaceae","Incertae_Sedis",NA,82.914,0
"ASV_19150","Bacteria","Bacteroidota","Bacteroidia","Chitinophagales","Chitinophagaceae","Incertae_Sedis",NA,0,4.742
"ASV_19151","Bacteria","Bacteroidota","Bacteroidia","Chitinophagales","Chitinophagaceae","Incertae_Sedis",NA,0,0
"ASV_19152","Bacteria","Bacteroidota","Bacteroidia","Chitinophagales","Chitinophagaceae","Incertae_Sedis",NA,0,0
"ASV_19153","Bacteria","Bacteroidota","Bacteroidia","Chitinophagales","Chitinophagaceae","Incertae_Sedis",NA,0,2.126
"ASV_19154","Bacteria","Bacteroidota","Bacteroidia","Chitinophagales","Chitinophagaceae","Edaphobaculum",NA,1.258,0
"ASV_19155","Bacteria","Bacteroidota","Bacteroidia","Chitinophagales","Chitinophagaceae","Incertae_Sedis",NA,5.11,0
"ASV_19156","Bacteria","Bacteroidota","Bacteroidia","Chitinophagales","Chitinophagaceae","Edaphobaculum",NA,1.694,0
"ASV_19157","Bacteria","Bacteroidota","Bacteroidia","Chitinophagales","Chitinophagaceae","Incertae_Sedis",NA,0.718,0
"ASV_19158","Bacteria","Bacteroidota","Bacteroidia","Chitinophagales","Chitinophagaceae","Incertae_Sedis",NA,68.85,0
"ASV_19159","Bacteria","Bacteroidota","Bacteroidia","Chitinophagales","Chitinophagaceae","Incertae_Sedis",NA,34.496,0
"ASV_19160","Bacteria","Bacteroidota","Bacteroidia","Chitinophagales","Chitinophagaceae","Incertae_Sedis",NA,15.184,0
"ASV_19161","Bacteria","Bacteroidota","Bacteroidia","Chitinophagales","Chitinophagaceae","Incertae_Sedis",NA,16.198,0
"ASV_19162","Bacteria","Bacteroidota","Bacteroidia","Chitinophagales","Chitinophagaceae","Incertae_Sedis",NA,23.876,0
"ASV_19163","Bacteria","Bacteroidota","Bacteroidia","Chitinophagales","Chitinophagaceae","Incertae_Sedis",NA,0,0
"ASV_19164","Bacteria","Bacteroidota","Bacteroidia","Chitinophagales","Chitinophagaceae","Edaphobaculum",NA,6.356,0
"ASV_19165","Bacteria","Bacteroidota","Bacteroidia","Chitinophagales","Chitinophagaceae","Incertae_Sedis",NA,1.85,0
"ASV_19166","Bacteria","Bacteroidota","Bacteroidia","Chitinophagales","Chitinophagaceae","Incertae_Sedis",NA,6.138,0
"ASV_19167","Bacteria","Bacteroidota","Bacteroidia","Chitinophagales","Chitinophagaceae","Incertae_Sedis",NA,77.944,0
"ASV_19168","Bacteria","Bacteroidota","Bacteroidia","Chitinophagales","Chitinophagaceae","Nemorincola",NA,124.28,0
"ASV_19169","Bacteria","Bacteroidota","Bacteroidia","Chitinophagales","Chitinophagaceae","Nemorincola",NA,0,0
"ASV_19170","Bacteria","Bacteroidota","Bacteroidia","Chitinophagales","Chitinophagaceae","Incertae_Sedis",NA,51.998,0
"ASV_19171","Bacteria","Bacteroidota","Bacteroidia","Chitinophagales","Chitinophagaceae","Incertae_Sedis",NA,15.632,0
"ASV_19172","Bacteria","Bacteroidota","Bacteroidia","Chitinophagales","Chitinophagaceae","Incertae_Sedis",NA,9.28,0
"ASV_19173","Bacteria","Bacteroidota","Bacteroidia","Chitinophagales","Chitinophagaceae","Incertae_Sedis",NA,166.074,0
"ASV_19174","Bacteria","Bacteroidota","Bacteroidia","Chitinophagales","Chitinophagaceae","Incertae_Sedis",NA,60.938,0
"ASV_19175","Bacteria","Bacteroidota","Bacteroidia","Chitinophagales","Chitinophagaceae","Incertae_Sedis",NA,0,0
"ASV_19176","Bacteria","Bacteroidota","Bacteroidia","Chitinophagales","Chitinophagaceae","Incertae_Sedis",NA,2.29,0
"ASV_19177","Bacteria","Bacteroidota","Bacteroidia","Chitinophagales","Chitinophagaceae","Incertae_Sedis",NA,16.792,0
"ASV_19178","Bacteria","Bacteroidota","Bacteroidia","Chitinophagales","Chitinophagaceae","Edaphobaculum",NA,0,0
"ASV_19179","Bacteria","Bacteroidota","Bacteroidia","Chitinophagales","Chitinophagaceae","Edaphobaculum",NA,2.182,0
"ASV_19180","Bacteria","Bacteroidota","Bacteroidia","Chitinophagales","Chitinophagaceae","Edaphobaculum",NA,18.514,0
"ASV_19181","Bacteria","Bacteroidota","Bacteroidia","Chitinophagales","Chitinophagaceae","Edaphobaculum",NA,1.134,7.582
"ASV_19182","Bacteria","Bacteroidota","Bacteroidia","Chitinophagales","Chitinophagaceae","Edaphobaculum",NA,3.204,0
"ASV_19183","Bacteria","Bacteroidota","Bacteroidia","Chitinophagales","Chitinophagaceae","Edaphobaculum",NA,34.386,0
"ASV_19184","Bacteria","Bacteroidota","Bacteroidia","Chitinophagales","Chitinophagaceae","Edaphobaculum",NA,0,0
"ASV_19185","Bacteria","Bacteroidota","Bacteroidia","Chitinophagales","Chitinophagaceae","Edaphobaculum",NA,0,0
"ASV_19186","Bacteria","Bacteroidota","Bacteroidia","Chitinophagales","Chitinophagaceae","Edaphobaculum",NA,56.776,0
"ASV_19187","Bacteria","Bacteroidota","Bacteroidia","Chitinophagales","Chitinophagaceae","Edaphobaculum",NA,42.946,0
"ASV_19188","Bacteria","Bacteroidota","Bacteroidia","Chitinophagales","Chitinophagaceae","Edaphobaculum",NA,132.962,0
"ASV_19189","Bacteria","Bacteroidota","Bacteroidia","Chitinophagales","Chitinophagaceae","Flavipsychrobacter",NA,2.402,0
"ASV_19190","Bacteria","Bacteroidota","Bacteroidia","Chitinophagales","Chitinophagaceae","Incertae_Sedis",NA,0.902,0
"ASV_19191","Bacteria","Bacteroidota","Bacteroidia","Chitinophagales","Chitinophagaceae","Incertae_Sedis",NA,0,0
"ASV_19192","Bacteria","Bacteroidota","Bacteroidia","Chitinophagales","Chitinophagaceae","Incertae_Sedis",NA,0,0
"ASV_19193","Bacteria","Bacteroidota","Bacteroidia","Chitinophagales","Chitinophagaceae","Incertae_Sedis",NA,0,1.602
"ASV_19194","Bacteria","Bacteroidota","Bacteroidia","Chitinophagales","Chitinophagaceae","Edaphobaculum",NA,93.194,0
"ASV_19195","Bacteria","Bacteroidota","Bacteroidia","Chitinophagales","Chitinophagaceae","Incertae_Sedis",NA,0,1.298
"ASV_19196","Bacteria","Bacteroidota","Bacteroidia","Chitinophagales","Chitinophagaceae","Incertae_Sedis",NA,0,0
"ASV_19197","Bacteria","Bacteroidota","Bacteroidia","Chitinophagales","Chitinophagaceae","Incertae_Sedis",NA,121.454,0
"ASV_19198","Bacteria","Bacteroidota","Bacteroidia","Chitinophagales","Chitinophagaceae","Edaphobaculum",NA,0,0
"ASV_19199","Bacteria","Bacteroidota","Bacteroidia","Chitinophagales","Chitinophagaceae","Incertae_Sedis",NA,0,2.144
"ASV_19200","Bacteria","Bacteroidota","Bacteroidia","Chitinophagales","Chitinophagaceae","Incertae_Sedis",NA,4.284,1.186
"ASV_19201","Bacteria","Bacteroidota","Bacteroidia","Chitinophagales","Chitinophagaceae","Incertae_Sedis",NA,5.494,0
"ASV_19202","Bacteria","Bacteroidota","Bacteroidia","Chitinophagales","Chitinophagaceae","Incertae_Sedis",NA,7.21,0
"ASV_19203","Bacteria","Bacteroidota","Bacteroidia","Chitinophagales","Chitinophagaceae","Incertae_Sedis",NA,2.42,0
"ASV_19204","Bacteria","Bacteroidota","Bacteroidia","Chitinophagales","Chitinophagaceae","Incertae_Sedis",NA,1.52,0
"ASV_19205","Bacteria","Bacteroidota","Bacteroidia","Chitinophagales","Chitinophagaceae","Incertae_Sedis",NA,0,0
"ASV_19206","Bacteria","Bacteroidota","Bacteroidia","Chitinophagales","Chitinophagaceae","Nemorincola",NA,0,0.678
"ASV_19207","Bacteria","Bacteroidota","Bacteroidia","Chitinophagales","Chitinophagaceae","Nemorincola",NA,0,2.454
"ASV_19208","Bacteria","Bacteroidota","Bacteroidia","Chitinophagales","Chitinophagaceae","Incertae_Sedis",NA,0,14.742
"ASV_19209","Bacteria","Bacteroidota","Bacteroidia","Chitinophagales","Chitinophagaceae","Incertae_Sedis",NA,6.434,0
"ASV_19210","Bacteria","Bacteroidota","Bacteroidia","Chitinophagales","Chitinophagaceae","Taibaiella",NA,40.492,0
"ASV_19211","Bacteria","Bacteroidota","Bacteroidia","Chitinophagales","Chitinophagaceae","Edaphocola",NA,5.42,0
"ASV_19212","Bacteria","Bacteroidota","Bacteroidia","Chitinophagales","Chitinophagaceae","Taibaiella",NA,2.058,0
"ASV_19213","Bacteria","Bacteroidota","Bacteroidia","Chitinophagales","Chitinophagaceae","Taibaiella",NA,90.062,0.684
"ASV_19214","Bacteria","Bacteroidota","Bacteroidia","Chitinophagales","Chitinophagaceae","Taibaiella",NA,19.086,0
"ASV_19215","Bacteria","Bacteroidota","Bacteroidia","Chitinophagales","Chitinophagaceae","Taibaiella",NA,0,0
"ASV_19216","Bacteria","Bacteroidota","Bacteroidia","Chitinophagales","Chitinophagaceae","Taibaiella",NA,2.268,0
"ASV_19217","Bacteria","Bacteroidota","Bacteroidia","Chitinophagales","Chitinophagaceae","Taibaiella",NA,2.746,0.85
"ASV_19218","Bacteria","Bacteroidota","Bacteroidia","Chitinophagales","Chitinophagaceae","Taibaiella",NA,20.786,0
"ASV_19219","Bacteria","Bacteroidota","Bacteroidia","Chitinophagales","Chitinophagaceae","Taibaiella",NA,5.16,0
"ASV_19220","Bacteria","Bacteroidota","Bacteroidia","Chitinophagales","Chitinophagaceae","Taibaiella",NA,12.092,0
"ASV_19221","Bacteria","Bacteroidota","Bacteroidia","Chitinophagales","Chitinophagaceae","Taibaiella",NA,14.018,0
"ASV_19222","Bacteria","Bacteroidota","Bacteroidia","Chitinophagales","Chitinophagaceae","Taibaiella",NA,6.354,0
"ASV_19223","Bacteria","Bacteroidota","Bacteroidia","Chitinophagales","Chitinophagaceae","Taibaiella",NA,0,0
"ASV_19224","Bacteria","Bacteroidota","Bacteroidia","Chitinophagales","Chitinophagaceae","Taibaiella",NA,17.064,0
"ASV_19225","Bacteria","Bacteroidota","Bacteroidia","Chitinophagales","Chitinophagaceae","Taibaiella",NA,26.338,0
"ASV_19226","Bacteria","Bacteroidota","Bacteroidia","Chitinophagales","Incertae_Sedis","Incertae_Sedis",NA,0,4.71
"ASV_19227","Bacteria","Bacteroidota","Bacteroidia","Chitinophagales","Incertae_Sedis","Incertae_Sedis",NA,0,0.66
"ASV_19228","Bacteria","Bacteroidota","Bacteroidia","Incertae_Sedis","Incertae_Sedis","Incertae_Sedis",NA,0,0
"ASV_19229","Bacteria","Bacteroidota","Bacteroidia","Chitinophagales","Incertae_Sedis","Incertae_Sedis",NA,0,0
"ASV_19230","Bacteria","Bacteroidota","Bacteroidia","Chitinophagales","Incertae_Sedis","Incertae_Sedis",NA,0,0.626
"ASV_19231","Bacteria","Bacteroidota","Bacteroidia","Chitinophagales","Chitinophagaceae","Aurantisolimonas",NA,1.272,0
"ASV_19232","Bacteria","Bacteroidota","Bacteroidia","Chitinophagales","Chitinophagaceae","Aurantisolimonas",NA,0,0
"ASV_19233","Bacteria","Bacteroidota","Bacteroidia","Chitinophagales","Chitinophagaceae","Panacibacter",NA,0,0
"ASV_19234","Bacteria","Bacteroidota","Bacteroidia","Chitinophagales","Chitinophagaceae","Agriterribacter",NA,30.86,0
"ASV_19235","Bacteria","Bacteroidota","Bacteroidia","Chitinophagales","Chitinophagaceae","Agriterribacter",NA,1.544,0
"ASV_19236","Bacteria","Bacteroidota","Bacteroidia","Chitinophagales","Chitinophagaceae","Agriterribacter",NA,0,0
"ASV_19237","Bacteria","Bacteroidota","Bacteroidia","Chitinophagales","Chitinophagaceae","Incertae_Sedis",NA,0,0.762
"ASV_19238","Bacteria","Bacteroidota","Bacteroidia","Chitinophagales","Chitinophagaceae","Incertae_Sedis",NA,21.924,0
"ASV_19239","Bacteria","Bacteroidota","Bacteroidia","Chitinophagales","Chitinophagaceae","Incertae_Sedis",NA,0,0
"ASV_19240","Bacteria","Bacteroidota","Bacteroidia","Chitinophagales","Chitinophagaceae","Incertae_Sedis",NA,0,0
"ASV_19241","Bacteria","Bacteroidota","Bacteroidia","Chitinophagales","Chitinophagaceae","Incertae_Sedis",NA,0,0.838
"ASV_19242","Bacteria","Bacteroidota","Bacteroidia","Chitinophagales","Chitinophagaceae","Incertae_Sedis",NA,1.422,0
"ASV_19243","Bacteria","Bacteroidota","Bacteroidia","Chitinophagales","Chitinophagaceae","Incertae_Sedis",NA,9.878,0
"ASV_19244","Bacteria","Bacteroidota","Bacteroidia","Chitinophagales","Chitinophagaceae","Puia",NA,2.538,9.104
"ASV_19245","Bacteria","Bacteroidota","Bacteroidia","Chitinophagales","Chitinophagaceae","Incertae_Sedis",NA,0,0.38
"ASV_19246","Bacteria","Bacteroidota","Bacteroidia","Chitinophagales","Chitinophagaceae","Incertae_Sedis",NA,1.718,133.928
"ASV_19247","Bacteria","Bacteroidota","Bacteroidia","Chitinophagales","Chitinophagaceae","Incertae_Sedis",NA,0,0
"ASV_19248","Bacteria","Bacteroidota","Bacteroidia","Chitinophagales","Chitinophagaceae","Cnuella",NA,45.396,0
"ASV_19249","Bacteria","Bacteroidota","Bacteroidia","Chitinophagales","Chitinophagaceae","Incertae_Sedis",NA,2.382,0
"ASV_19250","Bacteria","Bacteroidota","Bacteroidia","Chitinophagales","Chitinophagaceae","Incertae_Sedis",NA,10.096,0
"ASV_19251","Bacteria","Bacteroidota","Bacteroidia","Chitinophagales","Chitinophagaceae","Incertae_Sedis",NA,63.75,0
"ASV_19252","Bacteria","Bacteroidota","Bacteroidia","Chitinophagales","Chitinophagaceae","Incertae_Sedis",NA,42.2,0
"ASV_19253","Bacteria","Bacteroidota","Bacteroidia","Chitinophagales","Chitinophagaceae","Incertae_Sedis",NA,1.622,0
"ASV_19254","Bacteria","Bacteroidota","Bacteroidia","Chitinophagales","Chitinophagaceae","Incertae_Sedis",NA,0.412,0
"ASV_19255","Bacteria","Bacteroidota","Bacteroidia","Chitinophagales","Chitinophagaceae","Incertae_Sedis",NA,1.402,0
"ASV_19256","Bacteria","Bacteroidota","Bacteroidia","Chitinophagales","Chitinophagaceae","Incertae_Sedis",NA,8.978,0
"ASV_19257","Bacteria","Bacteroidota","Bacteroidia","Chitinophagales","Chitinophagaceae","Incertae_Sedis",NA,6.596,0
"ASV_19258","Bacteria","Bacteroidota","Bacteroidia","Chitinophagales","Chitinophagaceae","Incertae_Sedis",NA,17.806,0
"ASV_19259","Bacteria","Bacteroidota","Bacteroidia","Chitinophagales","Chitinophagaceae","Incertae_Sedis",NA,1.168,0
"ASV_19260","Bacteria","Bacteroidota","Bacteroidia","Chitinophagales","Chitinophagaceae","Incertae_Sedis",NA,5.284,0
"ASV_19261","Bacteria","Bacteroidota","Bacteroidia","Chitinophagales","Chitinophagaceae","Incertae_Sedis",NA,8.206,0
"ASV_19262","Bacteria","Bacteroidota","Bacteroidia","Chitinophagales","Chitinophagaceae","Incertae_Sedis",NA,6.456,0
"ASV_19263","Bacteria","Bacteroidota","Bacteroidia","Chitinophagales","Chitinophagaceae","Incertae_Sedis",NA,17.202,0
"ASV_19264","Bacteria","Bacteroidota","Bacteroidia","Chitinophagales","Chitinophagaceae","Incertae_Sedis",NA,0,0
"ASV_19265","Bacteria","Bacteroidota","Bacteroidia","Chitinophagales","Chitinophagaceae","Incertae_Sedis",NA,2.874,0
"ASV_19266","Bacteria","Bacteroidota","Bacteroidia","Chitinophagales","Chitinophagaceae","Incertae_Sedis",NA,0,2.384
"ASV_19267","Bacteria","Bacteroidota","Bacteroidia","Chitinophagales","Chitinophagaceae","Incertae_Sedis",NA,54.514,29.604
"ASV_19268","Bacteria","Bacteroidota","Bacteroidia","Chitinophagales","Chitinophagaceae","Incertae_Sedis",NA,0,0
"ASV_19269","Bacteria","Bacteroidota","Bacteroidia","Chitinophagales","Chitinophagaceae","Incertae_Sedis",NA,0,0
"ASV_19270","Bacteria","Bacteroidota","Bacteroidia","Chitinophagales","Chitinophagaceae","Incertae_Sedis",NA,8.872,0
"ASV_19271","Bacteria","Bacteroidota","Bacteroidia","Chitinophagales","Chitinophagaceae","Incertae_Sedis",NA,0,10.64
"ASV_19272","Bacteria","Bacteroidota","Bacteroidia","Chitinophagales","Chitinophagaceae","Incertae_Sedis",NA,0,0
"ASV_19273","Bacteria","Bacteroidota","Bacteroidia","Chitinophagales","Chitinophagaceae","Incertae_Sedis",NA,70.148,372.598
"ASV_19274","Bacteria","Bacteroidota","Bacteroidia","Chitinophagales","Chitinophagaceae","Flavihumibacter",NA,0,10.08
"ASV_19275","Bacteria","Bacteroidota","Bacteroidia","Chitinophagales","Chitinophagaceae","Incertae_Sedis",NA,0,0
"ASV_19276","Bacteria","Bacteroidota","Bacteroidia","Chitinophagales","Chitinophagaceae","Chitinophaga",NA,0,0
"ASV_19277","Bacteria","Bacteroidota","Bacteroidia","Chitinophagales","Chitinophagaceae","Chitinophaga",NA,0,0
"ASV_19278","Bacteria","Bacteroidota","Bacteroidia","Chitinophagales","Chitinophagaceae","Chitinophaga",NA,16.184,0
"ASV_19279","Bacteria","Bacteroidota","Bacteroidia","Chitinophagales","Chitinophagaceae","Chitinophaga",NA,12.894,0
"ASV_19280","Bacteria","Bacteroidota","Bacteroidia","Chitinophagales","Chitinophagaceae","Chitinophaga",NA,16.88,0
"ASV_19281","Bacteria","Bacteroidota","Bacteroidia","Chitinophagales","Chitinophagaceae","Chitinophaga",NA,0,0
"ASV_19282","Bacteria","Bacteroidota","Bacteroidia","Chitinophagales","Chitinophagaceae","Chitinophaga",NA,48.148,1.926
"ASV_19283","Bacteria","Bacteroidota","Bacteroidia","Chitinophagales","Chitinophagaceae","Incertae_Sedis",NA,0,7.55
"ASV_19284","Bacteria","Bacteroidota","Bacteroidia","Chitinophagales","Chitinophagaceae","Incertae_Sedis",NA,0,62.898
"ASV_19285","Bacteria","Bacteroidota","Bacteroidia","Chitinophagales","Chitinophagaceae","Incertae_Sedis",NA,15.582,4.062
"ASV_19286","Bacteria","Bacteroidota","Bacteroidia","Chitinophagales","Chitinophagaceae","Incertae_Sedis",NA,0,1.866
"ASV_19287","Bacteria","Bacteroidota","Bacteroidia","Chitinophagales","Chitinophagaceae","Incertae_Sedis",NA,5.97,0
"ASV_19288","Bacteria","Bacteroidota","Bacteroidia","Chitinophagales","Chitinophagaceae","Incertae_Sedis",NA,0,0
"ASV_19289","Bacteria","Bacteroidota","Bacteroidia","Chitinophagales","Chitinophagaceae","Incertae_Sedis",NA,0,29.358
"ASV_19290","Bacteria","Bacteroidota","Bacteroidia","Chitinophagales","Chitinophagaceae","Incertae_Sedis",NA,0,3.68
"ASV_19291","Bacteria","Bacteroidota","Bacteroidia","Chitinophagales","Chitinophagaceae","Incertae_Sedis",NA,0,1.038
"ASV_19292","Bacteria","Bacteroidota","Bacteroidia","Chitinophagales","Chitinophagaceae","Incertae_Sedis",NA,0,1.982
"ASV_19293","Bacteria","Bacteroidota","Bacteroidia","Chitinophagales","Chitinophagaceae","Incertae_Sedis",NA,0,2.932
"ASV_19294","Bacteria","Bacteroidota","Bacteroidia","Chitinophagales","Chitinophagaceae","Incertae_Sedis",NA,0,13.418
"ASV_19295","Bacteria","Bacteroidota","Bacteroidia","Chitinophagales","Chitinophagaceae","Incertae_Sedis",NA,0,1.526
"ASV_19296","Bacteria","Bacteroidota","Bacteroidia","Chitinophagales","Chitinophagaceae","Incertae_Sedis",NA,0,3.44
"ASV_19297","Bacteria","Bacteroidota","Bacteroidia","Chitinophagales","Chitinophagaceae","Incertae_Sedis",NA,0,14.124
"ASV_19298","Bacteria","Bacteroidota","Bacteroidia","Chitinophagales","Chitinophagaceae","Incertae_Sedis",NA,0,7.42
"ASV_19299","Bacteria","Bacteroidota","Bacteroidia","Chitinophagales","Chitinophagaceae","Incertae_Sedis",NA,0,0
"ASV_19300","Bacteria","Bacteroidota","Bacteroidia","Chitinophagales","Chitinophagaceae","Incertae_Sedis",NA,0,1.892
"ASV_19301","Bacteria","Bacteroidota","Bacteroidia","Chitinophagales","Chitinophagaceae","Incertae_Sedis",NA,0,0
"ASV_19302","Bacteria","Bacteroidota","Bacteroidia","Chitinophagales","Chitinophagaceae","Incertae_Sedis",NA,0,0
"ASV_19303","Bacteria","Bacteroidota","Bacteroidia","Chitinophagales","Chitinophagaceae","Incertae_Sedis",NA,0,0
"ASV_19304","Bacteria","Bacteroidota","Bacteroidia","Chitinophagales","Chitinophagaceae","Incertae_Sedis",NA,0,0
"ASV_19305","Bacteria","Bacteroidota","Bacteroidia","Chitinophagales","Chitinophagaceae","Incertae_Sedis",NA,0,2.068
"ASV_19306","Bacteria","Bacteroidota","Bacteroidia","Chitinophagales","Chitinophagaceae","Incertae_Sedis",NA,0,0
"ASV_19307","Bacteria","Bacteroidota","Bacteroidia","Chitinophagales","Chitinophagaceae","Incertae_Sedis",NA,30.99,3604.614
"ASV_19308","Bacteria","Bacteroidota","Bacteroidia","Chitinophagales","Chitinophagaceae","Incertae_Sedis",NA,0,429.476
"ASV_19309","Bacteria","Bacteroidota","Bacteroidia","Chitinophagales","Chitinophagaceae","Incertae_Sedis",NA,0,21.778
"ASV_19310","Bacteria","Bacteroidota","Bacteroidia","Chitinophagales","Chitinophagaceae","Incertae_Sedis",NA,0,0
"ASV_19311","Bacteria","Bacteroidota","Bacteroidia","Chitinophagales","Chitinophagaceae","Incertae_Sedis",NA,0,3.666
"ASV_19312","Bacteria","Bacteroidota","Bacteroidia","Chitinophagales","Chitinophagaceae","Incertae_Sedis",NA,0,2.45
"ASV_19313","Bacteria","Bacteroidota","Bacteroidia","Chitinophagales","Chitinophagaceae","Incertae_Sedis",NA,0,0
"ASV_19314","Bacteria","Bacteroidota","Bacteroidia","Chitinophagales","Chitinophagaceae","Incertae_Sedis",NA,6.628,0
"ASV_19315","Bacteria","Bacteroidota","Bacteroidia","Chitinophagales","Chitinophagaceae","Incertae_Sedis",NA,0,6.75
"ASV_19316","Bacteria","Bacteroidota","Bacteroidia","Chitinophagales","Chitinophagaceae","Incertae_Sedis",NA,0,2.29
"ASV_19317","Bacteria","Bacteroidota","Bacteroidia","Chitinophagales","Chitinophagaceae","Incertae_Sedis",NA,5.428,0
"ASV_19318","Bacteria","Bacteroidota","Bacteroidia","Chitinophagales","Chitinophagaceae","Incertae_Sedis",NA,0,12.702
"ASV_19319","Bacteria","Bacteroidota","Bacteroidia","Chitinophagales","Chitinophagaceae","Incertae_Sedis",NA,0,3.768
"ASV_19320","Bacteria","Bacteroidota","Bacteroidia","Chitinophagales","Chitinophagaceae","Incertae_Sedis",NA,0,2.64
"ASV_19321","Bacteria","Bacteroidota","Bacteroidia","Chitinophagales","Chitinophagaceae","Incertae_Sedis",NA,2.456,2.342
"ASV_19322","Bacteria","Bacteroidota","Bacteroidia","Chitinophagales","Chitinophagaceae","Incertae_Sedis",NA,2.696,0
"ASV_19323","Bacteria","Bacteroidota","Bacteroidia","Chitinophagales","Chitinophagaceae","Incertae_Sedis",NA,0,7.254
"ASV_19324","Bacteria","Bacteroidota","Bacteroidia","Chitinophagales","Chitinophagaceae","Flaviaestuariibacter",NA,0,7.678
"ASV_19325","Bacteria","Bacteroidota","Bacteroidia","Chitinophagales","Chitinophagaceae","Flaviaestuariibacter",NA,0,0
"ASV_19326","Bacteria","Bacteroidota","Bacteroidia","Chitinophagales","Chitinophagaceae","Incertae_Sedis",NA,0,1.06
"ASV_19327","Bacteria","Bacteroidota","Bacteroidia","Chitinophagales","Chitinophagaceae","Flavisolibacter",NA,0,0
"ASV_19328","Bacteria","Bacteroidota","Bacteroidia","Chitinophagales","Chitinophagaceae","Incertae_Sedis",NA,0,1.504
"ASV_19329","Bacteria","Bacteroidota","Bacteroidia","Chitinophagales","Chitinophagaceae","Incertae_Sedis",NA,2.278,2.76
"ASV_19330","Bacteria","Bacteroidota","Bacteroidia","Chitinophagales","Chitinophagaceae","Incertae_Sedis",NA,3.748,0
"ASV_19331","Bacteria","Bacteroidota","Bacteroidia","Chitinophagales","Chitinophagaceae","Incertae_Sedis",NA,0.792,0
"ASV_19332","Bacteria","Bacteroidota","Bacteroidia","Chitinophagales","Chitinophagaceae","Incertae_Sedis",NA,0,4.522
"ASV_19333","Bacteria","Bacteroidota","Bacteroidia","Chitinophagales","Chitinophagaceae","Flavisolibacter",NA,0,2.834
"ASV_19334","Bacteria","Bacteroidota","Bacteroidia","Chitinophagales","Chitinophagaceae","Flavisolibacter",NA,0,13.406
"ASV_19335","Bacteria","Bacteroidota","Bacteroidia","Chitinophagales","Chitinophagaceae","Flavisolibacter",NA,0,1.69
"ASV_19336","Bacteria","Bacteroidota","Bacteroidia","Chitinophagales","Chitinophagaceae","Flavisolibacter",NA,0,35.03
"ASV_19337","Bacteria","Bacteroidota","Bacteroidia","Chitinophagales","Chitinophagaceae","Flavisolibacter",NA,0,6.872
"ASV_19338","Bacteria","Bacteroidota","Bacteroidia","Chitinophagales","Chitinophagaceae","Flavisolibacter",NA,0,30.906
"ASV_19339","Bacteria","Bacteroidota","Bacteroidia","Chitinophagales","Chitinophagaceae","Flavisolibacter",NA,32.202,0
"ASV_19340","Bacteria","Bacteroidota","Bacteroidia","Chitinophagales","Chitinophagaceae","Flavisolibacter",NA,0,0.918
"ASV_19341","Bacteria","Bacteroidota","Bacteroidia","Chitinophagales","Chitinophagaceae","Flavisolibacter",NA,0.922,0
"ASV_19342","Bacteria","Bacteroidota","Bacteroidia","Chitinophagales","Chitinophagaceae","Flavisolibacter",NA,0,1.628
"ASV_19343","Bacteria","Bacteroidota","Bacteroidia","Chitinophagales","Chitinophagaceae","Flavisolibacter",NA,0,30.212
"ASV_19344","Bacteria","Bacteroidota","Bacteroidia","Chitinophagales","Chitinophagaceae","Incertae_Sedis",NA,0,0
"ASV_19345","Bacteria","Bacteroidota","Bacteroidia","Chitinophagales","Chitinophagaceae","Incertae_Sedis",NA,0,0.648
"ASV_19346","Bacteria","Bacteroidota","Bacteroidia","Chitinophagales","Chitinophagaceae","Incertae_Sedis",NA,0,1.394
"ASV_19347","Bacteria","Bacteroidota","Bacteroidia","Chitinophagales","Chitinophagaceae","Incertae_Sedis",NA,322.718,0
"ASV_19348","Bacteria","Bacteroidota","Bacteroidia","Chitinophagales","Chitinophagaceae","Incertae_Sedis",NA,0.318,0.862
"ASV_19349","Bacteria","Bacteroidota","Bacteroidia","Chitinophagales","Chitinophagaceae","Flavisolibacter",NA,0,0
"ASV_19350","Bacteria","Bacteroidota","Bacteroidia","Chitinophagales","Chitinophagaceae","Incertae_Sedis",NA,0,1.558
"ASV_19351","Bacteria","Bacteroidota","Bacteroidia","Chitinophagales","Chitinophagaceae","Flavisolibacter",NA,0,0
"ASV_19352","Bacteria","Bacteroidota","Bacteroidia","Chitinophagales","Chitinophagaceae","Flavisolibacter",NA,0,0.89
"ASV_19353","Bacteria","Bacteroidota","Bacteroidia","Chitinophagales","Chitinophagaceae","Flavisolibacter",NA,0,1.042
"ASV_19354","Bacteria","Bacteroidota","Bacteroidia","Chitinophagales","Chitinophagaceae","Incertae_Sedis",NA,0,1.022
"ASV_19355","Bacteria","Bacteroidota","Bacteroidia","Chitinophagales","Chitinophagaceae","Incertae_Sedis",NA,0,1.27
"ASV_19356","Bacteria","Bacteroidota","Bacteroidia","Chitinophagales","Chitinophagaceae","Flavisolibacter",NA,0,9.28
"ASV_19357","Bacteria","Bacteroidota","Bacteroidia","Chitinophagales","Chitinophagaceae","Incertae_Sedis",NA,0,35.192
"ASV_19358","Bacteria","Bacteroidota","Bacteroidia","Chitinophagales","Chitinophagaceae","Incertae_Sedis",NA,0,6.116
"ASV_19359","Bacteria","Bacteroidota","Bacteroidia","Chitinophagales","Chitinophagaceae","Incertae_Sedis",NA,0,6.48
"ASV_19360","Bacteria","Bacteroidota","Bacteroidia","Chitinophagales","Chitinophagaceae","Incertae_Sedis",NA,0,0
"ASV_19361","Bacteria","Bacteroidota","Bacteroidia","Chitinophagales","Chitinophagaceae","Flavisolibacter",NA,0,9
"ASV_19362","Bacteria","Bacteroidota","Bacteroidia","Chitinophagales","Chitinophagaceae","Flavisolibacter",NA,0,1.634
"ASV_19363","Bacteria","Bacteroidota","Bacteroidia","Chitinophagales","Chitinophagaceae","Flavisolibacter",NA,0,156.652
"ASV_19364","Bacteria","Bacteroidota","Bacteroidia","Chitinophagales","Chitinophagaceae","Flavisolibacter",NA,1.994,0
"ASV_19365","Bacteria","Bacteroidota","Bacteroidia","Chitinophagales","Chitinophagaceae","Flavisolibacter",NA,2.094,0
"ASV_19366","Bacteria","Bacteroidota","Bacteroidia","Chitinophagales","Chitinophagaceae","Flavisolibacter",NA,86.924,38.8
"ASV_19367","Bacteria","Bacteroidota","Bacteroidia","Chitinophagales","Chitinophagaceae","Flavisolibacter",NA,0,0
"ASV_19368","Bacteria","Bacteroidota","Bacteroidia","Chitinophagales","Chitinophagaceae","Flavisolibacter",NA,2.922,20.508
"ASV_19369","Bacteria","Bacteroidota","Bacteroidia","Chitinophagales","Chitinophagaceae","Incertae_Sedis",NA,0,0
"ASV_19370","Bacteria","Bacteroidota","Bacteroidia","Chitinophagales","Chitinophagaceae","Incertae_Sedis",NA,0,1.714
"ASV_19371","Bacteria","Bacteroidota","Bacteroidia","Chitinophagales","Chitinophagaceae","Ilyomonas",NA,0,0
"ASV_19372","Bacteria","Bacteroidota","Bacteroidia","Chitinophagales","Chitinophagaceae","Ilyomonas",NA,0,0
"ASV_19373","Bacteria","Bacteroidota","Bacteroidia","Chitinophagales","Chitinophagaceae","Ilyomonas",NA,0,0
"ASV_19374","Bacteria","Bacteroidota","Bacteroidia","Chitinophagales","Chitinophagaceae","Ilyomonas",NA,0,0.622
"ASV_19375","Bacteria","Bacteroidota","Bacteroidia","Chitinophagales","Chitinophagaceae","Ilyomonas",NA,0,1.644
"ASV_19376","Bacteria","Bacteroidota","Bacteroidia","Chitinophagales","Chitinophagaceae","Ilyomonas",NA,0,7.264
"ASV_19377","Bacteria","Bacteroidota","Bacteroidia","Chitinophagales","Chitinophagaceae","Incertae_Sedis",NA,15.202,0
"ASV_19378","Bacteria","Bacteroidota","Bacteroidia","Chitinophagales","Chitinophagaceae","Sediminibacterium",NA,4.294,0
"ASV_19379","Bacteria","Bacteroidota","Bacteroidia","Chitinophagales","Chitinophagaceae","Sediminibacterium",NA,8.982,2.252
"ASV_19380","Bacteria","Bacteroidota","Bacteroidia","Chitinophagales","Chitinophagaceae","Sediminibacterium",NA,0.57,0
"ASV_19381","Bacteria","Bacteroidota","Bacteroidia","Chitinophagales","Chitinophagaceae","Heliimonas",NA,0,0
"ASV_19382","Bacteria","Bacteroidota","Bacteroidia","Chitinophagales","Chitinophagaceae","Heliimonas",NA,3.946,1.448
"ASV_19383","Bacteria","Bacteroidota","Bacteroidia","Chitinophagales","Chitinophagaceae","Heliimonas",NA,0,1.344
"ASV_19384","Bacteria","Bacteroidota","Bacteroidia","Chitinophagales","Chitinophagaceae","Incertae_Sedis",NA,2.304,0
"ASV_19385","Bacteria","Bacteroidota","Bacteroidia","Chitinophagales","Chitinophagaceae","Incertae_Sedis",NA,0,5.034
"ASV_19386","Bacteria","Bacteroidota","Bacteroidia","Chitinophagales","Chitinophagaceae","Lacibacter",NA,0,0
"ASV_19387","Bacteria","Bacteroidota","Bacteroidia","Chitinophagales","Chitinophagaceae","Lacibacter",NA,0,1.062
"ASV_19388","Bacteria","Bacteroidota","Bacteroidia","Chitinophagales","Chitinophagaceae","Heliimonas",NA,0,0
"ASV_19389","Bacteria","Bacteroidota","Bacteroidia","Chitinophagales","Chitinophagaceae","Incertae_Sedis",NA,0,26.276
"ASV_19390","Bacteria","Bacteroidota","Bacteroidia","Chitinophagales","Chitinophagaceae","Incertae_Sedis",NA,53.634,33.998
"ASV_19391","Bacteria","Bacteroidota","Bacteroidia","Chitinophagales","Chitinophagaceae","Incertae_Sedis",NA,1.954,0
"ASV_19392","Bacteria","Bacteroidota","Bacteroidia","Chitinophagales","Chitinophagaceae","Incertae_Sedis",NA,0,0.646
"ASV_19393","Bacteria","Bacteroidota","Bacteroidia","Chitinophagales","Chitinophagaceae","Incertae_Sedis",NA,2.21,0
"ASV_19394","Bacteria","Bacteroidota","Bacteroidia","Chitinophagales","Chitinophagaceae","Incertae_Sedis",NA,2.092,0
"ASV_19395","Bacteria","Bacteroidota","Bacteroidia","Chitinophagales","Chitinophagaceae","Incertae_Sedis",NA,0,0
"ASV_19396","Bacteria","Bacteroidota","Bacteroidia","Chitinophagales","Chitinophagaceae","Incertae_Sedis",NA,8.72,0
"ASV_19397","Bacteria","Bacteroidota","Bacteroidia","Chitinophagales","Chitinophagaceae","Incertae_Sedis",NA,1.434,0
"ASV_19398","Bacteria","Bacteroidota","Bacteroidia","Chitinophagales","Chitinophagaceae","Heliimonas",NA,0,1.442
"ASV_19399","Bacteria","Bacteroidota","Bacteroidia","Chitinophagales","Chitinophagaceae","Heliimonas",NA,0,0
"ASV_19400","Bacteria","Bacteroidota","Bacteroidia","Chitinophagales","Chitinophagaceae","Incertae_Sedis",NA,0,11.376
"ASV_19401","Bacteria","Bacteroidota","Bacteroidia","Chitinophagales","Chitinophagaceae","Incertae_Sedis",NA,0,0
"ASV_19402","Bacteria","Bacteroidota","Bacteroidia","Chitinophagales","Chitinophagaceae","Ilyomonas",NA,1.574,12.8
"ASV_19403","Bacteria","Bacteroidota","Bacteroidia","Chitinophagales","Chitinophagaceae","Incertae_Sedis",NA,0,1.184
"ASV_19404","Bacteria","Bacteroidota","Bacteroidia","Chitinophagales","Chitinophagaceae","Incertae_Sedis",NA,0,0
"ASV_19405","Bacteria","Bacteroidota","Bacteroidia","Chitinophagales","Chitinophagaceae","Ilyomonas",NA,0,0
"ASV_19406","Bacteria","Bacteroidota","Bacteroidia","Chitinophagales","Chitinophagaceae","Ilyomonas",NA,1.682,0
"ASV_19407","Bacteria","Bacteroidota","Bacteroidia","Chitinophagales","Chitinophagaceae","Parasediminibacterium",NA,0.906,6.064
"ASV_19408","Bacteria","Bacteroidota","Bacteroidia","Chitinophagales","Chitinophagaceae","Ilyomonas",NA,2.606,0
"ASV_19409","Bacteria","Bacteroidota","Bacteroidia","Chitinophagales","Chitinophagaceae","Ilyomonas",NA,0.794,0
"ASV_19410","Bacteria","Bacteroidota","Bacteroidia","Chitinophagales","Chitinophagaceae","Incertae_Sedis",NA,2.938,0
"ASV_19411","Bacteria","Bacteroidota","Bacteroidia","Chitinophagales","Chitinophagaceae","Incertae_Sedis",NA,0,0
"ASV_19412","Bacteria","Bacteroidota","Bacteroidia","Chitinophagales","Chitinophagaceae","Incertae_Sedis",NA,13.814,0
"ASV_19413","Bacteria","Bacteroidota","Bacteroidia","Chitinophagales","Chitinophagaceae","Incertae_Sedis",NA,1.674,0
"ASV_19414","Bacteria","Bacteroidota","Bacteroidia","Chitinophagales","Chitinophagaceae","Incertae_Sedis",NA,0,0
"ASV_19415","Bacteria","Bacteroidota","Bacteroidia","Chitinophagales","Chitinophagaceae","Incertae_Sedis",NA,4.502,0
"ASV_19416","Bacteria","Bacteroidota","Bacteroidia","Chitinophagales","Chitinophagaceae","Incertae_Sedis",NA,2.794,0
"ASV_19417","Bacteria","Bacteroidota","Bacteroidia","Chitinophagales","Chitinophagaceae","Incertae_Sedis",NA,3.97,0
"ASV_19418","Bacteria","Bacteroidota","Bacteroidia","Chitinophagales","Chitinophagaceae","Incertae_Sedis",NA,2.958,0
"ASV_19419","Bacteria","Bacteroidota","Bacteroidia","Chitinophagales","Chitinophagaceae","Incertae_Sedis",NA,1.362,0
"ASV_19420","Bacteria","Bacteroidota","Bacteroidia","Chitinophagales","Chitinophagaceae","Aurantisolimonas",NA,8.118,14.194
"ASV_19421","Bacteria","Bacteroidota","Bacteroidia","Chitinophagales","Chitinophagaceae","Aurantisolimonas",NA,12.388,8.904
"ASV_19422","Bacteria","Bacteroidota","Bacteroidia","Chitinophagales","Chitinophagaceae","Aurantisolimonas",NA,0,2.934
"ASV_19423","Bacteria","Bacteroidota","Bacteroidia","Chitinophagales","Chitinophagaceae","Aurantisolimonas",NA,0.964,0
"ASV_19424","Bacteria","Bacteroidota","Bacteroidia","Chitinophagales","Chitinophagaceae","Aurantisolimonas",NA,0,1.756
"ASV_19425","Bacteria","Bacteroidota","Bacteroidia","Chitinophagales","Chitinophagaceae","Aurantisolimonas",NA,3.66,0
"ASV_19426","Bacteria","Bacteroidota","Bacteroidia","Chitinophagales","Chitinophagaceae","Aurantisolimonas",NA,1.482,0
"ASV_19427","Bacteria","Bacteroidota","Bacteroidia","Chitinophagales","Chitinophagaceae","Incertae_Sedis",NA,0,0
"ASV_19428","Bacteria","Bacteroidota","Bacteroidia","Chitinophagales","Chitinophagaceae","Incertae_Sedis",NA,120.002,0
"ASV_19429","Bacteria","Bacteroidota","Bacteroidia","Chitinophagales","Chitinophagaceae","Incertae_Sedis",NA,3.324,0
"ASV_19430","Bacteria","Bacteroidota","Bacteroidia","Chitinophagales","Chitinophagaceae","Incertae_Sedis",NA,4.416,0
"ASV_19431","Bacteria","Bacteroidota","Bacteroidia","Chitinophagales","Chitinophagaceae","Chitinophaga",NA,0,0
"ASV_19432","Bacteria","Bacteroidota","Bacteroidia","Chitinophagales","Chitinophagaceae","Incertae_Sedis",NA,12.942,0
"ASV_19433","Bacteria","Bacteroidota","Bacteroidia","Chitinophagales","Chitinophagaceae","Incertae_Sedis",NA,4.368,0
"ASV_19434","Bacteria","Bacteroidota","Bacteroidia","Chitinophagales","Chitinophagaceae","Incertae_Sedis",NA,2.05,0
"ASV_19435","Bacteria","Bacteroidota","Bacteroidia","Chitinophagales","Chitinophagaceae","Incertae_Sedis",NA,0,0
"ASV_19436","Bacteria","Bacteroidota","Bacteroidia","Chitinophagales","Chitinophagaceae","Incertae_Sedis",NA,0,0
"ASV_19437","Bacteria","Bacteroidota","Bacteroidia","Chitinophagales","Chitinophagaceae","Incertae_Sedis",NA,34.182,0
"ASV_19438","Bacteria","Bacteroidota","Bacteroidia","Chitinophagales","Chitinophagaceae","Incertae_Sedis",NA,0,1.608
"ASV_19439","Bacteria","Bacteroidota","Bacteroidia","Chitinophagales","Chitinophagaceae","Incertae_Sedis",NA,0,2.1
"ASV_19440","Bacteria","Bacteroidota","Bacteroidia","Chitinophagales","Chitinophagaceae","Incertae_Sedis",NA,0,0
"ASV_19441","Bacteria","Bacteroidota","Bacteroidia","Chitinophagales","Chitinophagaceae","Incertae_Sedis",NA,0,0
"ASV_19442","Bacteria","Bacteroidota","Bacteroidia","Chitinophagales","Chitinophagaceae","Parasegetibacter",NA,0,32.156
"ASV_19443","Bacteria","Bacteroidota","Bacteroidia","Chitinophagales","Chitinophagaceae","Incertae_Sedis",NA,0,0
"ASV_19444","Bacteria","Bacteroidota","Bacteroidia","Chitinophagales","Chitinophagaceae","Incertae_Sedis",NA,0,0.92
"ASV_19445","Bacteria","Bacteroidota","Bacteroidia","Chitinophagales","Chitinophagaceae","Incertae_Sedis",NA,1.788,0
"ASV_19446","Bacteria","Bacteroidota","Bacteroidia","Chitinophagales","Chitinophagaceae","Incertae_Sedis",NA,0,22.66
"ASV_19447","Bacteria","Bacteroidota","Bacteroidia","Chitinophagales","Chitinophagaceae","Incertae_Sedis",NA,0,7.404
"ASV_19448","Bacteria","Bacteroidota","Bacteroidia","Chitinophagales","Chitinophagaceae","Incertae_Sedis",NA,0,0
"ASV_19449","Bacteria","Bacteroidota","Bacteroidia","Chitinophagales","Chitinophagaceae","Incertae_Sedis",NA,0,0
"ASV_19450","Bacteria","Bacteroidota","Bacteroidia","Chitinophagales","Chitinophagaceae","Incertae_Sedis",NA,0,1.574
"ASV_19451","Bacteria","Bacteroidota","Bacteroidia","Chitinophagales","Chitinophagaceae","Incertae_Sedis",NA,0,3.688
"ASV_19452","Bacteria","Bacteroidota","Bacteroidia","Chitinophagales","Chitinophagaceae","Incertae_Sedis",NA,10.08,0
"ASV_19453","Bacteria","Bacteroidota","Bacteroidia","Chitinophagales","Chitinophagaceae","Incertae_Sedis",NA,0,0
"ASV_19454","Bacteria","Bacteroidota","Bacteroidia","Chitinophagales","Chitinophagaceae","Parafilimonas",NA,0,21.404
"ASV_19455","Bacteria","Bacteroidota","Bacteroidia","Chitinophagales","Chitinophagaceae","Parafilimonas",NA,0,0
"ASV_19456","Bacteria","Bacteroidota","Bacteroidia","Chitinophagales","Chitinophagaceae","Parafilimonas",NA,0,0
"ASV_19457","Bacteria","Bacteroidota","Bacteroidia","Chitinophagales","Chitinophagaceae","Parafilimonas",NA,3.224,1.846
"ASV_19458","Bacteria","Bacteroidota","Bacteroidia","Chitinophagales","Chitinophagaceae","Parafilimonas",NA,0,0
"ASV_19459","Bacteria","Bacteroidota","Bacteroidia","Chitinophagales","Chitinophagaceae","Parafilimonas",NA,4.338,33.856
"ASV_19460","Bacteria","Bacteroidota","Bacteroidia","Chitinophagales","Chitinophagaceae","Parafilimonas",NA,0,0
"ASV_19461","Bacteria","Bacteroidota","Bacteroidia","Chitinophagales","Chitinophagaceae","Parafilimonas",NA,0,1.298
"ASV_19462","Bacteria","Bacteroidota","Bacteroidia","Chitinophagales","Chitinophagaceae","Parafilimonas",NA,0,0
"ASV_19463","Bacteria","Bacteroidota","Bacteroidia","Chitinophagales","Chitinophagaceae","Parafilimonas",NA,0,114.046
"ASV_19464","Bacteria","Bacteroidota","Bacteroidia","Chitinophagales","Chitinophagaceae","Parafilimonas",NA,0,0
"ASV_19465","Bacteria","Bacteroidota","Bacteroidia","Chitinophagales","Chitinophagaceae","Parafilimonas",NA,0,1.318
"ASV_19466","Bacteria","Bacteroidota","Bacteroidia","Chitinophagales","Chitinophagaceae","Parafilimonas",NA,0,1.12
"ASV_19467","Bacteria","Bacteroidota","Bacteroidia","Chitinophagales","Chitinophagaceae","Parafilimonas",NA,0,0
"ASV_19468","Bacteria","Bacteroidota","Bacteroidia","Chitinophagales","Chitinophagaceae","Parafilimonas",NA,0,0
"ASV_19469","Bacteria","Bacteroidota","Bacteroidia","Chitinophagales","Chitinophagaceae","Parafilimonas",NA,0,0.894
"ASV_19470","Bacteria","Bacteroidota","Bacteroidia","Chitinophagales","Chitinophagaceae","Parafilimonas",NA,0,0
"ASV_19471","Bacteria","Bacteroidota","Bacteroidia","Chitinophagales","Chitinophagaceae","Parafilimonas",NA,0,1.11
"ASV_19472","Bacteria","Bacteroidota","Bacteroidia","Chitinophagales","Chitinophagaceae","Parafilimonas",NA,1.24,13.06
"ASV_19473","Bacteria","Bacteroidota","Bacteroidia","Chitinophagales","Chitinophagaceae","Parafilimonas",NA,0,1.674
"ASV_19474","Bacteria","Bacteroidota","Bacteroidia","Chitinophagales","Chitinophagaceae","Parafilimonas",NA,0,0
"ASV_19475","Bacteria","Bacteroidota","Bacteroidia","Chitinophagales","Chitinophagaceae","Parafilimonas",NA,0,9.652
"ASV_19476","Bacteria","Bacteroidota","Bacteroidia","Chitinophagales","Chitinophagaceae","Parafilimonas",NA,0,0
"ASV_19477","Bacteria","Bacteroidota","Bacteroidia","Chitinophagales","Chitinophagaceae","Parafilimonas",NA,0,15.786
"ASV_19478","Bacteria","Bacteroidota","Bacteroidia","Chitinophagales","Chitinophagaceae","Parafilimonas",NA,0.94,0
"ASV_19479","Bacteria","Bacteroidota","Bacteroidia","Chitinophagales","Chitinophagaceae","Incertae_Sedis",NA,0,1.47
"ASV_19480","Bacteria","Bacteroidota","Bacteroidia","Chitinophagales","Chitinophagaceae","Incertae_Sedis",NA,0,0
"ASV_19481","Bacteria","Bacteroidota","Bacteroidia","Chitinophagales","Chitinophagaceae","Incertae_Sedis",NA,0,0
"ASV_19482","Bacteria","Bacteroidota","Bacteroidia","Chitinophagales","Chitinophagaceae","Puia",NA,0,0.914
"ASV_19483","Bacteria","Bacteroidota","Bacteroidia","Chitinophagales","Chitinophagaceae","Puia",NA,0,0
"ASV_19484","Bacteria","Bacteroidota","Bacteroidia","Chitinophagales","Chitinophagaceae","Puia",NA,0,1.254
"ASV_19485","Bacteria","Bacteroidota","Bacteroidia","Chitinophagales","Chitinophagaceae","Dinghuibacter",NA,0,0.846
"ASV_19486","Bacteria","Bacteroidota","Bacteroidia","Chitinophagales","Chitinophagaceae","Incertae_Sedis",NA,20.258,9.578
"ASV_19487","Bacteria","Bacteroidota","Bacteroidia","Chitinophagales","Chitinophagaceae","Incertae_Sedis",NA,5.34,0
"ASV_19488","Bacteria","Bacteroidota","Bacteroidia","Chitinophagales","Chitinophagaceae","Incertae_Sedis",NA,0,0
"ASV_19489","Bacteria","Bacteroidota","Bacteroidia","Chitinophagales","Chitinophagaceae","Incertae_Sedis",NA,7.458,0.384
"ASV_19490","Bacteria","Bacteroidota","Bacteroidia","Chitinophagales","Chitinophagaceae","Incertae_Sedis",NA,0,2.704
"ASV_19491","Bacteria","Bacteroidota","Bacteroidia","Chitinophagales","Chitinophagaceae","Incertae_Sedis",NA,0,12.422
"ASV_19492","Bacteria","Bacteroidota","Bacteroidia","Chitinophagales","Chitinophagaceae","Incertae_Sedis",NA,0,0
"ASV_19493","Bacteria","Bacteroidota","Bacteroidia","Chitinophagales","Chitinophagaceae","Incertae_Sedis",NA,0,0
"ASV_19494","Bacteria","Bacteroidota","Bacteroidia","Chitinophagales","Chitinophagaceae","Incertae_Sedis",NA,0,0
"ASV_19495","Bacteria","Bacteroidota","Bacteroidia","Chitinophagales","Chitinophagaceae","Incertae_Sedis",NA,17.02,0
"ASV_19496","Bacteria","Bacteroidota","Bacteroidia","Chitinophagales","Chitinophagaceae","Incertae_Sedis",NA,6.148,0
"ASV_19497","Bacteria","Bacteroidota","Bacteroidia","Chitinophagales","Chitinophagaceae","Incertae_Sedis",NA,67.01,2.102
"ASV_19498","Bacteria","Bacteroidota","Bacteroidia","Chitinophagales","Chitinophagaceae","Incertae_Sedis",NA,27.404,0
"ASV_19499","Bacteria","Bacteroidota","Bacteroidia","Chitinophagales","Chitinophagaceae","Incertae_Sedis",NA,9.18,0
"ASV_19500","Bacteria","Bacteroidota","Bacteroidia","Chitinophagales","Chitinophagaceae","Incertae_Sedis",NA,12.59,0
"ASV_19501","Bacteria","Bacteroidota","Bacteroidia","Chitinophagales","Chitinophagaceae","Puia",NA,100.488,0
"ASV_19502","Bacteria","Bacteroidota","Bacteroidia","Chitinophagales","Chitinophagaceae","Puia",NA,4.178,24.37
"ASV_19503","Bacteria","Bacteroidota","Bacteroidia","Chitinophagales","Chitinophagaceae","Puia",NA,0,3.59
"ASV_19504","Bacteria","Bacteroidota","Bacteroidia","Chitinophagales","Chitinophagaceae","Puia",NA,0,0
"ASV_19505","Bacteria","Bacteroidota","Bacteroidia","Chitinophagales","Chitinophagaceae","Puia",NA,0,0
"ASV_19506","Bacteria","Bacteroidota","Bacteroidia","Chitinophagales","Chitinophagaceae","Puia",NA,0,4.352
"ASV_19507","Bacteria","Bacteroidota","Bacteroidia","Chitinophagales","Chitinophagaceae","Puia",NA,0,0
"ASV_19508","Bacteria","Bacteroidota","Bacteroidia","Chitinophagales","Chitinophagaceae","Incertae_Sedis",NA,0,1.514
"ASV_19509","Bacteria","Bacteroidota","Bacteroidia","Chitinophagales","Chitinophagaceae","Incertae_Sedis",NA,0,4.024
"ASV_19510","Bacteria","Bacteroidota","Bacteroidia","Chitinophagales","Chitinophagaceae","Incertae_Sedis",NA,0,6.556
"ASV_19511","Bacteria","Bacteroidota","Bacteroidia","Chitinophagales","Chitinophagaceae","Incertae_Sedis",NA,0,0
"ASV_19512","Bacteria","Bacteroidota","Bacteroidia","Chitinophagales","Chitinophagaceae","Ferruginibacter",NA,0,0.568
"ASV_19513","Bacteria","Bacteroidota","Bacteroidia","Chitinophagales","Chitinophagaceae","Incertae_Sedis",NA,0,0
"ASV_19514","Bacteria","Bacteroidota","Bacteroidia","Chitinophagales","Chitinophagaceae","Incertae_Sedis",NA,0,4.652
"ASV_19515","Bacteria","Bacteroidota","Bacteroidia","Chitinophagales","Chitinophagaceae","Ferruginibacter",NA,0,5.928
"ASV_19516","Bacteria","Bacteroidota","Bacteroidia","Chitinophagales","Chitinophagaceae","Incertae_Sedis",NA,0,1.024
"ASV_19517","Bacteria","Bacteroidota","Bacteroidia","Chitinophagales","Chitinophagaceae","Ferruginibacter",NA,181.088,167.912
"ASV_19518","Bacteria","Bacteroidota","Bacteroidia","Chitinophagales","Chitinophagaceae","Ferruginibacter",NA,1.992,5.992
"ASV_19519","Bacteria","Bacteroidota","Bacteroidia","Chitinophagales","Chitinophagaceae","Ferruginibacter",NA,2.572,0
"ASV_19520","Bacteria","Bacteroidota","Bacteroidia","Chitinophagales","Chitinophagaceae","Incertae_Sedis",NA,2.534,0
"ASV_19521","Bacteria","Bacteroidota","Bacteroidia","Chitinophagales","Chitinophagaceae","Incertae_Sedis",NA,0,35.004
"ASV_19522","Bacteria","Bacteroidota","Bacteroidia","Chitinophagales","Chitinophagaceae","Incertae_Sedis",NA,0,45.756
"ASV_19523","Bacteria","Bacteroidota","Bacteroidia","Chitinophagales","Chitinophagaceae","Incertae_Sedis",NA,7.6,0
"ASV_19524","Bacteria","Bacteroidota","Bacteroidia","Chitinophagales","Chitinophagaceae","Incertae_Sedis",NA,0,13.274
"ASV_19525","Bacteria","Bacteroidota","Bacteroidia","Chitinophagales","Chitinophagaceae","Ferruginibacter",NA,0,0
"ASV_19526","Bacteria","Bacteroidota","Bacteroidia","Chitinophagales","Chitinophagaceae","Ferruginibacter",NA,0,3.192
"ASV_19527","Bacteria","Bacteroidota","Bacteroidia","Chitinophagales","Chitinophagaceae","Ferruginibacter",NA,5.194,6.292
"ASV_19528","Bacteria","Bacteroidota","Bacteroidia","Chitinophagales","Chitinophagaceae","Ferruginibacter",NA,6.518,0
"ASV_19529","Bacteria","Bacteroidota","Bacteroidia","Chitinophagales","Chitinophagaceae","Ferruginibacter",NA,0,31.952
"ASV_19530","Bacteria","Bacteroidota","Bacteroidia","Chitinophagales","Chitinophagaceae","Ferruginibacter",NA,0,14.348
"ASV_19531","Bacteria","Bacteroidota","Bacteroidia","Chitinophagales","Chitinophagaceae","Ferruginibacter",NA,0,3.484
"ASV_19532","Bacteria","Bacteroidota","Bacteroidia","Chitinophagales","Chitinophagaceae","Ferruginibacter",NA,0,3.09
"ASV_19533","Bacteria","Bacteroidota","Bacteroidia","Chitinophagales","Chitinophagaceae","Ferruginibacter",NA,0,0
"ASV_19534","Bacteria","Bacteroidota","Bacteroidia","Chitinophagales","Chitinophagaceae","Ferruginibacter",NA,0,2.24
"ASV_19535","Bacteria","Bacteroidota","Bacteroidia","Chitinophagales","Chitinophagaceae","Ferruginibacter",NA,0,1.05
"ASV_19536","Bacteria","Bacteroidota","Bacteroidia","Chitinophagales","Chitinophagaceae","Ferruginibacter",NA,7.556,4.01
"ASV_19537","Bacteria","Bacteroidota","Bacteroidia","Chitinophagales","Chitinophagaceae","Ferruginibacter",NA,5.082,12.502
"ASV_19538","Bacteria","Bacteroidota","Bacteroidia","Chitinophagales","Chitinophagaceae","Ferruginibacter",NA,1.642,0
"ASV_19539","Bacteria","Bacteroidota","Bacteroidia","Chitinophagales","Chitinophagaceae","Ferruginibacter",NA,0,0
"ASV_19540","Bacteria","Bacteroidota","Bacteroidia","Chitinophagales","Chitinophagaceae","Ferruginibacter",NA,0,0
"ASV_19541","Bacteria","Bacteroidota","Bacteroidia","Chitinophagales","Chitinophagaceae","Ferruginibacter",NA,0,0
"ASV_19542","Bacteria","Bacteroidota","Bacteroidia","Chitinophagales","Chitinophagaceae","Ferruginibacter",NA,0,0
"ASV_19543","Bacteria","Bacteroidota","Bacteroidia","Chitinophagales","Chitinophagaceae","Ferruginibacter",NA,0,1.692
"ASV_19544","Bacteria","Bacteroidota","Bacteroidia","Chitinophagales","Chitinophagaceae","Ferruginibacter",NA,5.23,0
"ASV_19545","Bacteria","Bacteroidota","Bacteroidia","Chitinophagales","Chitinophagaceae","Ferruginibacter",NA,2.02,0
"ASV_19546","Bacteria","Bacteroidota","Bacteroidia","Chitinophagales","Chitinophagaceae","Ferruginibacter",NA,0,3.756
"ASV_19547","Bacteria","Bacteroidota","Bacteroidia","Chitinophagales","Chitinophagaceae","Ferruginibacter",NA,0,0.648
"ASV_19548","Bacteria","Bacteroidota","Bacteroidia","Chitinophagales","Chitinophagaceae","Ferruginibacter",NA,9.838,10.332
"ASV_19549","Bacteria","Bacteroidota","Bacteroidia","Chitinophagales","Chitinophagaceae","Ferruginibacter",NA,0,2.266
"ASV_19550","Bacteria","Bacteroidota","Bacteroidia","Chitinophagales","Chitinophagaceae","Ferruginibacter",NA,270.044,23.21
"ASV_19551","Bacteria","Bacteroidota","Bacteroidia","Chitinophagales","Chitinophagaceae","Ferruginibacter",NA,6.736,0
"ASV_19552","Bacteria","Bacteroidota","Bacteroidia","Chitinophagales","Chitinophagaceae","Ferruginibacter",NA,12.64,0
"ASV_19553","Bacteria","Bacteroidota","Bacteroidia","Chitinophagales","Chitinophagaceae","Ferruginibacter",NA,2.598,0
"ASV_19554","Bacteria","Bacteroidota","Bacteroidia","Chitinophagales","Chitinophagaceae","Ferruginibacter",NA,3.242,0
"ASV_19555","Bacteria","Bacteroidota","Bacteroidia","Chitinophagales","Chitinophagaceae","Ferruginibacter",NA,2.2,0
"ASV_19556","Bacteria","Bacteroidota","Bacteroidia","Chitinophagales","Chitinophagaceae","Ferruginibacter",NA,4.288,2.534
"ASV_19557","Bacteria","Bacteroidota","Bacteroidia","Chitinophagales","Chitinophagaceae","Ferruginibacter",NA,0,0
"ASV_19558","Bacteria","Bacteroidota","Bacteroidia","Chitinophagales","Chitinophagaceae","Ferruginibacter",NA,12.224,0
"ASV_19559","Bacteria","Bacteroidota","Bacteroidia","Chitinophagales","Chitinophagaceae","Ferruginibacter",NA,10.18,0
"ASV_19560","Bacteria","Bacteroidota","Bacteroidia","Chitinophagales","Chitinophagaceae","Incertae_Sedis",NA,0,0.662
"ASV_19561","Bacteria","Bacteroidota","Bacteroidia","Chitinophagales","Chitinophagaceae","Ferruginibacter",NA,0,0
"ASV_19562","Bacteria","Bacteroidota","Bacteroidia","Chitinophagales","Chitinophagaceae","Ferruginibacter",NA,0,6.776
"ASV_19563","Bacteria","Bacteroidota","Bacteroidia","Chitinophagales","Chitinophagaceae","Ferruginibacter",NA,9.802,0
"ASV_19564","Bacteria","Bacteroidota","Bacteroidia","Chitinophagales","Chitinophagaceae","Ferruginibacter",NA,44.824,2.386
"ASV_19565","Bacteria","Bacteroidota","Bacteroidia","Chitinophagales","Chitinophagaceae","Ferruginibacter",NA,0,8.254
"ASV_19566","Bacteria","Bacteroidota","Bacteroidia","Chitinophagales","Chitinophagaceae","Ferruginibacter",NA,11.31,15.91
"ASV_19567","Bacteria","Bacteroidota","Bacteroidia","Chitinophagales","Chitinophagaceae","Ferruginibacter",NA,0,0.95
"ASV_19568","Bacteria","Bacteroidota","Bacteroidia","Chitinophagales","Chitinophagaceae","Ferruginibacter",NA,0,0
"ASV_19569","Bacteria","Bacteroidota","Bacteroidia","Chitinophagales","Chitinophagaceae","Ferruginibacter",NA,0,0.776
"ASV_19570","Bacteria","Bacteroidota","Bacteroidia","Chitinophagales","Chitinophagaceae","Ferruginibacter",NA,0,1.934
"ASV_19571","Bacteria","Bacteroidota","Bacteroidia","Chitinophagales","Chitinophagaceae","Ferruginibacter",NA,0,6.368
"ASV_19572","Bacteria","Bacteroidota","Bacteroidia","Chitinophagales","Chitinophagaceae","Ferruginibacter",NA,8.046,3.978
"ASV_19573","Bacteria","Bacteroidota","Bacteroidia","Chitinophagales","Chitinophagaceae","Ferruginibacter",NA,0,2.816
"ASV_19574","Bacteria","Bacteroidota","Bacteroidia","Chitinophagales","Chitinophagaceae","Ferruginibacter",NA,1.452,0
"ASV_19575","Bacteria","Bacteroidota","Bacteroidia","Chitinophagales","Chitinophagaceae","Ferruginibacter",NA,0,0.176
"ASV_19576","Bacteria","Bacteroidota","Bacteroidia","Chitinophagales","Chitinophagaceae","Ferruginibacter",NA,8.958,0
"ASV_19577","Bacteria","Bacteroidota","Bacteroidia","Chitinophagales","Chitinophagaceae","Ferruginibacter",NA,4.16,0
"ASV_19578","Bacteria","Bacteroidota","Bacteroidia","Chitinophagales","Chitinophagaceae","Ferruginibacter",NA,0,0
"ASV_19579","Bacteria","Bacteroidota","Bacteroidia","Chitinophagales","Chitinophagaceae","Ferruginibacter",NA,1.39,0
"ASV_19580","Bacteria","Bacteroidota","Bacteroidia","Chitinophagales","Chitinophagaceae","Ferruginibacter",NA,3.57,2.826
"ASV_19581","Bacteria","Bacteroidota","Bacteroidia","Chitinophagales","Chitinophagaceae","Ferruginibacter",NA,0,0
"ASV_19582","Bacteria","Bacteroidota","Bacteroidia","Chitinophagales","Chitinophagaceae","Ferruginibacter",NA,0,198.752
"ASV_19583","Bacteria","Bacteroidota","Bacteroidia","Chitinophagales","Chitinophagaceae","Ferruginibacter",NA,0,30.422
"ASV_19584","Bacteria","Bacteroidota","Bacteroidia","Chitinophagales","Chitinophagaceae","Ferruginibacter",NA,0,7.298
"ASV_19585","Bacteria","Bacteroidota","Bacteroidia","Chitinophagales","Chitinophagaceae","Ferruginibacter",NA,45.978,5.752
"ASV_19586","Bacteria","Bacteroidota","Bacteroidia","Chitinophagales","Chitinophagaceae","Ferruginibacter",NA,80.748,0
"ASV_19587","Bacteria","Bacteroidota","Bacteroidia","Chitinophagales","Chitinophagaceae","Ferruginibacter",NA,0,0
"ASV_19588","Bacteria","Bacteroidota","Bacteroidia","Chitinophagales","Chitinophagaceae","Ferruginibacter",NA,0,0
"ASV_19589","Bacteria","Bacteroidota","Bacteroidia","Chitinophagales","Chitinophagaceae","Ferruginibacter",NA,0,2.518
"ASV_19590","Bacteria","Bacteroidota","Bacteroidia","Chitinophagales","Chitinophagaceae","Ferruginibacter",NA,4.648,0
"ASV_19591","Bacteria","Bacteroidota","Bacteroidia","Chitinophagales","Chitinophagaceae","Ferruginibacter",NA,0,0.818
"ASV_19592","Bacteria","Bacteroidota","Bacteroidia","Chitinophagales","Chitinophagaceae","Ferruginibacter",NA,11.82,0
"ASV_19593","Bacteria","Bacteroidota","Bacteroidia","Chitinophagales","Chitinophagaceae","Ferruginibacter",NA,4.498,0
"ASV_19594","Bacteria","Bacteroidota","Bacteroidia","Chitinophagales","Chitinophagaceae","Ferruginibacter",NA,0,34.296
"ASV_19595","Bacteria","Bacteroidota","Bacteroidia","Chitinophagales","Chitinophagaceae","Ferruginibacter",NA,0,57.214
"ASV_19596","Bacteria","Bacteroidota","Bacteroidia","Chitinophagales","Chitinophagaceae","Ferruginibacter",NA,1.284,0
"ASV_19597","Bacteria","Bacteroidota","Bacteroidia","Chitinophagales","Chitinophagaceae","Ferruginibacter",NA,0,10.882
"ASV_19598","Bacteria","Bacteroidota","Bacteroidia","Chitinophagales","Chitinophagaceae","Ferruginibacter",NA,0,0.626
"ASV_19599","Bacteria","Bacteroidota","Bacteroidia","Chitinophagales","Chitinophagaceae","Ferruginibacter",NA,1.196,8.534
"ASV_19600","Bacteria","Bacteroidota","Bacteroidia","Chitinophagales","Chitinophagaceae","Ferruginibacter",NA,0,0
"ASV_19601","Bacteria","Bacteroidota","Bacteroidia","Chitinophagales","Chitinophagaceae","Ferruginibacter",NA,0,0
"ASV_19602","Bacteria","Bacteroidota","Bacteroidia","Chitinophagales","Chitinophagaceae","Ferruginibacter",NA,3.594,0
"ASV_19603","Bacteria","Bacteroidota","Bacteroidia","Chitinophagales","Chitinophagaceae","Ferruginibacter",NA,6.268,12.344
"ASV_19604","Bacteria","Bacteroidota","Bacteroidia","Chitinophagales","Chitinophagaceae","Ferruginibacter",NA,1.644,0
"ASV_19605","Bacteria","Bacteroidota","Bacteroidia","Chitinophagales","Chitinophagaceae","Ferruginibacter",NA,0,0
"ASV_19606","Bacteria","Bacteroidota","Bacteroidia","Chitinophagales","Chitinophagaceae","Ferruginibacter",NA,4.824,11.402
"ASV_19607","Bacteria","Bacteroidota","Bacteroidia","Chitinophagales","Chitinophagaceae","Ferruginibacter",NA,0,1.73
"ASV_19608","Bacteria","Bacteroidota","Bacteroidia","Chitinophagales","Chitinophagaceae","Ferruginibacter",NA,1.414,0
"ASV_19609","Bacteria","Bacteroidota","Bacteroidia","Chitinophagales","Chitinophagaceae","Segetibacter",NA,0,0
"ASV_19610","Bacteria","Bacteroidota","Bacteroidia","Chitinophagales","Chitinophagaceae","Segetibacter",NA,87.648,0
"ASV_19611","Bacteria","Bacteroidota","Bacteroidia","Chitinophagales","Chitinophagaceae","Segetibacter",NA,0,0
"ASV_19612","Bacteria","Bacteroidota","Bacteroidia","Chitinophagales","Chitinophagaceae","Segetibacter",NA,0,5.242
"ASV_19613","Bacteria","Bacteroidota","Bacteroidia","Chitinophagales","Chitinophagaceae","Segetibacter",NA,0,1.91
"ASV_19614","Bacteria","Bacteroidota","Bacteroidia","Chitinophagales","Chitinophagaceae","Segetibacter",NA,0,1.566
"ASV_19615","Bacteria","Bacteroidota","Bacteroidia","Chitinophagales","Chitinophagaceae","Segetibacter",NA,60.394,0
"ASV_19616","Bacteria","Bacteroidota","Bacteroidia","Chitinophagales","Chitinophagaceae","Segetibacter",NA,0,1.808
"ASV_19617","Bacteria","Bacteroidota","Bacteroidia","Chitinophagales","Chitinophagaceae","Segetibacter",NA,0,1.178
"ASV_19618","Bacteria","Bacteroidota","Bacteroidia","Chitinophagales","Chitinophagaceae","Segetibacter",NA,1.55,0
"ASV_19619","Bacteria","Bacteroidota","Bacteroidia","Chitinophagales","Chitinophagaceae","Segetibacter",NA,0,1.448
"ASV_19620","Bacteria","Bacteroidota","Bacteroidia","Chitinophagales","Chitinophagaceae","Segetibacter",NA,0,73.43
"ASV_19621","Bacteria","Bacteroidota","Bacteroidia","Chitinophagales","Chitinophagaceae","Segetibacter",NA,0,17.244
"ASV_19622","Bacteria","Bacteroidota","Bacteroidia","Chitinophagales","Chitinophagaceae","Segetibacter",NA,0,5.038
"ASV_19623","Bacteria","Bacteroidota","Bacteroidia","Chitinophagales","Chitinophagaceae","Segetibacter",NA,0,0
"ASV_19624","Bacteria","Bacteroidota","Bacteroidia","Chitinophagales","Chitinophagaceae","Segetibacter",NA,0,2.576
"ASV_19625","Bacteria","Bacteroidota","Bacteroidia","Chitinophagales","Chitinophagaceae","Segetibacter",NA,0,0.426
"ASV_19626","Bacteria","Bacteroidota","Bacteroidia","Chitinophagales","Chitinophagaceae","Segetibacter",NA,0,5.592
"ASV_19627","Bacteria","Bacteroidota","Bacteroidia","Chitinophagales","Chitinophagaceae","Segetibacter",NA,0,60.342
"ASV_19628","Bacteria","Bacteroidota","Bacteroidia","Chitinophagales","Chitinophagaceae","Segetibacter",NA,0,0
"ASV_19629","Bacteria","Bacteroidota","Bacteroidia","Chitinophagales","Chitinophagaceae","Segetibacter",NA,0,0
"ASV_19630","Bacteria","Bacteroidota","Bacteroidia","Chitinophagales","Chitinophagaceae","Segetibacter",NA,0,12.892
"ASV_19631","Bacteria","Bacteroidota","Bacteroidia","Chitinophagales","Chitinophagaceae","Segetibacter",NA,1.638,11.366
"ASV_19632","Bacteria","Bacteroidota","Bacteroidia","Chitinophagales","Chitinophagaceae","Segetibacter",NA,0,4.3
"ASV_19633","Bacteria","Bacteroidota","Bacteroidia","Chitinophagales","Chitinophagaceae","Segetibacter",NA,0,2.062
"ASV_19634","Bacteria","Bacteroidota","Bacteroidia","Chitinophagales","Chitinophagaceae","Segetibacter",NA,0,4.736
"ASV_19635","Bacteria","Bacteroidota","Bacteroidia","Chitinophagales","Chitinophagaceae","Segetibacter",NA,0,9.074
"ASV_19636","Bacteria","Bacteroidota","Bacteroidia","Chitinophagales","Chitinophagaceae","Segetibacter",NA,0,12.856
"ASV_19637","Bacteria","Bacteroidota","Bacteroidia","Chitinophagales","Chitinophagaceae","Segetibacter",NA,0,0
"ASV_19638","Bacteria","Bacteroidota","Bacteroidia","Chitinophagales","Chitinophagaceae","Segetibacter",NA,0,0
"ASV_19639","Bacteria","Bacteroidota","Bacteroidia","Chitinophagales","Chitinophagaceae","Segetibacter",NA,0,0.762
"ASV_19640","Bacteria","Bacteroidota","Bacteroidia","Chitinophagales","Chitinophagaceae","Segetibacter",NA,0,12.328
"ASV_19641","Bacteria","Bacteroidota","Bacteroidia","Chitinophagales","Chitinophagaceae","Segetibacter",NA,0,0
"ASV_19642","Bacteria","Bacteroidota","Bacteroidia","Chitinophagales","Chitinophagaceae","Segetibacter",NA,0,3.758
"ASV_19643","Bacteria","Bacteroidota","Bacteroidia","Chitinophagales","Chitinophagaceae","Segetibacter",NA,0,5.644
"ASV_19644","Bacteria","Bacteroidota","Bacteroidia","Chitinophagales","Chitinophagaceae","Segetibacter",NA,0,15.264
"ASV_19645","Bacteria","Bacteroidota","Bacteroidia","Chitinophagales","Chitinophagaceae","Segetibacter",NA,0,12.6
"ASV_19646","Bacteria","Bacteroidota","Bacteroidia","Chitinophagales","Chitinophagaceae","Segetibacter",NA,0,1.128
"ASV_19647","Bacteria","Bacteroidota","Bacteroidia","Chitinophagales","Chitinophagaceae","Segetibacter",NA,0,6.1
"ASV_19648","Bacteria","Bacteroidota","Bacteroidia","Chitinophagales","Chitinophagaceae","Segetibacter",NA,0,0
"ASV_19649","Bacteria","Bacteroidota","Bacteroidia","Chitinophagales","Chitinophagaceae","Segetibacter",NA,0,2.734
"ASV_19650","Bacteria","Bacteroidota","Bacteroidia","Chitinophagales","Chitinophagaceae","Segetibacter",NA,0,11.516
"ASV_19651","Bacteria","Bacteroidota","Bacteroidia","Chitinophagales","Chitinophagaceae","Segetibacter",NA,0,5.068
"ASV_19652","Bacteria","Bacteroidota","Bacteroidia","Chitinophagales","Chitinophagaceae","Segetibacter",NA,0,0
"ASV_19653","Bacteria","Bacteroidota","Bacteroidia","Chitinophagales","Chitinophagaceae","Segetibacter",NA,0,0
"ASV_19654","Bacteria","Bacteroidota","Bacteroidia","Chitinophagales","Chitinophagaceae","Segetibacter",NA,0,7.966
"ASV_19655","Bacteria","Bacteroidota","Bacteroidia","Chitinophagales","Chitinophagaceae","Segetibacter",NA,0,4.476
"ASV_19656","Bacteria","Bacteroidota","Bacteroidia","Chitinophagales","Chitinophagaceae","Segetibacter",NA,4.47,0
"ASV_19657","Bacteria","Bacteroidota","Bacteroidia","Chitinophagales","Chitinophagaceae","Segetibacter",NA,45.946,0
"ASV_19658","Bacteria","Bacteroidota","Bacteroidia","Chitinophagales","Chitinophagaceae","Segetibacter",NA,0,0.846
"ASV_19659","Bacteria","Bacteroidota","Bacteroidia","Chitinophagales","Chitinophagaceae","Segetibacter",NA,0,0
"ASV_19660","Bacteria","Bacteroidota","Bacteroidia","Chitinophagales","Chitinophagaceae","Segetibacter",NA,38.154,0
"ASV_19661","Bacteria","Bacteroidota","Bacteroidia","Chitinophagales","Chitinophagaceae","Segetibacter",NA,0,20.212
"ASV_19662","Bacteria","Bacteroidota","Bacteroidia","Chitinophagales","Chitinophagaceae","Segetibacter",NA,0,0
"ASV_19663","Bacteria","Bacteroidota","Bacteroidia","Chitinophagales","Chitinophagaceae","Segetibacter",NA,3.522,0
"ASV_19664","Bacteria","Bacteroidota","Bacteroidia","Chitinophagales","Chitinophagaceae","Segetibacter",NA,5.958,0
"ASV_19665","Bacteria","Bacteroidota","Bacteroidia","Chitinophagales","Chitinophagaceae","Segetibacter",NA,3.972,0
"ASV_19666","Bacteria","Bacteroidota","Bacteroidia","Chitinophagales","Chitinophagaceae","Segetibacter",NA,6.104,1.276
"ASV_19667","Bacteria","Bacteroidota","Bacteroidia","Chitinophagales","Chitinophagaceae","Segetibacter",NA,0,0
"ASV_19668","Bacteria","Bacteroidota","Bacteroidia","Chitinophagales","Chitinophagaceae","Segetibacter",NA,0,1.828
"ASV_19669","Bacteria","Bacteroidota","Bacteroidia","Chitinophagales","Chitinophagaceae","Segetibacter",NA,26.278,6.844
"ASV_19670","Bacteria","Bacteroidota","Bacteroidia","Chitinophagales","Chitinophagaceae","Segetibacter",NA,0,1.53
"ASV_19671","Bacteria","Bacteroidota","Bacteroidia","Chitinophagales","Chitinophagaceae","Segetibacter",NA,0,0
"ASV_19672","Bacteria","Bacteroidota","Bacteroidia","Chitinophagales","Chitinophagaceae","Segetibacter",NA,3.25,0
"ASV_19673","Bacteria","Bacteroidota","Bacteroidia","Chitinophagales","Chitinophagaceae","Segetibacter",NA,0,10.19
"ASV_19674","Bacteria","Bacteroidota","Bacteroidia","Chitinophagales","Chitinophagaceae","Segetibacter",NA,0,21.852
"ASV_19675","Bacteria","Bacteroidota","Bacteroidia","Chitinophagales","Chitinophagaceae","Segetibacter",NA,0,0.652
"ASV_19676","Bacteria","Bacteroidota","Bacteroidia","Chitinophagales","Chitinophagaceae","Segetibacter",NA,0,16.132
"ASV_19677","Bacteria","Bacteroidota","Bacteroidia","Chitinophagales","Chitinophagaceae","Segetibacter",NA,2.032,0
"ASV_19678","Bacteria","Bacteroidota","Bacteroidia","Chitinophagales","Chitinophagaceae","Segetibacter",NA,16.502,55.728
"ASV_19679","Bacteria","Bacteroidota","Bacteroidia","Chitinophagales","Chitinophagaceae","Segetibacter",NA,0,14.41
"ASV_19680","Bacteria","Bacteroidota","Bacteroidia","Chitinophagales","Chitinophagaceae","Segetibacter",NA,0,3.138
"ASV_19681","Bacteria","Bacteroidota","Bacteroidia","Chitinophagales","Chitinophagaceae","Segetibacter",NA,0.774,0
"ASV_19682","Bacteria","Bacteroidota","Bacteroidia","Chitinophagales","Chitinophagaceae","Segetibacter",NA,0,0
"ASV_19683","Bacteria","Bacteroidota","Bacteroidia","Chitinophagales","Chitinophagaceae","Segetibacter",NA,0,0.924
"ASV_19684","Bacteria","Bacteroidota","Bacteroidia","Chitinophagales","Chitinophagaceae","Incertae_Sedis",NA,5.632,0
"ASV_19685","Bacteria","Bacteroidota","Bacteroidia","Chitinophagales","Chitinophagaceae","Ferruginibacter",NA,0,0
"ASV_19686","Bacteria","Bacteroidota","Bacteroidia","Chitinophagales","Chitinophagaceae","Ferruginibacter",NA,0,3.306
"ASV_19687","Bacteria","Bacteroidota","Bacteroidia","Chitinophagales","Chitinophagaceae","Incertae_Sedis",NA,7.368,0
"ASV_19688","Bacteria","Bacteroidota","Bacteroidia","Chitinophagales","Chitinophagaceae","Incertae_Sedis",NA,0,13.358
"ASV_19689","Bacteria","Bacteroidota","Bacteroidia","Chitinophagales","Chitinophagaceae","Incertae_Sedis",NA,0,2.794
"ASV_19690","Bacteria","Bacteroidota","Bacteroidia","Chitinophagales","Chitinophagaceae","Incertae_Sedis",NA,0,2.706
"ASV_19691","Bacteria","Bacteroidota","Bacteroidia","Chitinophagales","Chitinophagaceae","Incertae_Sedis",NA,0,0
"ASV_19692","Bacteria","Bacteroidota","Bacteroidia","Chitinophagales","Chitinophagaceae","Incertae_Sedis",NA,0,40.526
"ASV_19693","Bacteria","Bacteroidota","Bacteroidia","Chitinophagales","Chitinophagaceae","Ferruginibacter",NA,21.224,0
"ASV_19694","Bacteria","Bacteroidota","Bacteroidia","Chitinophagales","Chitinophagaceae","Incertae_Sedis",NA,12.936,0
"ASV_19695","Bacteria","Bacteroidota","Bacteroidia","Chitinophagales","Chitinophagaceae","Incertae_Sedis",NA,0,13.674
"ASV_19696","Bacteria","Bacteroidota","Bacteroidia","Chitinophagales","Chitinophagaceae","Incertae_Sedis",NA,15.546,20.568
"ASV_19697","Bacteria","Bacteroidota","Bacteroidia","Chitinophagales","Chitinophagaceae","Incertae_Sedis",NA,0,2.496
"ASV_19698","Bacteria","Bacteroidota","Bacteroidia","Chitinophagales","Chitinophagaceae","Segetibacter",NA,2.82,0
"ASV_19699","Bacteria","Bacteroidota","Bacteroidia","Chitinophagales","Chitinophagaceae","Segetibacter",NA,4.148,0
"ASV_19700","Bacteria","Bacteroidota","Bacteroidia","Chitinophagales","Chitinophagaceae","Incertae_Sedis",NA,0,31.494
"ASV_19701","Bacteria","Bacteroidota","Bacteroidia","Chitinophagales","Chitinophagaceae","Segetibacter",NA,0,3.056
"ASV_19702","Bacteria","Bacteroidota","Bacteroidia","Chitinophagales","Chitinophagaceae","Segetibacter",NA,0,1.506
"ASV_19703","Bacteria","Bacteroidota","Bacteroidia","Chitinophagales","Chitinophagaceae","Incertae_Sedis",NA,0,0
"ASV_19704","Bacteria","Bacteroidota","Bacteroidia","Chitinophagales","Chitinophagaceae","Segetibacter",NA,0,2.35
"ASV_19705","Bacteria","Bacteroidota","Bacteroidia","Chitinophagales","Chitinophagaceae","Segetibacter",NA,0,4.332
"ASV_19706","Bacteria","Bacteroidota","Bacteroidia","Chitinophagales","Chitinophagaceae","Segetibacter",NA,0,1.326
"ASV_19707","Bacteria","Bacteroidota","Bacteroidia","Chitinophagales","Chitinophagaceae","Segetibacter",NA,0,0
"ASV_19708","Bacteria","Bacteroidota","Bacteroidia","Chitinophagales","Chitinophagaceae","Segetibacter",NA,0,0
"ASV_19709","Bacteria","Bacteroidota","Bacteroidia","Chitinophagales","Chitinophagaceae","Incertae_Sedis",NA,0,2.954
"ASV_19710","Bacteria","Bacteroidota","Bacteroidia","Chitinophagales","Chitinophagaceae","Ferruginibacter",NA,0,0
"ASV_19711","Bacteria","Bacteroidota","Bacteroidia","Chitinophagales","Chitinophagaceae","Ferruginibacter",NA,19.864,0
"ASV_19712","Bacteria","Bacteroidota","Bacteroidia","Chitinophagales","Chitinophagaceae","Ferruginibacter",NA,2.204,0
"ASV_19713","Bacteria","Bacteroidota","Bacteroidia","Chitinophagales","Chitinophagaceae","Incertae_Sedis",NA,0,1.922
"ASV_19714","Bacteria","Bacteroidota","Bacteroidia","Chitinophagales","Chitinophagaceae","Lacibacter",NA,0,1.004
"ASV_19715","Bacteria","Bacteroidota","Bacteroidia","Chitinophagales","Chitinophagaceae","Incertae_Sedis",NA,0,0
"ASV_19716","Bacteria","Bacteroidota","Bacteroidia","Chitinophagales","Chitinophagaceae","Lacibacter",NA,0,0.922
"ASV_19717","Bacteria","Bacteroidota","Bacteroidia","Chitinophagales","Chitinophagaceae","Ferruginibacter",NA,3.336,0
"ASV_19718","Bacteria","Bacteroidota","Bacteroidia","Chitinophagales","Chitinophagaceae","Incertae_Sedis",NA,2.536,0
"ASV_19719","Bacteria","Bacteroidota","Bacteroidia","Chitinophagales","Chitinophagaceae","Incertae_Sedis",NA,0,1.884
"ASV_19720","Bacteria","Bacteroidota","Bacteroidia","Chitinophagales","Chitinophagaceae","Ferruginibacter",NA,0,0
"ASV_19721","Bacteria","Bacteroidota","Bacteroidia","Chitinophagales","Chitinophagaceae","Segetibacter",NA,0,12.022
"ASV_19722","Bacteria","Bacteroidota","Bacteroidia","Chitinophagales","Chitinophagaceae","Segetibacter",NA,0,2.462
"ASV_19723","Bacteria","Bacteroidota","Bacteroidia","Chitinophagales","Chitinophagaceae","Segetibacter",NA,0,1.45
"ASV_19724","Bacteria","Bacteroidota","Bacteroidia","Chitinophagales","Chitinophagaceae","Segetibacter",NA,0.398,0
"ASV_19725","Bacteria","Bacteroidota","Bacteroidia","Chitinophagales","Chitinophagaceae","Segetibacter",NA,0,10.442
"ASV_19726","Bacteria","Bacteroidota","Bacteroidia","Chitinophagales","Chitinophagaceae","Segetibacter",NA,0,0
"ASV_19727","Bacteria","Bacteroidota","Bacteroidia","Chitinophagales","Chitinophagaceae","Segetibacter",NA,0,0
"ASV_19728","Bacteria","Bacteroidota","Bacteroidia","Chitinophagales","Chitinophagaceae","Segetibacter",NA,2.738,0
"ASV_19729","Bacteria","Bacteroidota","Bacteroidia","Chitinophagales","Chitinophagaceae","Segetibacter",NA,0,0.62
"ASV_19730","Bacteria","Bacteroidota","Bacteroidia","Chitinophagales","Chitinophagaceae","Segetibacter",NA,1.106,0
"ASV_19731","Bacteria","Bacteroidota","Bacteroidia","Chitinophagales","Chitinophagaceae","Segetibacter",NA,0,0
"ASV_19732","Bacteria","Bacteroidota","Bacteroidia","Chitinophagales","Chitinophagaceae","Segetibacter",NA,7.114,4.55
"ASV_19733","Bacteria","Bacteroidota","Bacteroidia","Chitinophagales","Chitinophagaceae","Segetibacter",NA,0,1.218
"ASV_19734","Bacteria","Bacteroidota","Bacteroidia","Chitinophagales","Chitinophagaceae","Incertae_Sedis",NA,2.376,0
"ASV_19735","Bacteria","Bacteroidota","Bacteroidia","Chitinophagales","Chitinophagaceae","Segetibacter",NA,0,3.066
"ASV_19736","Bacteria","Bacteroidota","Bacteroidia","Chitinophagales","Chitinophagaceae","Segetibacter",NA,0,0
"ASV_19737","Bacteria","Bacteroidota","Bacteroidia","Chitinophagales","Chitinophagaceae","Segetibacter",NA,0,1.352
"ASV_19738","Bacteria","Bacteroidota","Bacteroidia","Chitinophagales","Chitinophagaceae","Segetibacter",NA,0,0
"ASV_19739","Bacteria","Bacteroidota","Bacteroidia","Chitinophagales","Chitinophagaceae","Ferruginibacter",NA,0,3.852
"ASV_19740","Bacteria","Bacteroidota","Bacteroidia","Chitinophagales","Chitinophagaceae","Ferruginibacter",NA,0,10.296
"ASV_19741","Bacteria","Bacteroidota","Bacteroidia","Chitinophagales","Chitinophagaceae","Ferruginibacter",NA,1.852,4.204
"ASV_19742","Bacteria","Bacteroidota","Bacteroidia","Chitinophagales","Chitinophagaceae","Ferruginibacter",NA,0,0
"ASV_19743","Bacteria","Bacteroidota","Bacteroidia","Chitinophagales","Chitinophagaceae","Ferruginibacter",NA,0,4.7
"ASV_19744","Bacteria","Bacteroidota","Bacteroidia","Chitinophagales","Chitinophagaceae","Ferruginibacter",NA,0,0
"ASV_19745","Bacteria","Bacteroidota","Bacteroidia","Chitinophagales","Chitinophagaceae","Ferruginibacter",NA,0,1.538
"ASV_19746","Bacteria","Bacteroidota","Bacteroidia","Chitinophagales","Chitinophagaceae","Incertae_Sedis",NA,0,1.602
"ASV_19747","Bacteria","Bacteroidota","Bacteroidia","Chitinophagales","Chitinophagaceae","Ferruginibacter",NA,4.534,1.59
"ASV_19748","Bacteria","Bacteroidota","Bacteroidia","Chitinophagales","Chitinophagaceae","Ferruginibacter",NA,0,1.386
"ASV_19749","Bacteria","Bacteroidota","Bacteroidia","Chitinophagales","Chitinophagaceae","Ferruginibacter",NA,2.382,0
"ASV_19750","Bacteria","Bacteroidota","Bacteroidia","Chitinophagales","Chitinophagaceae","Ferruginibacter",NA,0,4.002
"ASV_19751","Bacteria","Bacteroidota","Bacteroidia","Chitinophagales","Chitinophagaceae","Ferruginibacter",NA,0,0.602
"ASV_19752","Bacteria","Bacteroidota","Bacteroidia","Chitinophagales","Chitinophagaceae","Ferruginibacter",NA,0,7.858
"ASV_19753","Bacteria","Bacteroidota","Bacteroidia","Chitinophagales","Chitinophagaceae","Ferruginibacter",NA,0,1.386
"ASV_19754","Bacteria","Bacteroidota","Bacteroidia","Chitinophagales","Chitinophagaceae","Ferruginibacter",NA,0,3.782
"ASV_19755","Bacteria","Bacteroidota","Bacteroidia","Chitinophagales","Chitinophagaceae","Ferruginibacter",NA,1.358,0
"ASV_19756","Bacteria","Bacteroidota","Bacteroidia","Chitinophagales","Chitinophagaceae","Ferruginibacter",NA,0,2.254
"ASV_19757","Bacteria","Bacteroidota","Bacteroidia","Chitinophagales","Chitinophagaceae","Ferruginibacter",NA,0,17.26
"ASV_19758","Bacteria","Bacteroidota","Bacteroidia","Chitinophagales","Chitinophagaceae","Ferruginibacter",NA,1.938,0
"ASV_19759","Bacteria","Bacteroidota","Bacteroidia","Chitinophagales","Chitinophagaceae","Ferruginibacter",NA,0,0
"ASV_19760","Bacteria","Bacteroidota","Bacteroidia","Chitinophagales","Chitinophagaceae","Ferruginibacter",NA,0,0
"ASV_19761","Bacteria","Bacteroidota","Bacteroidia","Chitinophagales","Chitinophagaceae","Ferruginibacter",NA,0,0
"ASV_19762","Bacteria","Bacteroidota","Bacteroidia","Chitinophagales","Chitinophagaceae","Ferruginibacter",NA,0,0
"ASV_19763","Bacteria","Bacteroidota","Bacteroidia","Chitinophagales","Chitinophagaceae","Ferruginibacter",NA,16.088,46.128
"ASV_19764","Bacteria","Bacteroidota","Bacteroidia","Chitinophagales","Chitinophagaceae","Ferruginibacter",NA,8.092,1.416
"ASV_19765","Bacteria","Bacteroidota","Bacteroidia","Chitinophagales","Chitinophagaceae","Ferruginibacter",NA,7.56,0
"ASV_19766","Bacteria","Bacteroidota","Bacteroidia","Chitinophagales","Chitinophagaceae","Ferruginibacter",NA,0,1.264
"ASV_19767","Bacteria","Bacteroidota","Bacteroidia","Chitinophagales","Chitinophagaceae","Ferruginibacter",NA,2.874,0
"ASV_19768","Bacteria","Bacteroidota","Bacteroidia","Chitinophagales","Chitinophagaceae","Ferruginibacter",NA,8.356,0
"ASV_19769","Bacteria","Bacteroidota","Bacteroidia","Chitinophagales","Chitinophagaceae","Ferruginibacter",NA,0,0
"ASV_19770","Bacteria","Bacteroidota","Bacteroidia","Chitinophagales","Chitinophagaceae","Ferruginibacter",NA,1.618,0
"ASV_19771","Bacteria","Bacteroidota","Bacteroidia","Chitinophagales","Chitinophagaceae","Ferruginibacter",NA,0,0
"ASV_19772","Bacteria","Bacteroidota","Bacteroidia","Chitinophagales","Chitinophagaceae","Ferruginibacter",NA,74.77,0
"ASV_19773","Bacteria","Bacteroidota","Bacteroidia","Chitinophagales","Chitinophagaceae","Ferruginibacter",NA,0,0
"ASV_19774","Bacteria","Bacteroidota","Bacteroidia","Chitinophagales","Chitinophagaceae","Ferruginibacter",NA,0,0
"ASV_19775","Bacteria","Bacteroidota","Bacteroidia","Chitinophagales","Chitinophagaceae","Ferruginibacter",NA,0,2.256
"ASV_19776","Bacteria","Bacteroidota","Bacteroidia","Chitinophagales","Chitinophagaceae","Ferruginibacter",NA,13.666,0
"ASV_19777","Bacteria","Bacteroidota","Bacteroidia","Chitinophagales","Chitinophagaceae","Ferruginibacter",NA,13.578,0
"ASV_19778","Bacteria","Bacteroidota","Bacteroidia","Chitinophagales","Chitinophagaceae","Ferruginibacter",NA,47.682,0
"ASV_19779","Bacteria","Bacteroidota","Bacteroidia","Chitinophagales","Chitinophagaceae","Ferruginibacter",NA,0,1.616
"ASV_19780","Bacteria","Bacteroidota","Bacteroidia","Chitinophagales","Chitinophagaceae","Ferruginibacter",NA,37.682,0
"ASV_19781","Bacteria","Bacteroidota","Bacteroidia","Chitinophagales","Chitinophagaceae","Ferruginibacter",NA,2.374,0
"ASV_19782","Bacteria","Bacteroidota","Bacteroidia","Chitinophagales","Chitinophagaceae","Ferruginibacter",NA,0,0
"ASV_19783","Bacteria","Bacteroidota","Bacteroidia","Chitinophagales","Chitinophagaceae","Ferruginibacter",NA,0,1.032
"ASV_19784","Bacteria","Bacteroidota","Bacteroidia","Chitinophagales","Chitinophagaceae","Ferruginibacter",NA,0,0
"ASV_19785","Bacteria","Bacteroidota","Bacteroidia","Chitinophagales","Chitinophagaceae","Ferruginibacter",NA,3.162,3.998
"ASV_19786","Bacteria","Bacteroidota","Bacteroidia","Chitinophagales","Chitinophagaceae","Ferruginibacter",NA,0,2.056
"ASV_19787","Bacteria","Bacteroidota","Bacteroidia","Chitinophagales","Chitinophagaceae","Segetibacter",NA,5.044,0
"ASV_19788","Bacteria","Bacteroidota","Bacteroidia","Chitinophagales","Chitinophagaceae","Segetibacter",NA,16.064,0
"ASV_19789","Bacteria","Bacteroidota","Bacteroidia","Chitinophagales","Chitinophagaceae","Segetibacter",NA,0,2.37
"ASV_19790","Bacteria","Bacteroidota","Bacteroidia","Chitinophagales","Chitinophagaceae","Segetibacter",NA,0,0
"ASV_19791","Bacteria","Bacteroidota","Bacteroidia","Chitinophagales","Chitinophagaceae","Segetibacter",NA,0,0
"ASV_19792","Bacteria","Bacteroidota","Bacteroidia","Chitinophagales","Chitinophagaceae","Segetibacter",NA,1.158,0
"ASV_19793","Bacteria","Bacteroidota","Bacteroidia","Chitinophagales","Chitinophagaceae","Segetibacter",NA,0,3.018
"ASV_19794","Bacteria","Bacteroidota","Bacteroidia","Chitinophagales","Chitinophagaceae","Incertae_Sedis",NA,0,0
"ASV_19795","Bacteria","Bacteroidota","Bacteroidia","Chitinophagales","Chitinophagaceae","Incertae_Sedis",NA,0,7.152
"ASV_19796","Bacteria","Bacteroidota","Bacteroidia","Chitinophagales","Chitinophagaceae","Incertae_Sedis",NA,0,7.002
"ASV_19797","Bacteria","Bacteroidota","Bacteroidia","Chitinophagales","Chitinophagaceae","Incertae_Sedis",NA,0,0
"ASV_19798","Bacteria","Bacteroidota","Bacteroidia","Chitinophagales","Chitinophagaceae","Ferruginibacter",NA,0,0
"ASV_19799","Bacteria","Bacteroidota","Bacteroidia","Chitinophagales","Chitinophagaceae","Ferruginibacter",NA,5.132,0
"ASV_19800","Bacteria","Bacteroidota","Bacteroidia","Chitinophagales","Chitinophagaceae","Ferruginibacter",NA,1.704,0
"ASV_19801","Bacteria","Bacteroidota","Bacteroidia","Chitinophagales","Chitinophagaceae","Ferruginibacter",NA,0,0
"ASV_19802","Bacteria","Bacteroidota","Bacteroidia","Chitinophagales","Chitinophagaceae","Ferruginibacter",NA,2.58,1.286
"ASV_19803","Bacteria","Bacteroidota","Bacteroidia","Chitinophagales","Chitinophagaceae","Ferruginibacter",NA,8.01,0
"ASV_19804","Bacteria","Bacteroidota","Bacteroidia","Chitinophagales","Chitinophagaceae","Ferruginibacter",NA,1.602,31.16
"ASV_19805","Bacteria","Bacteroidota","Bacteroidia","Chitinophagales","Chitinophagaceae","Ferruginibacter",NA,0,3.936
"ASV_19806","Bacteria","Bacteroidota","Bacteroidia","Chitinophagales","Chitinophagaceae","Ferruginibacter",NA,0,0.592
"ASV_19807","Bacteria","Bacteroidota","Bacteroidia","Chitinophagales","Chitinophagaceae","Ferruginibacter",NA,0,0
"ASV_19808","Bacteria","Bacteroidota","Bacteroidia","Chitinophagales","Chitinophagaceae","Ferruginibacter",NA,0,1.554
"ASV_19809","Bacteria","Bacteroidota","Bacteroidia","Chitinophagales","Chitinophagaceae","Ferruginibacter",NA,0,2.982
"ASV_19810","Bacteria","Bacteroidota","Bacteroidia","Chitinophagales","Chitinophagaceae","Ferruginibacter",NA,0,4.04
"ASV_19811","Bacteria","Bacteroidota","Bacteroidia","Chitinophagales","Chitinophagaceae","Ferruginibacter",NA,0,9.866
"ASV_19812","Bacteria","Bacteroidota","Bacteroidia","Chitinophagales","Chitinophagaceae","Ferruginibacter",NA,0,0
"ASV_19813","Bacteria","Bacteroidota","Bacteroidia","Chitinophagales","Chitinophagaceae","Ferruginibacter",NA,0,0.922
"ASV_19814","Bacteria","Bacteroidota","Bacteroidia","Chitinophagales","Chitinophagaceae","Ferruginibacter",NA,0,0
"ASV_19815","Bacteria","Bacteroidota","Bacteroidia","Chitinophagales","Chitinophagaceae","Ferruginibacter",NA,0.89,0.394
"ASV_19816","Bacteria","Bacteroidota","Bacteroidia","Chitinophagales","Chitinophagaceae","Ferruginibacter",NA,0,1.434
"ASV_19817","Bacteria","Bacteroidota","Bacteroidia","Chitinophagales","Chitinophagaceae","Ferruginibacter",NA,3.236,1.098
"ASV_19818","Bacteria","Bacteroidota","Bacteroidia","Chitinophagales","Chitinophagaceae","Ferruginibacter",NA,18.994,0
"ASV_19819","Bacteria","Bacteroidota","Bacteroidia","Chitinophagales","Chitinophagaceae","Ferruginibacter",NA,8.872,0
"ASV_19820","Bacteria","Bacteroidota","Bacteroidia","Chitinophagales","Chitinophagaceae","Ferruginibacter",NA,0,11.638
"ASV_19821","Bacteria","Bacteroidota","Bacteroidia","Chitinophagales","Chitinophagaceae","Ferruginibacter",NA,3.598,0
"ASV_19822","Bacteria","Bacteroidota","Bacteroidia","Chitinophagales","Chitinophagaceae","Ferruginibacter",NA,0,0
"ASV_19823","Bacteria","Bacteroidota","Bacteroidia","Chitinophagales","Chitinophagaceae","Ferruginibacter",NA,5.016,0
"ASV_19824","Bacteria","Bacteroidota","Bacteroidia","Chitinophagales","Chitinophagaceae","Ferruginibacter",NA,2.898,0
"ASV_19825","Bacteria","Bacteroidota","Bacteroidia","Chitinophagales","Chitinophagaceae","Ferruginibacter",NA,0,0
"ASV_19826","Bacteria","Bacteroidota","Bacteroidia","Chitinophagales","Chitinophagaceae","Ferruginibacter",NA,0,1.24
"ASV_19827","Bacteria","Bacteroidota","Bacteroidia","Chitinophagales","Chitinophagaceae","Ferruginibacter",NA,0,0
"ASV_19828","Bacteria","Bacteroidota","Bacteroidia","Chitinophagales","Chitinophagaceae","Ferruginibacter",NA,8.55,0
"ASV_19829","Bacteria","Bacteroidota","Bacteroidia","Chitinophagales","Chitinophagaceae","Ferruginibacter",NA,0,3.182
"ASV_19830","Bacteria","Bacteroidota","Bacteroidia","Chitinophagales","Chitinophagaceae","Ferruginibacter",NA,3.214,0
"ASV_19831","Bacteria","Bacteroidota","Bacteroidia","Chitinophagales","Chitinophagaceae","Ferruginibacter",NA,7.18,0
"ASV_19832","Bacteria","Bacteroidota","Bacteroidia","Chitinophagales","Chitinophagaceae","Ferruginibacter",NA,4.978,1.964
"ASV_19833","Bacteria","Bacteroidota","Bacteroidia","Chitinophagales","Chitinophagaceae","Ferruginibacter",NA,0,3.618
"ASV_19834","Bacteria","Bacteroidota","Bacteroidia","Chitinophagales","Chitinophagaceae","Ferruginibacter",NA,0,0
"ASV_19835","Bacteria","Bacteroidota","Bacteroidia","Chitinophagales","Chitinophagaceae","Ferruginibacter",NA,0,2.402
"ASV_19836","Bacteria","Bacteroidota","Bacteroidia","Chitinophagales","Chitinophagaceae","Ferruginibacter",NA,2.02,0
"ASV_19837","Bacteria","Bacteroidota","Bacteroidia","Chitinophagales","Chitinophagaceae","Ferruginibacter",NA,0,1.692
"ASV_19838","Bacteria","Bacteroidota","Bacteroidia","Chitinophagales","Chitinophagaceae","Ferruginibacter",NA,0,0.712
"ASV_19839","Bacteria","Bacteroidota","Bacteroidia","Chitinophagales","Chitinophagaceae","Ferruginibacter",NA,26.554,0
"ASV_19840","Bacteria","Bacteroidota","Bacteroidia","Chitinophagales","Chitinophagaceae","Ferruginibacter",NA,0,0
"ASV_19841","Bacteria","Bacteroidota","Bacteroidia","Chitinophagales","Chitinophagaceae","Lacibacter",NA,0,1.082
"ASV_19842","Bacteria","Bacteroidota","Bacteroidia","Chitinophagales","Chitinophagaceae","Ferruginibacter",NA,5.444,2.192
"ASV_19843","Bacteria","Bacteroidota","Bacteroidia","Chitinophagales","Chitinophagaceae","Incertae_Sedis",NA,1.242,0
"ASV_19844","Bacteria","Bacteroidota","Bacteroidia","Chitinophagales","Chitinophagaceae","Incertae_Sedis",NA,0.828,0
"ASV_19845","Bacteria","Bacteroidota","Bacteroidia","Chitinophagales","Chitinophagaceae","Incertae_Sedis",NA,0,4.606
"ASV_19846","Bacteria","Bacteroidota","Bacteroidia","Chitinophagales","Chitinophagaceae","Incertae_Sedis",NA,0,1.112
"ASV_19847","Bacteria","Bacteroidota","Bacteroidia","Chitinophagales","Chitinophagaceae","Ferruginibacter",NA,0,0.37
"ASV_19848","Bacteria","Bacteroidota","Bacteroidia","Chitinophagales","Chitinophagaceae","Incertae_Sedis",NA,0,47.272
"ASV_19849","Bacteria","Bacteroidota","Bacteroidia","Chitinophagales","Chitinophagaceae","Ferruginibacter",NA,14.762,0
"ASV_19850","Bacteria","Bacteroidota","Bacteroidia","Chitinophagales","Chitinophagaceae","Incertae_Sedis",NA,1.392,0
"ASV_19851","Bacteria","Bacteroidota","Bacteroidia","Chitinophagales","Chitinophagaceae","Incertae_Sedis",NA,2.694,0
"ASV_19852","Bacteria","Bacteroidota","Bacteroidia","Chitinophagales","Chitinophagaceae","Incertae_Sedis",NA,0,2.872
"ASV_19853","Bacteria","Bacteroidota","Bacteroidia","Chitinophagales","Chitinophagaceae","Incertae_Sedis",NA,28.538,3.822
"ASV_19854","Bacteria","Bacteroidota","Bacteroidia","Chitinophagales","Chitinophagaceae","Incertae_Sedis",NA,0,0
"ASV_19855","Bacteria","Bacteroidota","Bacteroidia","Chitinophagales","Chitinophagaceae","Incertae_Sedis",NA,1.97,0
"ASV_19856","Bacteria","Bacteroidota","Bacteroidia","Chitinophagales","Chitinophagaceae","Incertae_Sedis",NA,0,0
"ASV_19857","Bacteria","Bacteroidota","Bacteroidia","Chitinophagales","Chitinophagaceae","Incertae_Sedis",NA,0,0.23
"ASV_19858","Bacteria","Bacteroidota","Bacteroidia","Chitinophagales","Chitinophagaceae","Incertae_Sedis",NA,0.966,0
"ASV_19859","Bacteria","Bacteroidota","Bacteroidia","Chitinophagales","Chitinophagaceae","Ferruginibacter",NA,3.048,25.27
"ASV_19860","Bacteria","Bacteroidota","Bacteroidia","Chitinophagales","Chitinophagaceae","Incertae_Sedis",NA,18.17,0
"ASV_19861","Bacteria","Bacteroidota","Bacteroidia","Chitinophagales","Chitinophagaceae","Incertae_Sedis",NA,0,50.988
"ASV_19862","Bacteria","Bacteroidota","Bacteroidia","Chitinophagales","Chitinophagaceae","Incertae_Sedis",NA,0,38.768
"ASV_19863","Bacteria","Bacteroidota","Bacteroidia","Chitinophagales","Chitinophagaceae","Incertae_Sedis",NA,0.706,12.242
"ASV_19864","Bacteria","Bacteroidota","Bacteroidia","Chitinophagales","Chitinophagaceae","Ferruginibacter",NA,6.24,0
"ASV_19865","Bacteria","Bacteroidota","Bacteroidia","Chitinophagales","Chitinophagaceae","Incertae_Sedis",NA,0,3.736
"ASV_19866","Bacteria","Bacteroidota","Bacteroidia","Chitinophagales","Chitinophagaceae","Incertae_Sedis",NA,1.882,0
"ASV_19867","Bacteria","Bacteroidota","Bacteroidia","Chitinophagales","Chitinophagaceae","Incertae_Sedis",NA,0,9.554
"ASV_19868","Bacteria","Bacteroidota","Bacteroidia","Chitinophagales","Chitinophagaceae","Incertae_Sedis",NA,0,1.636
"ASV_19869","Bacteria","Bacteroidota","Bacteroidia","Chitinophagales","Chitinophagaceae","Terrimonas",NA,298.63,0
"ASV_19870","Bacteria","Bacteroidota","Bacteroidia","Chitinophagales","Chitinophagaceae","Terrimonas",NA,74.108,17.218
"ASV_19871","Bacteria","Bacteroidota","Bacteroidia","Chitinophagales","Chitinophagaceae","Terrimonas",NA,2.556,0
"ASV_19872","Bacteria","Bacteroidota","Bacteroidia","Chitinophagales","Chitinophagaceae","Terrimonas",NA,3.118,0
"ASV_19873","Bacteria","Bacteroidota","Bacteroidia","Chitinophagales","Chitinophagaceae","Terrimonas",NA,2.312,0
"ASV_19874","Bacteria","Bacteroidota","Bacteroidia","Chitinophagales","Chitinophagaceae","Terrimonas",NA,0,0
"ASV_19875","Bacteria","Bacteroidota","Bacteroidia","Chitinophagales","Chitinophagaceae","Terrimonas",NA,7.598,9.67
"ASV_19876","Bacteria","Bacteroidota","Bacteroidia","Chitinophagales","Chitinophagaceae","Terrimonas",NA,0,20.102
"ASV_19877","Bacteria","Bacteroidota","Bacteroidia","Chitinophagales","Chitinophagaceae","Terrimonas",NA,0.576,0
"ASV_19878","Bacteria","Bacteroidota","Bacteroidia","Chitinophagales","Chitinophagaceae","Incertae_Sedis",NA,0,7.72
"ASV_19879","Bacteria","Bacteroidota","Bacteroidia","Chitinophagales","Chitinophagaceae","Terrimonas",NA,0,1.596
"ASV_19880","Bacteria","Bacteroidota","Bacteroidia","Chitinophagales","Chitinophagaceae","Terrimonas",NA,17.894,0
"ASV_19881","Bacteria","Bacteroidota","Bacteroidia","Chitinophagales","Chitinophagaceae","Terrimonas",NA,0,1.316
"ASV_19882","Bacteria","Bacteroidota","Bacteroidia","Chitinophagales","Chitinophagaceae","Terrimonas",NA,36.138,0
"ASV_19883","Bacteria","Bacteroidota","Bacteroidia","Chitinophagales","Chitinophagaceae","Terrimonas",NA,68.69,13.848
"ASV_19884","Bacteria","Bacteroidota","Bacteroidia","Chitinophagales","Chitinophagaceae","Terrimonas",NA,81,0
"ASV_19885","Bacteria","Bacteroidota","Bacteroidia","Chitinophagales","Chitinophagaceae","Incertae_Sedis",NA,0,5.58
"ASV_19886","Bacteria","Bacteroidota","Bacteroidia","Chitinophagales","Chitinophagaceae","Incertae_Sedis",NA,0,5.714
"ASV_19887","Bacteria","Bacteroidota","Bacteroidia","Chitinophagales","Chitinophagaceae","Incertae_Sedis",NA,0,0
"ASV_19888","Bacteria","Bacteroidota","Bacteroidia","Chitinophagales","Chitinophagaceae","Incertae_Sedis",NA,0,3.236
"ASV_19889","Bacteria","Bacteroidota","Bacteroidia","Chitinophagales","Chitinophagaceae","Incertae_Sedis",NA,0,1.318
"ASV_19890","Bacteria","Bacteroidota","Bacteroidia","Chitinophagales","Chitinophagaceae","Incertae_Sedis",NA,0,0
"ASV_19891","Bacteria","Bacteroidota","Bacteroidia","Chitinophagales","Chitinophagaceae","Terrimonas",NA,1.812,0
"ASV_19892","Bacteria","Bacteroidota","Bacteroidia","Chitinophagales","Chitinophagaceae","Terrimonas",NA,0,0.622
"ASV_19893","Bacteria","Bacteroidota","Bacteroidia","Chitinophagales","Chitinophagaceae","Terrimonas",NA,0,0
"ASV_19894","Bacteria","Bacteroidota","Bacteroidia","Chitinophagales","Chitinophagaceae","Terrimonas",NA,0,0
"ASV_19895","Bacteria","Bacteroidota","Bacteroidia","Chitinophagales","Chitinophagaceae","Terrimonas",NA,2.144,0
"ASV_19896","Bacteria","Bacteroidota","Bacteroidia","Chitinophagales","Chitinophagaceae","Terrimonas",NA,2.87,0
"ASV_19897","Bacteria","Bacteroidota","Bacteroidia","Chitinophagales","Chitinophagaceae","Terrimonas",NA,14.472,0
"ASV_19898","Bacteria","Bacteroidota","Bacteroidia","Chitinophagales","Chitinophagaceae","Terrimonas",NA,13.02,0
"ASV_19899","Bacteria","Bacteroidota","Bacteroidia","Chitinophagales","Chitinophagaceae","Terrimonas",NA,3.46,0
"ASV_19900","Bacteria","Bacteroidota","Bacteroidia","Chitinophagales","Chitinophagaceae","Terrimonas",NA,0,10.106
"ASV_19901","Bacteria","Bacteroidota","Bacteroidia","Chitinophagales","Chitinophagaceae","Terrimonas",NA,0,2.372
"ASV_19902","Bacteria","Bacteroidota","Bacteroidia","Chitinophagales","Chitinophagaceae","Terrimonas",NA,0,4.424
"ASV_19903","Bacteria","Bacteroidota","Bacteroidia","Chitinophagales","Chitinophagaceae","Terrimonas",NA,0.838,0
"ASV_19904","Bacteria","Bacteroidota","Bacteroidia","Chitinophagales","Chitinophagaceae","Terrimonas",NA,6.628,0
"ASV_19905","Bacteria","Bacteroidota","Bacteroidia","Chitinophagales","Chitinophagaceae","Terrimonas",NA,0,0
"ASV_19906","Bacteria","Bacteroidota","Bacteroidia","Chitinophagales","Chitinophagaceae","Terrimonas",NA,1.204,0
"ASV_19907","Bacteria","Bacteroidota","Bacteroidia","Chitinophagales","Chitinophagaceae","Terrimonas",NA,0,26.012
"ASV_19908","Bacteria","Bacteroidota","Bacteroidia","Chitinophagales","Chitinophagaceae","Terrimonas",NA,0,0
"ASV_19909","Bacteria","Bacteroidota","Bacteroidia","Chitinophagales","Chitinophagaceae","Incertae_Sedis",NA,0,0
"ASV_19910","Bacteria","Bacteroidota","Bacteroidia","Chitinophagales","Chitinophagaceae","Incertae_Sedis",NA,4.78,0
"ASV_19911","Bacteria","Bacteroidota","Bacteroidia","Chitinophagales","Chitinophagaceae","Terrimonas",NA,0,0
"ASV_19912","Bacteria","Bacteroidota","Bacteroidia","Chitinophagales","Chitinophagaceae","Terrimonas",NA,0,0
"ASV_19913","Bacteria","Bacteroidota","Bacteroidia","Chitinophagales","Chitinophagaceae","Terrimonas",NA,0,3.736
"ASV_19914","Bacteria","Bacteroidota","Bacteroidia","Chitinophagales","Chitinophagaceae","Terrimonas",NA,16.016,0
"ASV_19915","Bacteria","Bacteroidota","Bacteroidia","Chitinophagales","Chitinophagaceae","Terrimonas",NA,0,0
"ASV_19916","Bacteria","Bacteroidota","Bacteroidia","Chitinophagales","Chitinophagaceae","Terrimonas",NA,0,0
"ASV_19917","Bacteria","Bacteroidota","Bacteroidia","Chitinophagales","Chitinophagaceae","Incertae_Sedis",NA,0,0
"ASV_19918","Bacteria","Bacteroidota","Bacteroidia","Chitinophagales","Chitinophagaceae","Incertae_Sedis",NA,0,2.872
"ASV_19919","Bacteria","Bacteroidota","Bacteroidia","Chitinophagales","Chitinophagaceae","Incertae_Sedis",NA,0,50.924
"ASV_19920","Bacteria","Bacteroidota","Bacteroidia","Chitinophagales","Chitinophagaceae","Incertae_Sedis",NA,0,0.742
"ASV_19921","Bacteria","Bacteroidota","Bacteroidia","Chitinophagales","Chitinophagaceae","Incertae_Sedis",NA,0,10.352
"ASV_19922","Bacteria","Bacteroidota","Bacteroidia","Chitinophagales","Chitinophagaceae","Incertae_Sedis",NA,0.886,0
"ASV_19923","Bacteria","Bacteroidota","Bacteroidia","Chitinophagales","Chitinophagaceae","Incertae_Sedis",NA,3.122,0
"ASV_19924","Bacteria","Bacteroidota","Bacteroidia","Chitinophagales","Chitinophagaceae","Incertae_Sedis",NA,0,0
"ASV_19925","Bacteria","Bacteroidota","Bacteroidia","Chitinophagales","Chitinophagaceae","Terrimonas",NA,0,181.776
"ASV_19926","Bacteria","Bacteroidota","Bacteroidia","Chitinophagales","Chitinophagaceae","Terrimonas",NA,26.49,0
"ASV_19927","Bacteria","Bacteroidota","Bacteroidia","Chitinophagales","Chitinophagaceae","Terrimonas",NA,0,37.678
"ASV_19928","Bacteria","Bacteroidota","Bacteroidia","Chitinophagales","Chitinophagaceae","Terrimonas",NA,10.556,26
"ASV_19929","Bacteria","Bacteroidota","Bacteroidia","Chitinophagales","Chitinophagaceae","Terrimonas",NA,21.532,0
"ASV_19930","Bacteria","Bacteroidota","Bacteroidia","Chitinophagales","Chitinophagaceae","Terrimonas",NA,13.022,0
"ASV_19931","Bacteria","Bacteroidota","Bacteroidia","Chitinophagales","Chitinophagaceae","Terrimonas",NA,3.558,3.85
"ASV_19932","Bacteria","Bacteroidota","Bacteroidia","Chitinophagales","Chitinophagaceae","Terrimonas",NA,0,180.616
"ASV_19933","Bacteria","Bacteroidota","Bacteroidia","Chitinophagales","Chitinophagaceae","Incertae_Sedis",NA,0,0
"ASV_19934","Bacteria","Bacteroidota","Bacteroidia","Chitinophagales","Chitinophagaceae","Terrimonas",NA,4.1,0.586
"ASV_19935","Bacteria","Bacteroidota","Bacteroidia","Chitinophagales","Chitinophagaceae","Incertae_Sedis",NA,4.166,0
"ASV_19936","Bacteria","Bacteroidota","Bacteroidia","Chitinophagales","Chitinophagaceae","Incertae_Sedis",NA,3.808,0
"ASV_19937","Bacteria","Bacteroidota","Bacteroidia","Chitinophagales","Chitinophagaceae","Terrimonas",NA,0,1.202
"ASV_19938","Bacteria","Bacteroidota","Bacteroidia","Chitinophagales","Chitinophagaceae","Terrimonas",NA,0,0
"ASV_19939","Bacteria","Bacteroidota","Bacteroidia","Chitinophagales","Chitinophagaceae","Terrimonas",NA,0,4.428
"ASV_19940","Bacteria","Bacteroidota","Bacteroidia","Chitinophagales","Chitinophagaceae","Terrimonas",NA,70.456,3.7
"ASV_19941","Bacteria","Bacteroidota","Bacteroidia","Chitinophagales","Chitinophagaceae","Terrimonas",NA,0,0
"ASV_19942","Bacteria","Bacteroidota","Bacteroidia","Chitinophagales","Chitinophagaceae","Terrimonas",NA,0,0
"ASV_19943","Bacteria","Bacteroidota","Bacteroidia","Chitinophagales","Chitinophagaceae","Terrimonas",NA,0,12.514
"ASV_19944","Bacteria","Bacteroidota","Bacteroidia","Chitinophagales","Chitinophagaceae","Terrimonas",NA,2.538,0
"ASV_19945","Bacteria","Bacteroidota","Bacteroidia","Chitinophagales","Chitinophagaceae","Terrimonas",NA,7.016,0
"ASV_19946","Bacteria","Bacteroidota","Bacteroidia","Chitinophagales","Chitinophagaceae","Terrimonas",NA,2.298,0
"ASV_19947","Bacteria","Bacteroidota","Bacteroidia","Chitinophagales","Chitinophagaceae","Terrimonas",NA,0,0
"ASV_19948","Bacteria","Bacteroidota","Bacteroidia","Chitinophagales","Chitinophagaceae","Incertae_Sedis",NA,0,2.208
"ASV_19949","Bacteria","Bacteroidota","Bacteroidia","Chitinophagales","Chitinophagaceae","Incertae_Sedis",NA,0,0
"ASV_19950","Bacteria","Bacteroidota","Bacteroidia","Chitinophagales","Chitinophagaceae","Terrimonas",NA,9.602,2.936
"ASV_19951","Bacteria","Bacteroidota","Bacteroidia","Chitinophagales","Chitinophagaceae","Incertae_Sedis",NA,0,3.106
"ASV_19952","Bacteria","Bacteroidota","Bacteroidia","Chitinophagales","Chitinophagaceae","Incertae_Sedis",NA,69.416,3.742
"ASV_19953","Bacteria","Bacteroidota","Bacteroidia","Chitinophagales","Chitinophagaceae","Incertae_Sedis",NA,0,0
"ASV_19954","Bacteria","Bacteroidota","Bacteroidia","Chitinophagales","Chitinophagaceae","Niabella",NA,0,3.65
"ASV_19955","Bacteria","Bacteroidota","Bacteroidia","Chitinophagales","Chitinophagaceae","Incertae_Sedis",NA,0,0
"ASV_19956","Bacteria","Bacteroidota","Bacteroidia","Chitinophagales","Chitinophagaceae","Incertae_Sedis",NA,0,0.656
"ASV_19957","Bacteria","Bacteroidota","Bacteroidia","Chitinophagales","Chitinophagaceae","Terrimonas",NA,0,0
"ASV_19958","Bacteria","Bacteroidota","Bacteroidia","Chitinophagales","Chitinophagaceae","Terrimonas",NA,0,25.12
"ASV_19959","Bacteria","Bacteroidota","Bacteroidia","Chitinophagales","Chitinophagaceae","Terrimonas",NA,8.962,0
"ASV_19960","Bacteria","Bacteroidota","Bacteroidia","Chitinophagales","Chitinophagaceae","Incertae_Sedis",NA,0,48.452
"ASV_19961","Bacteria","Bacteroidota","Bacteroidia","Chitinophagales","Chitinophagaceae","Terrimonas",NA,0,0
"ASV_19962","Bacteria","Bacteroidota","Bacteroidia","Chitinophagales","Chitinophagaceae","Terrimonas",NA,0,0
"ASV_19963","Bacteria","Bacteroidota","Bacteroidia","Chitinophagales","Chitinophagaceae","Terrimonas",NA,1.596,0
"ASV_19964","Bacteria","Bacteroidota","Bacteroidia","Chitinophagales","Chitinophagaceae","Terrimonas",NA,1.882,0
"ASV_19965","Bacteria","Bacteroidota","Bacteroidia","Chitinophagales","Chitinophagaceae","Terrimonas",NA,0.618,0.704
"ASV_19966","Bacteria","Bacteroidota","Bacteroidia","Chitinophagales","Chitinophagaceae","Terrimonas",NA,115.444,0
"ASV_19967","Bacteria","Bacteroidota","Bacteroidia","Chitinophagales","Chitinophagaceae","Terrimonas",NA,35.012,0
"ASV_19968","Bacteria","Bacteroidota","Bacteroidia","Chitinophagales","Chitinophagaceae","Terrimonas",NA,0,0
"ASV_19969","Bacteria","Bacteroidota","Bacteroidia","Chitinophagales","Chitinophagaceae","Terrimonas",NA,0,0
"ASV_19970","Bacteria","Bacteroidota","Bacteroidia","Chitinophagales","Chitinophagaceae","Terrimonas",NA,169.212,5.744
"ASV_19971","Bacteria","Bacteroidota","Bacteroidia","Chitinophagales","Chitinophagaceae","Terrimonas",NA,70.776,6.958
"ASV_19972","Bacteria","Bacteroidota","Bacteroidia","Chitinophagales","Chitinophagaceae","Terrimonas",NA,33.82,18.964
"ASV_19973","Bacteria","Bacteroidota","Bacteroidia","Chitinophagales","Chitinophagaceae","Terrimonas",NA,24.976,0
"ASV_19974","Bacteria","Bacteroidota","Bacteroidia","Chitinophagales","Chitinophagaceae","Terrimonas",NA,0,3.45
"ASV_19975","Bacteria","Bacteroidota","Bacteroidia","Chitinophagales","Chitinophagaceae","Terrimonas",NA,3.88,2.428
"ASV_19976","Bacteria","Bacteroidota","Bacteroidia","Chitinophagales","Chitinophagaceae","Terrimonas",NA,2.168,0
"ASV_19977","Bacteria","Bacteroidota","Bacteroidia","Chitinophagales","Chitinophagaceae","Terrimonas",NA,0,7.89
"ASV_19978","Bacteria","Bacteroidota","Bacteroidia","Chitinophagales","Chitinophagaceae","Terrimonas",NA,5.202,0
"ASV_19979","Bacteria","Bacteroidota","Bacteroidia","Chitinophagales","Chitinophagaceae","Terrimonas",NA,0,0
"ASV_19980","Bacteria","Bacteroidota","Bacteroidia","Chitinophagales","Chitinophagaceae","Terrimonas",NA,103.914,0
"ASV_19981","Bacteria","Bacteroidota","Bacteroidia","Chitinophagales","Chitinophagaceae","Terrimonas",NA,19.896,0
"ASV_19982","Bacteria","Bacteroidota","Bacteroidia","Chitinophagales","Chitinophagaceae","Flavisolibacter",NA,0,17.42
"ASV_19983","Bacteria","Bacteroidota","Bacteroidia","Chitinophagales","Chitinophagaceae","Flavisolibacter",NA,0,1.106
"ASV_19984","Bacteria","Bacteroidota","Bacteroidia","Chitinophagales","Chitinophagaceae","Flavisolibacter",NA,0,117.21
"ASV_19985","Bacteria","Bacteroidota","Bacteroidia","Chitinophagales","Chitinophagaceae","Incertae_Sedis",NA,0,3.908
"ASV_19986","Bacteria","Bacteroidota","Bacteroidia","Chitinophagales","Chitinophagaceae","Incertae_Sedis",NA,0,0
"ASV_19987","Bacteria","Bacteroidota","Bacteroidia","Chitinophagales","Chitinophagaceae","Terrimonas",NA,14.726,0
"ASV_19988","Bacteria","Bacteroidota","Bacteroidia","Chitinophagales","Chitinophagaceae","Terrimonas",NA,14.27,0
"ASV_19989","Bacteria","Bacteroidota","Bacteroidia","Chitinophagales","Chitinophagaceae","Terrimonas",NA,2.332,0
"ASV_19990","Bacteria","Bacteroidota","Bacteroidia","Chitinophagales","Chitinophagaceae","Incertae_Sedis",NA,0.718,0
"ASV_19991","Bacteria","Bacteroidota","Bacteroidia","Chitinophagales","Chitinophagaceae","Ferruginibacter",NA,0,6.404
"ASV_19992","Bacteria","Bacteroidota","Bacteroidia","Chitinophagales","Chitinophagaceae","Incertae_Sedis",NA,0,3.058
"ASV_19993","Bacteria","Bacteroidota","Bacteroidia","Chitinophagales","Chitinophagaceae","Incertae_Sedis",NA,0,0
"ASV_19994","Bacteria","Bacteroidota","Bacteroidia","Chitinophagales","Chitinophagaceae","Incertae_Sedis",NA,0,4.134
"ASV_19995","Bacteria","Bacteroidota","Bacteroidia","Chitinophagales","Chitinophagaceae","Incertae_Sedis",NA,0,0
"ASV_19996","Bacteria","Bacteroidota","Bacteroidia","Chitinophagales","Chitinophagaceae","Ferruginibacter",NA,0,0
"ASV_19997","Bacteria","Bacteroidota","Bacteroidia","Chitinophagales","Chitinophagaceae","Ferruginibacter",NA,0,4.528
"ASV_19998","Bacteria","Bacteroidota","Bacteroidia","Chitinophagales","Chitinophagaceae","Ferruginibacter",NA,3.67,0
"ASV_19999","Bacteria","Bacteroidota","Bacteroidia","Chitinophagales","Chitinophagaceae","Puia",NA,0,0
"ASV_20000","Bacteria","Bacteroidota","Bacteroidia","Chitinophagales","Chitinophagaceae","Puia",NA,0,0
"ASV_20001","Bacteria","Bacteroidota","Bacteroidia","Chitinophagales","Chitinophagaceae","Puia",NA,4.158,0
"ASV_20002","Bacteria","Bacteroidota","Bacteroidia","Chitinophagales","Chitinophagaceae","Puia",NA,0,0
"ASV_20003","Bacteria","Bacteroidota","Bacteroidia","Chitinophagales","Chitinophagaceae","Puia",NA,0,0
"ASV_20004","Bacteria","Bacteroidota","Bacteroidia","Chitinophagales","Chitinophagaceae","Puia",NA,0,0
"ASV_20005","Bacteria","Bacteroidota","Bacteroidia","Chitinophagales","Chitinophagaceae","Puia",NA,0,0
"ASV_20006","Bacteria","Bacteroidota","Bacteroidia","Chitinophagales","Chitinophagaceae","Puia",NA,0,0
"ASV_20007","Bacteria","Bacteroidota","Bacteroidia","Chitinophagales","Chitinophagaceae","Puia",NA,0,0
"ASV_20008","Bacteria","Bacteroidota","Bacteroidia","Chitinophagales","Chitinophagaceae","Puia",NA,0,1.156
"ASV_20009","Bacteria","Bacteroidota","Bacteroidia","Chitinophagales","Chitinophagaceae","Incertae_Sedis",NA,0,2.58
"ASV_20010","Bacteria","Bacteroidota","Bacteroidia","Chitinophagales","Chitinophagaceae","Incertae_Sedis",NA,0,0
"ASV_20011","Bacteria","Bacteroidota","Bacteroidia","Chitinophagales","Chitinophagaceae","Incertae_Sedis",NA,0,2.958
"ASV_20012","Bacteria","Bacteroidota","Bacteroidia","Chitinophagales","Chitinophagaceae","Panacibacter",NA,0,31.958
"ASV_20013","Bacteria","Bacteroidota","Bacteroidia","Chitinophagales","Chitinophagaceae","Panacibacter",NA,0,0
"ASV_20014","Bacteria","Bacteroidota","Bacteroidia","Chitinophagales","Chitinophagaceae","Incertae_Sedis",NA,0,0.8
"ASV_20015","Bacteria","Bacteroidota","Bacteroidia","Chitinophagales","Chitinophagaceae","Panacibacter",NA,0,0
"ASV_20016","Bacteria","Bacteroidota","Bacteroidia","Chitinophagales","Chitinophagaceae","Panacibacter",NA,0,0
"ASV_20017","Bacteria","Bacteroidota","Bacteroidia","Chitinophagales","Chitinophagaceae","Panacibacter",NA,0,1.084
"ASV_20018","Bacteria","Bacteroidota","Bacteroidia","Chitinophagales","Chitinophagaceae","Panacibacter",NA,0,0
"ASV_20019","Bacteria","Bacteroidota","Bacteroidia","Chitinophagales","Chitinophagaceae","Incertae_Sedis",NA,1.196,1.072
"ASV_20020","Bacteria","Bacteroidota","Bacteroidia","Chitinophagales","Chitinophagaceae","Incertae_Sedis",NA,0,0
"ASV_20021","Bacteria","Bacteroidota","Bacteroidia","Chitinophagales","Chitinophagaceae","Incertae_Sedis",NA,1.152,0
"ASV_20022","Bacteria","Bacteroidota","Bacteroidia","Chitinophagales","Chitinophagaceae","Incertae_Sedis",NA,2.956,0.79
"ASV_20023","Bacteria","Bacteroidota","Bacteroidia","Chitinophagales","Chitinophagaceae","Sediminibacterium",NA,132.764,0
"ASV_20024","Bacteria","Bacteroidota","Bacteroidia","Chitinophagales","Chitinophagaceae","Sediminibacterium",NA,0,33.764
"ASV_20025","Bacteria","Bacteroidota","Bacteroidia","Chitinophagales","Chitinophagaceae","Sediminibacterium",NA,0,0
"ASV_20026","Bacteria","Bacteroidota","Bacteroidia","Chitinophagales","Chitinophagaceae","Sediminibacterium",NA,89.728,0
"ASV_20027","Bacteria","Bacteroidota","Bacteroidia","Chitinophagales","Chitinophagaceae","Sediminibacterium",NA,33.106,2.882
"ASV_20028","Bacteria","Bacteroidota","Bacteroidia","Chitinophagales","Chitinophagaceae","Sediminibacterium",NA,18.94,10.192
"ASV_20029","Bacteria","Bacteroidota","Bacteroidia","Chitinophagales","Chitinophagaceae","Sediminibacterium",NA,0,2.69
"ASV_20030","Bacteria","Bacteroidota","Bacteroidia","Chitinophagales","Chitinophagaceae","Sediminibacterium",NA,0,0
"ASV_20031","Bacteria","Bacteroidota","Bacteroidia","Chitinophagales","Chitinophagaceae","Panacibacter",NA,3.236,0
"ASV_20032","Bacteria","Bacteroidota","Bacteroidia","Chitinophagales","Chitinophagaceae","Panacibacter",NA,0,0.45
"ASV_20033","Bacteria","Bacteroidota","Bacteroidia","Chitinophagales","Chitinophagaceae","Panacibacter",NA,0,66.392
"ASV_20034","Bacteria","Bacteroidota","Bacteroidia","Chitinophagales","Chitinophagaceae","Panacibacter",NA,0,1.258
"ASV_20035","Bacteria","Bacteroidota","Bacteroidia","Chitinophagales","Chitinophagaceae","Panacibacter",NA,3.552,0
"ASV_20036","Bacteria","Bacteroidota","Bacteroidia","Chitinophagales","Chitinophagaceae","Panacibacter",NA,0,0
"ASV_20037","Bacteria","Bacteroidota","Bacteroidia","Chitinophagales","Chitinophagaceae","Panacibacter",NA,0,2.904
"ASV_20038","Bacteria","Bacteroidota","Bacteroidia","Chitinophagales","Chitinophagaceae","Panacibacter",NA,0,2.016
"ASV_20039","Bacteria","Bacteroidota","Bacteroidia","Chitinophagales","Chitinophagaceae","Panacibacter",NA,0,4.102
"ASV_20040","Bacteria","Bacteroidota","Bacteroidia","Chitinophagales","Chitinophagaceae","Panacibacter",NA,2.006,0
"ASV_20041","Bacteria","Bacteroidota","Bacteroidia","Chitinophagales","Chitinophagaceae","Incertae_Sedis",NA,0,0
"ASV_20042","Bacteria","Bacteroidota","Bacteroidia","Chitinophagales","Chitinophagaceae","Incertae_Sedis",NA,5.728,0
"ASV_20043","Bacteria","Bacteroidota","Bacteroidia","Chitinophagales","Chitinophagaceae","Incertae_Sedis",NA,0,0
"ASV_20044","Bacteria","Bacteroidota","Bacteroidia","Chitinophagales","Chitinophagaceae","Incertae_Sedis",NA,56.35,0
"ASV_20045","Bacteria","Bacteroidota","Bacteroidia","Chitinophagales","Chitinophagaceae","Incertae_Sedis",NA,0,0
"ASV_20046","Bacteria","Bacteroidota","Bacteroidia","Chitinophagales","Chitinophagaceae","Incertae_Sedis",NA,17.802,0
"ASV_20047","Bacteria","Bacteroidota","Bacteroidia","Chitinophagales","Chitinophagaceae","Incertae_Sedis",NA,25.45,0
"ASV_20048","Bacteria","Bacteroidota","Bacteroidia","Chitinophagales","Chitinophagaceae","Incertae_Sedis",NA,0,0
"ASV_20049","Bacteria","Bacteroidota","Bacteroidia","Chitinophagales","Chitinophagaceae","Incertae_Sedis",NA,0,3.308
"ASV_20050","Bacteria","Bacteroidota","Bacteroidia","Chitinophagales","Chitinophagaceae","Arachidicoccus",NA,4.318,0
"ASV_20051","Bacteria","Bacteroidota","Bacteroidia","Chitinophagales","Chitinophagaceae","Niastella",NA,0,1.514
"ASV_20052","Bacteria","Bacteroidota","Bacteroidia","Chitinophagales","Chitinophagaceae","Niastella",NA,0,6.558
"ASV_20053","Bacteria","Bacteroidota","Bacteroidia","Chitinophagales","Chitinophagaceae","Niastella",NA,4.276,4.596
"ASV_20054","Bacteria","Bacteroidota","Bacteroidia","Chitinophagales","Chitinophagaceae","Niastella",NA,4.592,21.42
"ASV_20055","Bacteria","Bacteroidota","Bacteroidia","Chitinophagales","Chitinophagaceae","Niastella",NA,1.23,0
"ASV_20056","Bacteria","Bacteroidota","Bacteroidia","Chitinophagales","Chitinophagaceae","Niastella",NA,0,2.936
"ASV_20057","Bacteria","Bacteroidota","Bacteroidia","Chitinophagales","Chitinophagaceae","Niastella",NA,0,0
"ASV_20058","Bacteria","Bacteroidota","Bacteroidia","Chitinophagales","Chitinophagaceae","Niastella",NA,0,0
"ASV_20059","Bacteria","Bacteroidota","Bacteroidia","Chitinophagales","Chitinophagaceae","Niastella",NA,8.142,0
"ASV_20060","Bacteria","Bacteroidota","Bacteroidia","Chitinophagales","Chitinophagaceae","Incertae_Sedis",NA,31.584,0
"ASV_20061","Bacteria","Bacteroidota","Bacteroidia","Chitinophagales","Chitinophagaceae","Ferruginibacter",NA,0,0
"ASV_20062","Bacteria","Bacteroidota","Bacteroidia","Chitinophagales","Chitinophagaceae","Incertae_Sedis",NA,0,0
"ASV_20063","Bacteria","Bacteroidota","Bacteroidia","Chitinophagales","Chitinophagaceae","Segetibacter",NA,0,0.574
"ASV_20064","Bacteria","Bacteroidota","Bacteroidia","Chitinophagales","Chitinophagaceae","Incertae_Sedis",NA,0,2.29
"ASV_20065","Bacteria","Bacteroidota","Bacteroidia","Chitinophagales","Chitinophagaceae","Incertae_Sedis",NA,0,0
"ASV_20066","Bacteria","Bacteroidota","Bacteroidia","Chitinophagales","Chitinophagaceae","Incertae_Sedis",NA,0,2.788
"ASV_20067","Bacteria","Bacteroidota","Bacteroidia","Chitinophagales","Chitinophagaceae","Incertae_Sedis",NA,0,1.05
"ASV_20068","Bacteria","Bacteroidota","Bacteroidia","Chitinophagales","Chitinophagaceae","Incertae_Sedis",NA,16.376,0
"ASV_20069","Bacteria","Bacteroidota","Bacteroidia","Chitinophagales","Chitinophagaceae","Flavitalea",NA,0.944,0
"ASV_20070","Bacteria","Bacteroidota","Bacteroidia","Chitinophagales","Chitinophagaceae","Flavitalea",NA,1.076,0
"ASV_20071","Bacteria","Bacteroidota","Bacteroidia","Chitinophagales","Chitinophagaceae","Flavitalea",NA,12.734,60.438
"ASV_20072","Bacteria","Bacteroidota","Bacteroidia","Chitinophagales","Chitinophagaceae","Flavitalea",NA,0,3.26
"ASV_20073","Bacteria","Bacteroidota","Bacteroidia","Chitinophagales","Chitinophagaceae","Flavitalea",NA,0,0
"ASV_20074","Bacteria","Bacteroidota","Bacteroidia","Chitinophagales","Chitinophagaceae","Flavitalea",NA,3.24,0
"ASV_20075","Bacteria","Bacteroidota","Bacteroidia","Chitinophagales","Chitinophagaceae","Flavitalea",NA,0,0
"ASV_20076","Bacteria","Bacteroidota","Bacteroidia","Chitinophagales","Chitinophagaceae","Flavitalea",NA,0,4.384
"ASV_20077","Bacteria","Bacteroidota","Bacteroidia","Chitinophagales","Chitinophagaceae","Flavitalea",NA,0,0
"ASV_20078","Bacteria","Bacteroidota","Bacteroidia","Chitinophagales","Chitinophagaceae","Flavitalea",NA,0,0
"ASV_20079","Bacteria","Bacteroidota","Bacteroidia","Chitinophagales","Chitinophagaceae","Incertae_Sedis",NA,3.612,0
"ASV_20080","Bacteria","Bacteroidota","Bacteroidia","Chitinophagales","Chitinophagaceae","Incertae_Sedis",NA,2.936,0
"ASV_20081","Bacteria","Bacteroidota","Bacteroidia","Chitinophagales","Chitinophagaceae","Niastella",NA,0.53,0
"ASV_20082","Bacteria","Bacteroidota","Bacteroidia","Chitinophagales","Chitinophagaceae","Flavitalea",NA,32.962,3.92
"ASV_20083","Bacteria","Bacteroidota","Bacteroidia","Chitinophagales","Chitinophagaceae","Flavitalea",NA,0,0
"ASV_20084","Bacteria","Bacteroidota","Bacteroidia","Chitinophagales","Chitinophagaceae","Flavitalea",NA,9.132,0
"ASV_20085","Bacteria","Bacteroidota","Bacteroidia","Chitinophagales","Chitinophagaceae","Flavitalea",NA,0,1.664
"ASV_20086","Bacteria","Bacteroidota","Bacteroidia","Chitinophagales","Chitinophagaceae","Flavitalea",NA,2.128,0
"ASV_20087","Bacteria","Bacteroidota","Bacteroidia","Chitinophagales","Chitinophagaceae","Flavitalea",NA,164.846,22.006
"ASV_20088","Bacteria","Bacteroidota","Bacteroidia","Chitinophagales","Chitinophagaceae","Flavitalea",NA,3.236,0
"ASV_20089","Bacteria","Bacteroidota","Bacteroidia","Chitinophagales","Chitinophagaceae","Flavitalea",NA,12.956,0
"ASV_20090","Bacteria","Bacteroidota","Bacteroidia","Chitinophagales","Chitinophagaceae","Flavitalea",NA,0.974,0
"ASV_20091","Bacteria","Bacteroidota","Bacteroidia","Chitinophagales","Chitinophagaceae","Incertae_Sedis",NA,0,9.762
"ASV_20092","Bacteria","Bacteroidota","Bacteroidia","Chitinophagales","Chitinophagaceae","Puia",NA,0,0
"ASV_20093","Bacteria","Bacteroidota","Bacteroidia","Chitinophagales","Chitinophagaceae","Incertae_Sedis",NA,0,1.436
"ASV_20094","Bacteria","Bacteroidota","Bacteroidia","Chitinophagales","Chitinophagaceae","Puia",NA,0,0
"ASV_20095","Bacteria","Bacteroidota","Bacteroidia","Chitinophagales","Chitinophagaceae","Puia",NA,12.108,19.414
"ASV_20096","Bacteria","Bacteroidota","Bacteroidia","Chitinophagales","Chitinophagaceae","Puia",NA,0,4.016
"ASV_20097","Bacteria","Bacteroidota","Bacteroidia","Chitinophagales","Chitinophagaceae","Puia",NA,0.946,0
"ASV_20098","Bacteria","Bacteroidota","Bacteroidia","Chitinophagales","Chitinophagaceae","Puia",NA,0,3.82
"ASV_20099","Bacteria","Bacteroidota","Bacteroidia","Chitinophagales","Chitinophagaceae","Puia",NA,0,0
"ASV_20100","Bacteria","Bacteroidota","Bacteroidia","Chitinophagales","Chitinophagaceae","Aurantisolimonas",NA,0.468,11.476
"ASV_20101","Bacteria","Bacteroidota","Bacteroidia","Chitinophagales","Chitinophagaceae","Aurantisolimonas",NA,0,8.744
"ASV_20102","Bacteria","Bacteroidota","Bacteroidia","Chitinophagales","Chitinophagaceae","Aurantisolimonas",NA,0,2.428
"ASV_20103","Bacteria","Bacteroidota","Bacteroidia","Chitinophagales","Chitinophagaceae","Aurantisolimonas",NA,0,15.12
"ASV_20104","Bacteria","Bacteroidota","Bacteroidia","Chitinophagales","Chitinophagaceae","Aurantisolimonas",NA,3.242,0
"ASV_20105","Bacteria","Bacteroidota","Bacteroidia","Chitinophagales","Chitinophagaceae","Aurantisolimonas",NA,2.072,0
"ASV_20106","Bacteria","Bacteroidota","Bacteroidia","Chitinophagales","Chitinophagaceae","Aurantisolimonas",NA,0,0
"ASV_20107","Bacteria","Bacteroidota","Bacteroidia","Chitinophagales","Chitinophagaceae","Aurantisolimonas",NA,0.368,0
"ASV_20108","Bacteria","Bacteroidota","Bacteroidia","Chitinophagales","Chitinophagaceae","Aurantisolimonas",NA,2.454,0
"ASV_20109","Bacteria","Bacteroidota","Bacteroidia","Chitinophagales","Chitinophagaceae","Aurantisolimonas",NA,0.926,0
"ASV_20110","Bacteria","Bacteroidota","Bacteroidia","Chitinophagales","Chitinophagaceae","Aurantisolimonas",NA,0,0
"ASV_20111","Bacteria","Bacteroidota","Bacteroidia","Chitinophagales","Chitinophagaceae","Aurantisolimonas",NA,0.876,0
"ASV_20112","Bacteria","Bacteroidota","Bacteroidia","Chitinophagales","Chitinophagaceae","Aurantisolimonas",NA,0.682,0
"ASV_20113","Bacteria","Bacteroidota","Bacteroidia","Chitinophagales","Chitinophagaceae","Aurantisolimonas",NA,0.648,0
"ASV_20114","Bacteria","Bacteroidota","Bacteroidia","Chitinophagales","Incertae_Sedis","Incertae_Sedis",NA,0,1.984
"ASV_20115","Bacteria","Bacteroidota","Bacteroidia","Chitinophagales","Incertae_Sedis","Incertae_Sedis",NA,3.434,0
"ASV_20116","Bacteria","Bacteroidota","Bacteroidia","Chitinophagales","Incertae_Sedis","Incertae_Sedis",NA,4.632,0
"ASV_20117","Bacteria","Bacteroidota","Bacteroidia","Incertae_Sedis","Incertae_Sedis","Incertae_Sedis",NA,0,3.246
"ASV_20118","Bacteria","Bacteroidota","Bacteroidia","Incertae_Sedis","Incertae_Sedis","Incertae_Sedis",NA,0,0
"ASV_20119","Bacteria","Bacteroidota","Bacteroidia","Incertae_Sedis","Incertae_Sedis","Incertae_Sedis",NA,0,0.624
"ASV_20120","Bacteria","Bacteroidota","Bacteroidia","Incertae_Sedis","Incertae_Sedis","Incertae_Sedis",NA,0.454,0
"ASV_20121","Bacteria","Bacteroidota","Bacteroidia","Incertae_Sedis","Incertae_Sedis","Incertae_Sedis",NA,9.61,0
"ASV_20122","Bacteria","Bacteroidota","Bacteroidia","Chitinophagales","Chitinophagaceae","Incertae_Sedis",NA,0,0
"ASV_20123","Bacteria","Bacteroidota","Bacteroidia","Chitinophagales","Chitinophagaceae","Incertae_Sedis",NA,0,5.618
"ASV_20124","Bacteria","Bacteroidota","Bacteroidia","Chitinophagales","Chitinophagaceae","Incertae_Sedis",NA,0,0
"ASV_20125","Bacteria","Bacteroidota","Bacteroidia","Chitinophagales","Incertae_Sedis","Incertae_Sedis",NA,0,16.662
"ASV_20126","Bacteria","Bacteroidota","Bacteroidia","Chitinophagales","Incertae_Sedis","Incertae_Sedis",NA,0,0
"ASV_20127","Bacteria","Bacteroidota","Bacteroidia","Chitinophagales","Incertae_Sedis","Incertae_Sedis",NA,30.152,210.396
"ASV_20128","Bacteria","Bacteroidota","Bacteroidia","Chitinophagales","Incertae_Sedis","Incertae_Sedis",NA,0,21.352
"ASV_20129","Bacteria","Bacteroidota","Bacteroidia","Chitinophagales","Incertae_Sedis","Incertae_Sedis",NA,0,19.624
"ASV_20130","Bacteria","Bacteroidota","Bacteroidia","Chitinophagales","Incertae_Sedis","Incertae_Sedis",NA,0,0
"ASV_20131","Bacteria","Bacteroidota","Bacteroidia","Chitinophagales","Incertae_Sedis","Incertae_Sedis",NA,0,11.626
"ASV_20132","Bacteria","Bacteroidota","Bacteroidia","Chitinophagales","Incertae_Sedis","Incertae_Sedis",NA,0,2.514
"ASV_20133","Bacteria","Bacteroidota","Bacteroidia","Incertae_Sedis","Incertae_Sedis","Incertae_Sedis",NA,5.876,0
"ASV_20134","Bacteria","Bacteroidota","Bacteroidia","Incertae_Sedis","Incertae_Sedis","Incertae_Sedis",NA,1.492,0
"ASV_20135","Bacteria","Bacteroidota","Bacteroidia","Incertae_Sedis","Incertae_Sedis","Incertae_Sedis",NA,18.166,0
"ASV_20136","Bacteria","Bacteroidota","Bacteroidia","Incertae_Sedis","Incertae_Sedis","Incertae_Sedis",NA,0,2.408
"ASV_20137","Bacteria","Bacteroidota","Bacteroidia","Chitinophagales","Incertae_Sedis","Incertae_Sedis",NA,0.496,0
"ASV_20138","Bacteria","Bacteroidota","Bacteroidia","Incertae_Sedis","Incertae_Sedis","Incertae_Sedis",NA,1.752,0
"ASV_20139","Bacteria","Bacteroidota","Bacteroidia","Incertae_Sedis","Incertae_Sedis","Incertae_Sedis",NA,3.794,1.63
"ASV_20140","Bacteria","Bacteroidota","Bacteroidia","Chitinophagales","Incertae_Sedis","Incertae_Sedis",NA,25.064,0
"ASV_20141","Bacteria","Bacteroidota","Bacteroidia","Chitinophagales","Incertae_Sedis","Incertae_Sedis",NA,0.506,0
"ASV_20142","Bacteria","Bacteroidota","Bacteroidia","Chitinophagales","Incertae_Sedis","Incertae_Sedis",NA,0,17.678
"ASV_20143","Bacteria","Bacteroidota","Bacteroidia","Chitinophagales","Incertae_Sedis","Incertae_Sedis",NA,16.998,0
"ASV_20144","Bacteria","Bacteroidota","Bacteroidia","Chitinophagales","Incertae_Sedis","Incertae_Sedis",NA,0,4.318
"ASV_20145","Bacteria","Bacteroidota","Bacteroidia","Incertae_Sedis","Incertae_Sedis","Incertae_Sedis",NA,0.626,0
"ASV_20146","Bacteria","Bacteroidota","Bacteroidia","Chitinophagales","Incertae_Sedis","Incertae_Sedis",NA,0.442,0
"ASV_20147","Bacteria","Bacteroidota","Bacteroidia","Incertae_Sedis","Incertae_Sedis","Incertae_Sedis",NA,0,0
"ASV_20148","Bacteria","Bacteroidota","Bacteroidia","Chitinophagales","Incertae_Sedis","Incertae_Sedis",NA,0,0
"ASV_20149","Bacteria","Bacteroidota","Bacteroidia","Incertae_Sedis","Incertae_Sedis","Incertae_Sedis",NA,22.068,0
"ASV_20150","Bacteria","Bacteroidota","Bacteroidia","Chitinophagales","Chitinophagaceae","Incertae_Sedis",NA,43.914,0
"ASV_20151","Bacteria","Bacteroidota","Bacteroidia","Chitinophagales","Chitinophagaceae","Incertae_Sedis",NA,44.896,0
"ASV_20152","Bacteria","Bacteroidota","Bacteroidia","Chitinophagales","Chitinophagaceae","Incertae_Sedis",NA,0,0
"ASV_20153","Bacteria","Bacteroidota","Bacteroidia","Chitinophagales","Chitinophagaceae","Incertae_Sedis",NA,0,0
"ASV_20154","Bacteria","Bacteroidota","Bacteroidia","Chitinophagales","Chitinophagaceae","Incertae_Sedis",NA,0,0
"ASV_20155","Bacteria","Bacteroidota","Bacteroidia","Chitinophagales","Chitinophagaceae","Incertae_Sedis",NA,0,2.494
"ASV_20156","Bacteria","Bacteroidota","Bacteroidia","Chitinophagales","Incertae_Sedis","Incertae_Sedis",NA,0,1.088
"ASV_20157","Bacteria","Bacteroidota","Bacteroidia","Chitinophagales","Incertae_Sedis","Incertae_Sedis",NA,0,0.632
"ASV_20158","Bacteria","Bacteroidota","Bacteroidia","Chitinophagales","Chitinophagaceae","Incertae_Sedis",NA,7.55,4.966
"ASV_20159","Bacteria","Bacteroidota","Bacteroidia","Incertae_Sedis","Incertae_Sedis","Incertae_Sedis",NA,0,0
"ASV_20160","Bacteria","Bacteroidota","Bacteroidia","Incertae_Sedis","Incertae_Sedis","Incertae_Sedis",NA,0,66.122
"ASV_20161","Bacteria","Bacteroidota","Bacteroidia","Incertae_Sedis","Incertae_Sedis","Incertae_Sedis",NA,9.834,0
"ASV_20162","Bacteria","Bacteroidota","Bacteroidia","Incertae_Sedis","Incertae_Sedis","Incertae_Sedis",NA,0,2.774
"ASV_20163","Bacteria","Bacteroidota","Bacteroidia","Incertae_Sedis","Incertae_Sedis","Incertae_Sedis",NA,0,1.122
"ASV_20164","Bacteria","Bacteroidota","Bacteroidia","Incertae_Sedis","Incertae_Sedis","Incertae_Sedis",NA,0,5.132
"ASV_20165","Bacteria","Bacteroidota","Bacteroidia","Incertae_Sedis","Incertae_Sedis","Incertae_Sedis",NA,0,0
"ASV_20166","Bacteria","Bacteroidota","Bacteroidia","Incertae_Sedis","Incertae_Sedis","Incertae_Sedis",NA,0,0
"ASV_20167","Bacteria","Bacteroidota","Bacteroidia","Incertae_Sedis","Incertae_Sedis","Incertae_Sedis",NA,0,1.458
"ASV_20168","Bacteria","Bacteroidota","Bacteroidia","Sphingobacteriales","AKYH767","Incertae_Sedis",NA,0,0.492
"ASV_20169","Bacteria","Bacteroidota","Bacteroidia","Sphingobacteriales","AKYH767","Incertae_Sedis",NA,0,22.344
"ASV_20170","Bacteria","Bacteroidota","Bacteroidia","Sphingobacteriales","AKYH767","Incertae_Sedis",NA,0,0
"ASV_20171","Bacteria","Bacteroidota","Bacteroidia","Sphingobacteriales","AKYH767","Incertae_Sedis",NA,36.11,24.51
"ASV_20172","Bacteria","Bacteroidota","Bacteroidia","Sphingobacteriales","AKYH767","Incertae_Sedis",NA,5.63,0
"ASV_20173","Bacteria","Bacteroidota","Bacteroidia","Sphingobacteriales","AKYH767","Incertae_Sedis",NA,0,7.484
"ASV_20174","Bacteria","Bacteroidota","Bacteroidia","Sphingobacteriales","AKYH767","Incertae_Sedis",NA,0,0
"ASV_20175","Bacteria","Bacteroidota","Bacteroidia","Sphingobacteriales","AKYH767","Incertae_Sedis",NA,3.224,15.33
"ASV_20176","Bacteria","Bacteroidota","Bacteroidia","Sphingobacteriales","AKYH767","Incertae_Sedis",NA,0,3.666
"ASV_20177","Bacteria","Bacteroidota","Bacteroidia","Sphingobacteriales","FFCH9454","Incertae_Sedis",NA,0,0
"ASV_20178","Bacteria","Bacteroidota","Bacteroidia","Sphingobacteriales","Incertae_Sedis","Incertae_Sedis",NA,1.958,0
"ASV_20179","Bacteria","Bacteroidota","Bacteroidia","Sphingobacteriales","Incertae_Sedis","Incertae_Sedis",NA,0,4.456
"ASV_20180","Bacteria","Bacteroidota","Bacteroidia","Sphingobacteriales","Incertae_Sedis","Incertae_Sedis",NA,0,1.28
"ASV_20181","Bacteria","Bacteroidota","Bacteroidia","Incertae_Sedis","Incertae_Sedis","Incertae_Sedis",NA,101.292,0
"ASV_20182","Bacteria","Bacteroidota","Bacteroidia","Incertae_Sedis","Incertae_Sedis","Incertae_Sedis",NA,1.416,0
"ASV_20183","Bacteria","Bacteroidota","Bacteroidia","Sphingobacteriales","Incertae_Sedis","Incertae_Sedis",NA,0,0
"ASV_20184","Bacteria","Bacteroidota","Bacteroidia","Sphingobacteriales","Incertae_Sedis","Incertae_Sedis",NA,8.274,0
"ASV_20185","Bacteria","Bacteroidota","Bacteroidia","Incertae_Sedis","Incertae_Sedis","Incertae_Sedis",NA,4.074,2.466
"ASV_20186","Bacteria","Bacteroidota","Bacteroidia","Incertae_Sedis","Incertae_Sedis","Incertae_Sedis",NA,0.848,0
"ASV_20187","Bacteria","Bacteroidota","Bacteroidia","Sphingobacteriales","Incertae_Sedis","Incertae_Sedis",NA,13.996,0
"ASV_20188","Bacteria","Bacteroidota","Bacteroidia","Sphingobacteriales","Incertae_Sedis","Incertae_Sedis",NA,0,0
"ASV_20189","Bacteria","Bacteroidota","Bacteroidia","Sphingobacteriales","Incertae_Sedis","Incertae_Sedis",NA,0,1.226
"ASV_20190","Bacteria","Bacteroidota","Bacteroidia","Sphingobacteriales","AKYH767","Incertae_Sedis",NA,0,3.096
"ASV_20191","Bacteria","Bacteroidota","Bacteroidia","Sphingobacteriales","AKYH767","Incertae_Sedis",NA,0,3.156
"ASV_20192","Bacteria","Bacteroidota","Bacteroidia","Sphingobacteriales","AKYH767","Incertae_Sedis",NA,0,1.312
"ASV_20193","Bacteria","Bacteroidota","Bacteroidia","Sphingobacteriales","AKYH767","Incertae_Sedis",NA,79.744,0
"ASV_20194","Bacteria","Bacteroidota","Bacteroidia","Sphingobacteriales","AKYH767","Incertae_Sedis",NA,18.316,0
"ASV_20195","Bacteria","Bacteroidota","Bacteroidia","Sphingobacteriales","AKYH767","Incertae_Sedis",NA,0,5.316
"ASV_20196","Bacteria","Bacteroidota","Bacteroidia","Sphingobacteriales","AKYH767","Incertae_Sedis",NA,0,0
"ASV_20197","Bacteria","Bacteroidota","Bacteroidia","Sphingobacteriales","AKYH767","Incertae_Sedis",NA,0,2.506
"ASV_20198","Bacteria","Bacteroidota","Bacteroidia","Sphingobacteriales","AKYH767","Incertae_Sedis",NA,0,0
"ASV_20199","Bacteria","Bacteroidota","Bacteroidia","Sphingobacteriales","AKYH767","Incertae_Sedis",NA,0,6.994
"ASV_20200","Bacteria","Bacteroidota","Bacteroidia","Sphingobacteriales","AKYH767","Incertae_Sedis",NA,0,0
"ASV_20201","Bacteria","Bacteroidota","Bacteroidia","Sphingobacteriales","AKYH767","Incertae_Sedis",NA,0,1.87
"ASV_20202","Bacteria","Bacteroidota","Bacteroidia","Sphingobacteriales","AKYH767","Incertae_Sedis",NA,0,10.036
"ASV_20203","Bacteria","Bacteroidota","Bacteroidia","Sphingobacteriales","AKYH767","Incertae_Sedis",NA,10.03,5.154
"ASV_20204","Bacteria","Bacteroidota","Bacteroidia","Sphingobacteriales","AKYH767","Incertae_Sedis",NA,0,12.472
"ASV_20205","Bacteria","Bacteroidota","Bacteroidia","Sphingobacteriales","AKYH767","Incertae_Sedis",NA,0,0
"ASV_20206","Bacteria","Bacteroidota","Bacteroidia","Sphingobacteriales","AKYH767","Incertae_Sedis",NA,1.612,0
"ASV_20207","Bacteria","Bacteroidota","Bacteroidia","Sphingobacteriales","AKYH767","Incertae_Sedis",NA,0.494,0
"ASV_20208","Bacteria","Bacteroidota","Bacteroidia","Sphingobacteriales","AKYH767","Incertae_Sedis",NA,8.324,0
"ASV_20209","Bacteria","Bacteroidota","Bacteroidia","Sphingobacteriales","AKYH767","Incertae_Sedis",NA,0,1.074
"ASV_20210","Bacteria","Bacteroidota","Bacteroidia","Sphingobacteriales","AKYH767","Incertae_Sedis",NA,16.766,1.734
"ASV_20211","Bacteria","Bacteroidota","Bacteroidia","Sphingobacteriales","AKYH767","Incertae_Sedis",NA,1.506,0
"ASV_20212","Bacteria","Bacteroidota","Bacteroidia","Sphingobacteriales","AKYH767","Incertae_Sedis",NA,0,0
"ASV_20213","Bacteria","Bacteroidota","Bacteroidia","Sphingobacteriales","AKYH767","Incertae_Sedis",NA,83.686,0
"ASV_20214","Bacteria","Bacteroidota","Bacteroidia","Sphingobacteriales","AKYH767","Incertae_Sedis",NA,0,2.756
"ASV_20215","Bacteria","Bacteroidota","Bacteroidia","Sphingobacteriales","AKYH767","Incertae_Sedis",NA,1.412,0
"ASV_20216","Bacteria","Bacteroidota","Bacteroidia","Sphingobacteriales","AKYH767","Incertae_Sedis",NA,61.282,0
"ASV_20217","Bacteria","Bacteroidota","Bacteroidia","Sphingobacteriales","AKYH767","Incertae_Sedis",NA,2.92,0
"ASV_20218","Bacteria","Bacteroidota","Bacteroidia","Sphingobacteriales","AKYH767","Incertae_Sedis",NA,3.444,16.482
"ASV_20219","Bacteria","Bacteroidota","Bacteroidia","Sphingobacteriales","AKYH767","Incertae_Sedis",NA,0,4.672
"ASV_20220","Bacteria","Bacteroidota","Bacteroidia","Sphingobacteriales","AKYH767","Incertae_Sedis",NA,15.258,0
"ASV_20221","Bacteria","Bacteroidota","Bacteroidia","Sphingobacteriales","AKYH767","Incertae_Sedis",NA,3.432,0
"ASV_20222","Bacteria","Bacteroidota","Bacteroidia","Sphingobacteriales","AKYH767","Incertae_Sedis",NA,4.062,0
"ASV_20223","Bacteria","Bacteroidota","Bacteroidia","Sphingobacteriales","AKYH767","Incertae_Sedis",NA,1.184,0
"ASV_20224","Bacteria","Bacteroidota","Bacteroidia","Sphingobacteriales","AKYH767","Incertae_Sedis",NA,0,1.086
"ASV_20225","Bacteria","Bacteroidota","Bacteroidia","Sphingobacteriales","AKYH767","Incertae_Sedis",NA,0,9.082
"ASV_20226","Bacteria","Bacteroidota","Bacteroidia","Sphingobacteriales","AKYH767","Incertae_Sedis",NA,206.316,0
"ASV_20227","Bacteria","Bacteroidota","Bacteroidia","Sphingobacteriales","AKYH767","Incertae_Sedis",NA,0,1.654
"ASV_20228","Bacteria","Bacteroidota","Bacteroidia","Sphingobacteriales","AKYH767","Incertae_Sedis",NA,0,21.82
"ASV_20229","Bacteria","Bacteroidota","Bacteroidia","Sphingobacteriales","AKYH767","Incertae_Sedis",NA,0,9.52
"ASV_20230","Bacteria","Bacteroidota","Bacteroidia","Sphingobacteriales","AKYH767","Incertae_Sedis",NA,0,0
"ASV_20231","Bacteria","Bacteroidota","Bacteroidia","Sphingobacteriales","AKYH767","Incertae_Sedis",NA,0,10.16
"ASV_20232","Bacteria","Bacteroidota","Bacteroidia","Sphingobacteriales","AKYH767","Incertae_Sedis",NA,0,5.966
"ASV_20233","Bacteria","Bacteroidota","Bacteroidia","Sphingobacteriales","AKYH767","Incertae_Sedis",NA,1.532,21.758
"ASV_20234","Bacteria","Bacteroidota","Bacteroidia","Sphingobacteriales","AKYH767","Incertae_Sedis",NA,4.376,8.888
"ASV_20235","Bacteria","Bacteroidota","Bacteroidia","Sphingobacteriales","AKYH767","Incertae_Sedis",NA,0,0
"ASV_20236","Bacteria","Bacteroidota","Bacteroidia","Sphingobacteriales","Incertae_Sedis","Incertae_Sedis",NA,0,0.87
"ASV_20237","Bacteria","Bacteroidota","Bacteroidia","Sphingobacteriales","AKYH767","Incertae_Sedis",NA,0,0
"ASV_20238","Bacteria","Bacteroidota","Bacteroidia","Sphingobacteriales","AKYH767","Incertae_Sedis",NA,0,4.624
"ASV_20239","Bacteria","Bacteroidota","Bacteroidia","Sphingobacteriales","AKYH767","Incertae_Sedis",NA,0,2.386
"ASV_20240","Bacteria","Bacteroidota","Bacteroidia","Sphingobacteriales","AKYH767","Incertae_Sedis",NA,21.548,0
"ASV_20241","Bacteria","Bacteroidota","Bacteroidia","Sphingobacteriales","AKYH767","Incertae_Sedis",NA,0,0
"ASV_20242","Bacteria","Bacteroidota","Bacteroidia","Sphingobacteriales","FFCH9454","Incertae_Sedis",NA,0,0
"ASV_20243","Bacteria","Bacteroidota","Bacteroidia","Sphingobacteriales","FFCH9454","Incertae_Sedis",NA,0,10.182
"ASV_20244","Bacteria","Bacteroidota","Bacteroidia","Sphingobacteriales","Incertae_Sedis","Incertae_Sedis",NA,0,1.16
"ASV_20245","Bacteria","Bacteroidota","Bacteroidia","Sphingobacteriales","Incertae_Sedis","Incertae_Sedis",NA,6.876,17.916
"ASV_20246","Bacteria","Bacteroidota","Bacteroidia","Sphingobacteriales","FFCH9454","Incertae_Sedis",NA,0.778,1.364
"ASV_20247","Bacteria","Bacteroidota","Bacteroidia","Sphingobacteriales","AKYH767","Incertae_Sedis",NA,75.442,1.548
"ASV_20248","Bacteria","Bacteroidota","Bacteroidia","Sphingobacteriales","AKYH767","Incertae_Sedis",NA,0,1.998
"ASV_20249","Bacteria","Bacteroidota","Bacteroidia","Sphingobacteriales","AKYH767","Incertae_Sedis",NA,0,1.342
"ASV_20250","Bacteria","Bacteroidota","Bacteroidia","Sphingobacteriales","AKYH767","Incertae_Sedis",NA,0,0.758
"ASV_20251","Bacteria","Bacteroidota","Bacteroidia","Sphingobacteriales","S15-21","Incertae_Sedis",NA,0,0
"ASV_20252","Bacteria","Bacteroidota","Bacteroidia","Sphingobacteriales","AKYH767","Incertae_Sedis",NA,7.92,14.056
"ASV_20253","Bacteria","Bacteroidota","Bacteroidia","Sphingobacteriales","AKYH767","Incertae_Sedis",NA,0,2.712
"ASV_20254","Bacteria","Bacteroidota","Bacteroidia","Sphingobacteriales","AKYH767","Incertae_Sedis",NA,44.334,5.472
"ASV_20255","Bacteria","Bacteroidota","Bacteroidia","Sphingobacteriales","AKYH767","Incertae_Sedis",NA,0,3.934
"ASV_20256","Bacteria","Bacteroidota","Bacteroidia","Sphingobacteriales","AKYH767","Incertae_Sedis",NA,0,2.912
"ASV_20257","Bacteria","Bacteroidota","Bacteroidia","Sphingobacteriales","AKYH767","Incertae_Sedis",NA,0,2
"ASV_20258","Bacteria","Bacteroidota","Bacteroidia","Sphingobacteriales","AKYH767","Incertae_Sedis",NA,0,0.978
"ASV_20259","Bacteria","Bacteroidota","Bacteroidia","Sphingobacteriales","AKYH767","Incertae_Sedis",NA,0,1.032
"ASV_20260","Bacteria","Bacteroidota","Bacteroidia","Sphingobacteriales","AKYH767","Incertae_Sedis",NA,0,5.662
"ASV_20261","Bacteria","Bacteroidota","Bacteroidia","Sphingobacteriales","AKYH767","Incertae_Sedis",NA,0,1.638
"ASV_20262","Bacteria","Bacteroidota","Bacteroidia","Sphingobacteriales","AKYH767","Incertae_Sedis",NA,0.526,0
"ASV_20263","Bacteria","Bacteroidota","Bacteroidia","Sphingobacteriales","AKYH767","Incertae_Sedis",NA,0,2.44
"ASV_20264","Bacteria","Bacteroidota","Bacteroidia","Sphingobacteriales","AKYH767","Incertae_Sedis",NA,0,0
"ASV_20265","Bacteria","Bacteroidota","Bacteroidia","Sphingobacteriales","AKYH767","Incertae_Sedis",NA,2.3,1.986
"ASV_20266","Bacteria","Bacteroidota","Bacteroidia","Sphingobacteriales","AKYH767","Incertae_Sedis",NA,0,2.556
"ASV_20267","Bacteria","Bacteroidota","Bacteroidia","Sphingobacteriales","AKYH767","Incertae_Sedis",NA,35.798,0
"ASV_20268","Bacteria","Bacteroidota","Bacteroidia","Sphingobacteriales","AKYH767","Incertae_Sedis",NA,22.918,94.424
"ASV_20269","Bacteria","Bacteroidota","Bacteroidia","Sphingobacteriales","AKYH767","Incertae_Sedis",NA,0,58.556
"ASV_20270","Bacteria","Bacteroidota","Bacteroidia","Sphingobacteriales","AKYH767","Incertae_Sedis",NA,9.742,0
"ASV_20271","Bacteria","Bacteroidota","Bacteroidia","Sphingobacteriales","AKYH767","Incertae_Sedis",NA,0,18.554
"ASV_20272","Bacteria","Bacteroidota","Bacteroidia","Sphingobacteriales","AKYH767","Incertae_Sedis",NA,7.004,0
"ASV_20273","Bacteria","Bacteroidota","Bacteroidia","Sphingobacteriales","AKYH767","Incertae_Sedis",NA,0,3.322
"ASV_20274","Bacteria","Bacteroidota","Bacteroidia","Sphingobacteriales","Incertae_Sedis","Incertae_Sedis",NA,0,0
"ASV_20275","Bacteria","Bacteroidota","Bacteroidia","Sphingobacteriales","AKYH767","Incertae_Sedis",NA,0,93.028
"ASV_20276","Bacteria","Bacteroidota","Bacteroidia","Sphingobacteriales","AKYH767","Incertae_Sedis",NA,13.312,31.958
"ASV_20277","Bacteria","Bacteroidota","Bacteroidia","Sphingobacteriales","AKYH767","Incertae_Sedis",NA,0,0
"ASV_20278","Bacteria","Bacteroidota","Bacteroidia","Sphingobacteriales","AKYH767","Incertae_Sedis",NA,1.464,12.954
"ASV_20279","Bacteria","Bacteroidota","Bacteroidia","Sphingobacteriales","AKYH767","Incertae_Sedis",NA,0,0.908
"ASV_20280","Bacteria","Bacteroidota","Bacteroidia","Sphingobacteriales","AKYH767","Incertae_Sedis",NA,15.354,0.478
"ASV_20281","Bacteria","Bacteroidota","Bacteroidia","Sphingobacteriales","AKYH767","Incertae_Sedis",NA,20.474,0
"ASV_20282","Bacteria","Bacteroidota","Bacteroidia","Sphingobacteriales","AKYH767","Incertae_Sedis",NA,0,2.696
"ASV_20283","Bacteria","Bacteroidota","Bacteroidia","Sphingobacteriales","AKYH767","Incertae_Sedis",NA,0,0
"ASV_20284","Bacteria","Bacteroidota","Bacteroidia","Sphingobacteriales","AKYH767","Incertae_Sedis",NA,0,0.382
"ASV_20285","Bacteria","Bacteroidota","Bacteroidia","Sphingobacteriales","AKYH767","Incertae_Sedis",NA,0,0.69
"ASV_20286","Bacteria","Bacteroidota","Bacteroidia","Sphingobacteriales","AKYH767","Incertae_Sedis",NA,0,6.796
"ASV_20287","Bacteria","Bacteroidota","Bacteroidia","Sphingobacteriales","AKYH767","Incertae_Sedis",NA,0,0
"ASV_20288","Bacteria","Bacteroidota","Bacteroidia","Sphingobacteriales","AKYH767","Incertae_Sedis",NA,0,0
"ASV_20289","Bacteria","Bacteroidota","Bacteroidia","Sphingobacteriales","AKYH767","Incertae_Sedis",NA,0,2.204
"ASV_20290","Bacteria","Bacteroidota","Bacteroidia","Sphingobacteriales","AKYH767","Incertae_Sedis",NA,0,0
"ASV_20291","Bacteria","Bacteroidota","Bacteroidia","Sphingobacteriales","AKYH767","Incertae_Sedis",NA,0,1.568
"ASV_20292","Bacteria","Bacteroidota","Bacteroidia","Sphingobacteriales","Incertae_Sedis","Incertae_Sedis",NA,0,0.686
"ASV_20293","Bacteria","Bacteroidota","Bacteroidia","Sphingobacteriales","AKYH767","Incertae_Sedis",NA,0,0
"ASV_20294","Bacteria","Bacteroidota","Bacteroidia","Sphingobacteriales","AKYH767","Incertae_Sedis",NA,3.962,76.496
"ASV_20295","Bacteria","Bacteroidota","Bacteroidia","Sphingobacteriales","AKYH767","Incertae_Sedis",NA,6.13,0
"ASV_20296","Bacteria","Bacteroidota","Bacteroidia","Sphingobacteriales","AKYH767","Incertae_Sedis",NA,0,7.398
"ASV_20297","Bacteria","Bacteroidota","Bacteroidia","Sphingobacteriales","AKYH767","Incertae_Sedis",NA,0,5.16
"ASV_20298","Bacteria","Bacteroidota","Bacteroidia","Sphingobacteriales","AKYH767","Incertae_Sedis",NA,0,3.208
"ASV_20299","Bacteria","Bacteroidota","Bacteroidia","Sphingobacteriales","AKYH767","Incertae_Sedis",NA,0,0
"ASV_20300","Bacteria","Bacteroidota","Bacteroidia","Sphingobacteriales","AKYH767","Incertae_Sedis",NA,0,0
"ASV_20301","Bacteria","Bacteroidota","Bacteroidia","Sphingobacteriales","AKYH767","Incertae_Sedis",NA,0,3.66
"ASV_20302","Bacteria","Bacteroidota","Bacteroidia","Sphingobacteriales","AKYH767","Incertae_Sedis",NA,8.586,0
"ASV_20303","Bacteria","Bacteroidota","Bacteroidia","Sphingobacteriales","AKYH767","Incertae_Sedis",NA,19.902,70.052
"ASV_20304","Bacteria","Bacteroidota","Bacteroidia","Sphingobacteriales","AKYH767","Incertae_Sedis",NA,0,2.584
"ASV_20305","Bacteria","Bacteroidota","Bacteroidia","Sphingobacteriales","AKYH767","Incertae_Sedis",NA,0,0.698
"ASV_20306","Bacteria","Bacteroidota","Bacteroidia","Sphingobacteriales","AKYH767","Incertae_Sedis",NA,0,6.506
"ASV_20307","Bacteria","Bacteroidota","Bacteroidia","Sphingobacteriales","AKYH767","Incertae_Sedis",NA,10.378,0
"ASV_20308","Bacteria","Bacteroidota","Bacteroidia","Sphingobacteriales","AKYH767","Incertae_Sedis",NA,0,1.658
"ASV_20309","Bacteria","Bacteroidota","Bacteroidia","Sphingobacteriales","Incertae_Sedis","Incertae_Sedis",NA,0,0
"ASV_20310","Bacteria","Bacteroidota","Bacteroidia","Sphingobacteriales","AKYH767","Incertae_Sedis",NA,0,26.256
"ASV_20311","Bacteria","Bacteroidota","Bacteroidia","Sphingobacteriales","Incertae_Sedis","Incertae_Sedis",NA,0,11.304
"ASV_20312","Bacteria","Bacteroidota","Bacteroidia","Incertae_Sedis","Incertae_Sedis","Incertae_Sedis",NA,0,0
"ASV_20313","Bacteria","Bacteroidota","Bacteroidia","Sphingobacteriales","AKYH767","Incertae_Sedis",NA,0,4.242
"ASV_20314","Bacteria","Bacteroidota","Bacteroidia","Incertae_Sedis","Incertae_Sedis","Incertae_Sedis",NA,0,1.78
"ASV_20315","Bacteria","Bacteroidota","Bacteroidia","Sphingobacteriales","Incertae_Sedis","Incertae_Sedis",NA,0,1.336
"ASV_20316","Bacteria","Bacteroidota","Bacteroidia","Sphingobacteriales","AKYH767","Incertae_Sedis",NA,0,11.788
"ASV_20317","Bacteria","Bacteroidota","Bacteroidia","Sphingobacteriales","AKYH767","Incertae_Sedis",NA,0,3.014
"ASV_20318","Bacteria","Bacteroidota","Bacteroidia","Sphingobacteriales","AKYH767","Incertae_Sedis",NA,0,0
"ASV_20319","Bacteria","Bacteroidota","Bacteroidia","Sphingobacteriales","AKYH767","Incertae_Sedis",NA,0,6.026
"ASV_20320","Bacteria","Bacteroidota","Bacteroidia","Sphingobacteriales","AKYH767","Incertae_Sedis",NA,0,4.882
"ASV_20321","Bacteria","Bacteroidota","Bacteroidia","Sphingobacteriales","AKYH767","Incertae_Sedis",NA,0,3.102
"ASV_20322","Bacteria","Bacteroidota","Bacteroidia","Sphingobacteriales","Incertae_Sedis","Incertae_Sedis",NA,0,0.928
"ASV_20323","Bacteria","Bacteroidota","Bacteroidia","Sphingobacteriales","Incertae_Sedis","Incertae_Sedis",NA,0,0
"ASV_20324","Bacteria","Bacteroidota","Bacteroidia","Sphingobacteriales","Incertae_Sedis","Incertae_Sedis",NA,0,0
"ASV_20325","Bacteria","Bacteroidota","Bacteroidia","Sphingobacteriales","Incertae_Sedis","Incertae_Sedis",NA,0,1.666
"ASV_20326","Bacteria","Bacteroidota","Bacteroidia","Sphingobacteriales","Incertae_Sedis","Incertae_Sedis",NA,0,0
"ASV_20327","Bacteria","Bacteroidota","Bacteroidia","Sphingobacteriales","Incertae_Sedis","Incertae_Sedis",NA,2.266,0
"ASV_20328","Bacteria","Bacteroidota","Bacteroidia","Sphingobacteriales","Incertae_Sedis","Incertae_Sedis",NA,7.006,0
"ASV_20329","Bacteria","Bacteroidota","Bacteroidia","Sphingobacteriales","Incertae_Sedis","Incertae_Sedis",NA,0,0
"ASV_20330","Bacteria","Bacteroidota","Bacteroidia","Sphingobacteriales","AKYH767","Incertae_Sedis",NA,0,0
"ASV_20331","Bacteria","Bacteroidota","Bacteroidia","Incertae_Sedis","Incertae_Sedis","Incertae_Sedis",NA,1.002,0
"ASV_20332","Bacteria","Bacteroidota","Bacteroidia","Incertae_Sedis","Incertae_Sedis","Incertae_Sedis",NA,22.496,0
"ASV_20333","Bacteria","Bacteroidota","Bacteroidia","Incertae_Sedis","Incertae_Sedis","Incertae_Sedis",NA,0,0
"ASV_20334","Bacteria","Bacteroidota","Bacteroidia","Sphingobacteriales","Incertae_Sedis","Incertae_Sedis",NA,48.67,0
"ASV_20335","Bacteria","Bacteroidota","Bacteroidia","Sphingobacteriales","Incertae_Sedis","Incertae_Sedis",NA,0,0
"ASV_20336","Bacteria","Bacteroidota","Bacteroidia","Incertae_Sedis","Incertae_Sedis","Incertae_Sedis",NA,6.51,0
"ASV_20337","Bacteria","Bacteroidota","Bacteroidia","Sphingobacteriales","Incertae_Sedis","Incertae_Sedis",NA,14.302,0
"ASV_20338","Bacteria","Bacteroidota","Bacteroidia","Sphingobacteriales","Incertae_Sedis","Incertae_Sedis",NA,0.448,0
"ASV_20339","Bacteria","Bacteroidota","Bacteroidia","Incertae_Sedis","Incertae_Sedis","Incertae_Sedis",NA,1.058,0
"ASV_20340","Bacteria","Bacteroidota","Bacteroidia","Sphingobacteriales","Incertae_Sedis","Incertae_Sedis",NA,0,0
"ASV_20341","Bacteria","Bacteroidota","Bacteroidia","Sphingobacteriales","Incertae_Sedis","Incertae_Sedis",NA,0,1.488
"ASV_20342","Bacteria","Bacteroidota","Bacteroidia","Sphingobacteriales","KD3-93","Incertae_Sedis",NA,5.54,0
"ASV_20343","Bacteria","Bacteroidota","Bacteroidia","Sphingobacteriales","KD3-93","Incertae_Sedis",NA,1.79,0
"ASV_20344","Bacteria","Bacteroidota","Bacteroidia","Sphingobacteriales","KD3-93","Incertae_Sedis",NA,3.652,0
"ASV_20345","Bacteria","Bacteroidota","Bacteroidia","Sphingobacteriales","KD3-93","Incertae_Sedis",NA,0,4.408
"ASV_20346","Bacteria","Bacteroidota","Bacteroidia","Sphingobacteriales","KD3-93","Incertae_Sedis",NA,0,0
"ASV_20347","Bacteria","Bacteroidota","Bacteroidia","Sphingobacteriales","KD3-93","Incertae_Sedis",NA,2.274,5.872
"ASV_20348","Bacteria","Bacteroidota","Bacteroidia","Sphingobacteriales","KD3-93","Incertae_Sedis",NA,2.826,1.324
"ASV_20349","Bacteria","Bacteroidota","Bacteroidia","Sphingobacteriales","KD3-93","Incertae_Sedis",NA,0,0
"ASV_20350","Bacteria","Bacteroidota","Bacteroidia","Sphingobacteriales","KD3-93","Incertae_Sedis",NA,0,5.682
"ASV_20351","Bacteria","Bacteroidota","Bacteroidia","Sphingobacteriales","KD3-93","Incertae_Sedis",NA,1.74,0
"ASV_20352","Bacteria","Bacteroidota","Bacteroidia","Sphingobacteriales","KD3-93","Incertae_Sedis",NA,23.034,25.426
"ASV_20353","Bacteria","Bacteroidota","Bacteroidia","Sphingobacteriales","KD3-93","Incertae_Sedis",NA,0,17.688
"ASV_20354","Bacteria","Bacteroidota","Bacteroidia","Sphingobacteriales","KD3-93","Incertae_Sedis",NA,1.966,1.91
"ASV_20355","Bacteria","Bacteroidota","Bacteroidia","Sphingobacteriales","KD3-93","Incertae_Sedis",NA,0,5.146
"ASV_20356","Bacteria","Bacteroidota","Bacteroidia","Sphingobacteriales","KD3-93","Incertae_Sedis",NA,0,3.812
"ASV_20357","Bacteria","Bacteroidota","Bacteroidia","Sphingobacteriales","Incertae_Sedis","Incertae_Sedis",NA,0,0
"ASV_20358","Bacteria","Bacteroidota","Bacteroidia","Sphingobacteriales","Incertae_Sedis","Incertae_Sedis",NA,0,0
"ASV_20359","Bacteria","Bacteroidota","Bacteroidia","Sphingobacteriales","Incertae_Sedis","Incertae_Sedis",NA,0,0
"ASV_20360","Bacteria","Bacteroidota","Bacteroidia","Incertae_Sedis","Incertae_Sedis","Incertae_Sedis",NA,0,1.068
"ASV_20361","Bacteria","Bacteroidota","Bacteroidia","Incertae_Sedis","Incertae_Sedis","Incertae_Sedis",NA,1.246,0
"ASV_20362","Bacteria","Bacteroidota","Bacteroidia","Sphingobacteriales","Incertae_Sedis","Incertae_Sedis",NA,0,0
"ASV_20363","Bacteria","Bacteroidota","Bacteroidia","Sphingobacteriales","FFCH9454","Incertae_Sedis",NA,0,0
"ASV_20364","Bacteria","Bacteroidota","Bacteroidia","Sphingobacteriales","FFCH9454","Incertae_Sedis",NA,0,0
"ASV_20365","Bacteria","Bacteroidota","Bacteroidia","Sphingobacteriales","FFCH9454","Incertae_Sedis",NA,0,5.58
"ASV_20366","Bacteria","Bacteroidota","Bacteroidia","Sphingobacteriales","FFCH9454","Incertae_Sedis",NA,0,0
"ASV_20367","Bacteria","Bacteroidota","Bacteroidia","Sphingobacteriales","Incertae_Sedis","Incertae_Sedis",NA,0,0.172
"ASV_20368","Bacteria","Bacteroidota","Bacteroidia","Sphingobacteriales","FFCH9454","Incertae_Sedis",NA,1.46,0
"ASV_20369","Bacteria","Bacteroidota","Bacteroidia","Sphingobacteriales","FFCH9454","Incertae_Sedis",NA,0,0
"ASV_20370","Bacteria","Bacteroidota","Bacteroidia","Sphingobacteriales","FFCH9454","Incertae_Sedis",NA,0,0
"ASV_20371","Bacteria","Bacteroidota","Bacteroidia","Sphingobacteriales","FFCH9454","Incertae_Sedis",NA,1.912,0
"ASV_20372","Bacteria","Bacteroidota","Bacteroidia","Sphingobacteriales","env.OPS_17","Incertae_Sedis",NA,0,0
"ASV_20373","Bacteria","Bacteroidota","Bacteroidia","Sphingobacteriales","env.OPS_17","Incertae_Sedis",NA,317.652,0
"ASV_20374","Bacteria","Bacteroidota","Bacteroidia","Sphingobacteriales","env.OPS_17","Incertae_Sedis",NA,11.35,8.784
"ASV_20375","Bacteria","Bacteroidota","Bacteroidia","Sphingobacteriales","env.OPS_17","Incertae_Sedis",NA,0,0
"ASV_20376","Bacteria","Bacteroidota","Bacteroidia","Sphingobacteriales","env.OPS_17","Incertae_Sedis",NA,0,3.704
"ASV_20377","Bacteria","Bacteroidota","Bacteroidia","Sphingobacteriales","env.OPS_17","Incertae_Sedis",NA,0,0.956
"ASV_20378","Bacteria","Bacteroidota","Bacteroidia","Sphingobacteriales","env.OPS_17","Incertae_Sedis",NA,1.474,1.41
"ASV_20379","Bacteria","Bacteroidota","Bacteroidia","Sphingobacteriales","Incertae_Sedis","Incertae_Sedis",NA,155.17,0.21
"ASV_20380","Bacteria","Bacteroidota","Bacteroidia","Flavobacteriales","NS9_marine_group","Incertae_Sedis",NA,0.816,0
"ASV_20381","Bacteria","Bacteroidota","Bacteroidia","Flavobacteriales","Incertae_Sedis","Incertae_Sedis",NA,0.826,0
"ASV_20382","Bacteria","Bacteroidota","Bacteroidia","Sphingobacteriales","Lentimicrobiaceae","Incertae_Sedis",NA,0.148,0
"ASV_20383","Bacteria","Bacteroidota","Bacteroidia","Sphingobacteriales","LiUU-11-161","Incertae_Sedis",NA,5.104,0
"ASV_20384","Bacteria","Bacteroidota","Bacteroidia","Sphingobacteriales","CWT_CU03-E12","Incertae_Sedis",NA,0,0
"ASV_20385","Bacteria","Bacteroidota","Bacteroidia","Sphingobacteriales","Incertae_Sedis","Incertae_Sedis",NA,0,3.146
"ASV_20386","Bacteria","Bacteroidota","Bacteroidia","Sphingobacteriales","KD3-93","Incertae_Sedis",NA,0,0.966
"ASV_20387","Bacteria","Bacteroidota","Bacteroidia","Sphingobacteriales","KD3-93","Incertae_Sedis",NA,0.878,1.426
"ASV_20388","Bacteria","Bacteroidota","Bacteroidia","Sphingobacteriales","KD3-93","Incertae_Sedis",NA,0,3.936
"ASV_20389","Bacteria","Bacteroidota","Bacteroidia","Sphingobacteriales","KD3-93","Incertae_Sedis",NA,0,63.438
"ASV_20390","Bacteria","Bacteroidota","Bacteroidia","Sphingobacteriales","Incertae_Sedis","Incertae_Sedis",NA,0,1.024
"ASV_20391","Bacteria","Bacteroidota","Bacteroidia","Sphingobacteriales","Incertae_Sedis","Incertae_Sedis",NA,0,0
"ASV_20392","Bacteria","Bacteroidota","Bacteroidia","Sphingobacteriales","Incertae_Sedis","Incertae_Sedis",NA,0,0
"ASV_20393","Bacteria","Bacteroidota","Bacteroidia","Sphingobacteriales","Incertae_Sedis","Incertae_Sedis",NA,0,1.42
"ASV_20394","Bacteria","Bacteroidota","Bacteroidia","Sphingobacteriales","LiUU-11-161","Incertae_Sedis",NA,3.052,0
"ASV_20395","Bacteria","Bacteroidota","Bacteroidia","Sphingobacteriales","Incertae_Sedis","Incertae_Sedis",NA,0,0
"ASV_20396","Bacteria","Bacteroidota","Bacteroidia","Sphingobacteriales","Incertae_Sedis","Incertae_Sedis",NA,1.568,0
"ASV_20397","Bacteria","Bacteroidota","Bacteroidia","Sphingobacteriales","LiUU-11-161","Incertae_Sedis",NA,2.524,0
"ASV_20398","Bacteria","Bacteroidota","Bacteroidia","Sphingobacteriales","LiUU-11-161","Incertae_Sedis",NA,0,0.566
"ASV_20399","Bacteria","Bacteroidota","Bacteroidia","Incertae_Sedis","Incertae_Sedis","Incertae_Sedis",NA,0,0
"ASV_20400","Bacteria","Bacteroidota","Bacteroidia","Bacteroidales","Prolixibacteraceae","WCHB1-32",NA,0,0
"ASV_20401","Bacteria","Bacteroidota","Bacteroidia","Bacteroidales","Prolixibacteraceae","WCHB1-32",NA,0,0
"ASV_20402","Bacteria","Bacteroidota","Bacteroidia","Sphingobacteriales","LiUU-11-161","Incertae_Sedis",NA,2.462,0
"ASV_20403","Bacteria","Bacteroidota","Bacteroidia","Sphingobacteriales","LiUU-11-161","Incertae_Sedis",NA,3.108,0
"ASV_20404","Bacteria","Bacteroidota","Bacteroidia","Incertae_Sedis","Incertae_Sedis","Incertae_Sedis",NA,2.656,0
"ASV_20405","Bacteria","Bacteroidota","Bacteroidia","Sphingobacteriales","Incertae_Sedis","Incertae_Sedis",NA,0.592,0
"ASV_20406","Bacteria","Bacteroidota","Bacteroidia","Incertae_Sedis","Incertae_Sedis","Incertae_Sedis",NA,2.856,0
"ASV_20407","Bacteria","Bacteroidota","Bacteroidia","Sphingobacteriales","Incertae_Sedis","Incertae_Sedis",NA,1.192,0
"ASV_20408","Bacteria","Bacteroidota","Bacteroidia","Incertae_Sedis","Incertae_Sedis","Incertae_Sedis",NA,0,0
"ASV_20409","Bacteria","Bacteroidota","Bacteroidia","Sphingobacteriales","LiUU-11-161","Incertae_Sedis",NA,0,0
"ASV_20410","Bacteria","Bacteroidota","Bacteroidia","Bacteroidales","Incertae_Sedis","Incertae_Sedis",NA,18.47,0
"ASV_20411","Bacteria","Bacteroidota","Bacteroidia","Bacteroidales","Incertae_Sedis","Incertae_Sedis",NA,1.492,0
"ASV_20412","Bacteria","Bacteroidota","Bacteroidia","Incertae_Sedis","Incertae_Sedis","Incertae_Sedis",NA,19.86,0
"ASV_20413","Bacteria","Bacteroidota","Bacteroidia","Incertae_Sedis","Incertae_Sedis","Incertae_Sedis",NA,0.714,0
"ASV_20414","Bacteria","Bacteroidota","Bacteroidia","Sphingobacteriales","Incertae_Sedis","Incertae_Sedis",NA,0,0.336
"ASV_20415","Bacteria","Bacteroidota","Bacteroidia","Sphingobacteriales","KD3-93","Incertae_Sedis",NA,0,0
"ASV_20416","Bacteria","Bacteroidota","Bacteroidia","Sphingobacteriales","Incertae_Sedis","Incertae_Sedis",NA,1.216,0
"ASV_20417","Bacteria","Bacteroidota","Bacteroidia","Sphingobacteriales","Incertae_Sedis","Incertae_Sedis",NA,0,0
"ASV_20418","Bacteria","Bacteroidota","Bacteroidia","Sphingobacteriales","LiUU-11-161","Incertae_Sedis",NA,0,0
"ASV_20419","Bacteria","Bacteroidota","Bacteroidia","Sphingobacteriales","Incertae_Sedis","Incertae_Sedis",NA,0,0
"ASV_20420","Bacteria","Bacteroidota","Bacteroidia","Sphingobacteriales","Incertae_Sedis","Incertae_Sedis",NA,0.904,0
"ASV_20421","Bacteria","Bacteroidota","Bacteroidia","Sphingobacteriales","Incertae_Sedis","Incertae_Sedis",NA,0.822,0
"ASV_20422","Bacteria","Bacteroidota","Bacteroidia","Incertae_Sedis","Incertae_Sedis","Incertae_Sedis",NA,0,0
"ASV_20423","Bacteria","Bacteroidota","Bacteroidia","Sphingobacteriales","Incertae_Sedis","Incertae_Sedis",NA,0,0
"ASV_20424","Bacteria","Bacteroidota","Bacteroidia","Incertae_Sedis","Incertae_Sedis","Incertae_Sedis",NA,0,0
"ASV_20425","Bacteria","Bacteroidota","Bacteroidia","Sphingobacteriales","Sphingobacteriaceae","Daejeonella",NA,39.242,0
"ASV_20426","Bacteria","Bacteroidota","Bacteroidia","Sphingobacteriales","Sphingobacteriaceae","Incertae_Sedis",NA,10.572,0
"ASV_20427","Bacteria","Bacteroidota","Bacteroidia","Sphingobacteriales","Sphingobacteriaceae","Daejeonella",NA,2.656,0
"ASV_20428","Bacteria","Bacteroidota","Bacteroidia","Sphingobacteriales","Sphingobacteriaceae","Incertae_Sedis",NA,16.716,0
"ASV_20429","Bacteria","Bacteroidota","Bacteroidia","Sphingobacteriales","Sphingobacteriaceae","Incertae_Sedis",NA,0,0
"ASV_20430","Bacteria","Bacteroidota","Bacteroidia","Sphingobacteriales","Sphingobacteriaceae","Incertae_Sedis",NA,0,0.468
"ASV_20431","Bacteria","Bacteroidota","Bacteroidia","Sphingobacteriales","Sphingobacteriaceae","Incertae_Sedis",NA,0,47
"ASV_20432","Bacteria","Bacteroidota","Bacteroidia","Sphingobacteriales","Sphingobacteriaceae","Arcticibacter",NA,3.226,0
"ASV_20433","Bacteria","Bacteroidota","Bacteroidia","Sphingobacteriales","Sphingobacteriaceae","Arcticibacter",NA,1.744,0
"ASV_20434","Bacteria","Bacteroidota","Bacteroidia","Sphingobacteriales","Sphingobacteriaceae","Mucilaginibacter",NA,1.22,0
"ASV_20435","Bacteria","Bacteroidota","Bacteroidia","Sphingobacteriales","Sphingobacteriaceae","Incertae_Sedis",NA,0,1.692
"ASV_20436","Bacteria","Bacteroidota","Bacteroidia","Sphingobacteriales","Sphingobacteriaceae","Incertae_Sedis",NA,0,0
"ASV_20437","Bacteria","Bacteroidota","Bacteroidia","Sphingobacteriales","Sphingobacteriaceae","Incertae_Sedis",NA,3.766,0
"ASV_20438","Bacteria","Bacteroidota","Bacteroidia","Sphingobacteriales","Sphingobacteriaceae","Incertae_Sedis",NA,1.41,0
"ASV_20439","Bacteria","Bacteroidota","Bacteroidia","Sphingobacteriales","Sphingobacteriaceae","Incertae_Sedis",NA,0.784,0
"ASV_20440","Bacteria","Bacteroidota","Bacteroidia","Sphingobacteriales","Sphingobacteriaceae","Incertae_Sedis",NA,0,0
"ASV_20441","Bacteria","Bacteroidota","Bacteroidia","Sphingobacteriales","Sphingobacteriaceae","Incertae_Sedis",NA,1.276,0
"ASV_20442","Bacteria","Bacteroidota","Bacteroidia","Sphingobacteriales","Sphingobacteriaceae","Incertae_Sedis",NA,0,0
"ASV_20443","Bacteria","Bacteroidota","Bacteroidia","Sphingobacteriales","Sphingobacteriaceae","Incertae_Sedis",NA,0,0
"ASV_20444","Bacteria","Bacteroidota","Bacteroidia","Sphingobacteriales","Sphingobacteriaceae","Incertae_Sedis",NA,6.526,0
"ASV_20445","Bacteria","Bacteroidota","Bacteroidia","Sphingobacteriales","Sphingobacteriaceae","Incertae_Sedis",NA,0,0
"ASV_20446","Bacteria","Bacteroidota","Bacteroidia","Sphingobacteriales","Sphingobacteriaceae","Pseudopedobacter",NA,0,0
"ASV_20447","Bacteria","Bacteroidota","Bacteroidia","Sphingobacteriales","Sphingobacteriaceae","Incertae_Sedis",NA,12.366,0
"ASV_20448","Bacteria","Bacteroidota","Bacteroidia","Sphingobacteriales","Sphingobacteriaceae","Incertae_Sedis",NA,0,0
"ASV_20449","Bacteria","Bacteroidota","Bacteroidia","Sphingobacteriales","Sphingobacteriaceae","Incertae_Sedis",NA,0.62,0
"ASV_20450","Bacteria","Bacteroidota","Bacteroidia","Sphingobacteriales","Sphingobacteriaceae","Incertae_Sedis",NA,0,0.416
"ASV_20451","Bacteria","Bacteroidota","Bacteroidia","Sphingobacteriales","Sphingobacteriaceae","Incertae_Sedis",NA,1.742,0
"ASV_20452","Bacteria","Bacteroidota","Bacteroidia","Sphingobacteriales","Sphingobacteriaceae","Pseudopedobacter",NA,0,0
"ASV_20453","Bacteria","Bacteroidota","Bacteroidia","Sphingobacteriales","Sphingobacteriaceae","Incertae_Sedis",NA,0,0
"ASV_20454","Bacteria","Bacteroidota","Bacteroidia","Sphingobacteriales","Sphingobacteriaceae","Incertae_Sedis",NA,0.584,0
"ASV_20455","Bacteria","Bacteroidota","Bacteroidia","Sphingobacteriales","Sphingobacteriaceae","Incertae_Sedis",NA,1.26,0
"ASV_20456","Bacteria","Bacteroidota","Bacteroidia","Sphingobacteriales","Sphingobacteriaceae","Pedobacter",NA,7.43,0
"ASV_20457","Bacteria","Bacteroidota","Bacteroidia","Sphingobacteriales","Sphingobacteriaceae","Pedobacter",NA,0,1.12
"ASV_20458","Bacteria","Bacteroidota","Bacteroidia","Sphingobacteriales","Sphingobacteriaceae","Daejeonella",NA,264.614,74.12
"ASV_20459","Bacteria","Bacteroidota","Bacteroidia","Sphingobacteriales","Sphingobacteriaceae","Daejeonella",NA,178.762,0
"ASV_20460","Bacteria","Bacteroidota","Bacteroidia","Sphingobacteriales","Sphingobacteriaceae","Incertae_Sedis",NA,0,0.984
"ASV_20461","Bacteria","Bacteroidota","Bacteroidia","Sphingobacteriales","Sphingobacteriaceae","Daejeonella",NA,564.084,6.622
"ASV_20462","Bacteria","Bacteroidota","Bacteroidia","Sphingobacteriales","Sphingobacteriaceae","Daejeonella",NA,32.538,0
"ASV_20463","Bacteria","Bacteroidota","Bacteroidia","Sphingobacteriales","Sphingobacteriaceae","Daejeonella",NA,4.282,0
"ASV_20464","Bacteria","Bacteroidota","Bacteroidia","Sphingobacteriales","Sphingobacteriaceae","Daejeonella",NA,0,0
"ASV_20465","Bacteria","Bacteroidota","Bacteroidia","Sphingobacteriales","Sphingobacteriaceae","Incertae_Sedis",NA,1.52,0
"ASV_20466","Bacteria","Bacteroidota","Bacteroidia","Sphingobacteriales","Sphingobacteriaceae","Incertae_Sedis",NA,0,0
"ASV_20467","Bacteria","Bacteroidota","Bacteroidia","Sphingobacteriales","Sphingobacteriaceae","Incertae_Sedis",NA,159.424,0
"ASV_20468","Bacteria","Bacteroidota","Bacteroidia","Sphingobacteriales","Sphingobacteriaceae","Incertae_Sedis",NA,4.288,1.67
"ASV_20469","Bacteria","Bacteroidota","Bacteroidia","Sphingobacteriales","Sphingobacteriaceae","Incertae_Sedis",NA,102.88,0
"ASV_20470","Bacteria","Bacteroidota","Bacteroidia","Sphingobacteriales","Sphingobacteriaceae","Incertae_Sedis",NA,27.15,9.958
"ASV_20471","Bacteria","Bacteroidota","Bacteroidia","Sphingobacteriales","Sphingobacteriaceae","Incertae_Sedis",NA,2.234,0
"ASV_20472","Bacteria","Bacteroidota","Bacteroidia","Sphingobacteriales","Sphingobacteriaceae","Incertae_Sedis",NA,0,0
"ASV_20473","Bacteria","Bacteroidota","Bacteroidia","Sphingobacteriales","Sphingobacteriaceae","Mucilaginibacter",NA,0,0
"ASV_20474","Bacteria","Bacteroidota","Bacteroidia","Sphingobacteriales","Sphingobacteriaceae","Mucilaginibacter",NA,0.872,0
"ASV_20475","Bacteria","Bacteroidota","Bacteroidia","Sphingobacteriales","Sphingobacteriaceae","Mucilaginibacter",NA,3.452,0
"ASV_20476","Bacteria","Bacteroidota","Bacteroidia","Sphingobacteriales","Sphingobacteriaceae","Mucilaginibacter",NA,1.012,0
"ASV_20477","Bacteria","Bacteroidota","Bacteroidia","Sphingobacteriales","Sphingobacteriaceae","Mucilaginibacter",NA,0,0
"ASV_20478","Bacteria","Bacteroidota","Bacteroidia","Sphingobacteriales","Sphingobacteriaceae","Mucilaginibacter",NA,2.088,0
"ASV_20479","Bacteria","Bacteroidota","Bacteroidia","Sphingobacteriales","Sphingobacteriaceae","Mucilaginibacter",NA,0,13.234
"ASV_20480","Bacteria","Bacteroidota","Bacteroidia","Sphingobacteriales","Sphingobacteriaceae","Mucilaginibacter",NA,0,5.098
"ASV_20481","Bacteria","Bacteroidota","Bacteroidia","Sphingobacteriales","Sphingobacteriaceae","Mucilaginibacter",NA,0,8.22
"ASV_20482","Bacteria","Bacteroidota","Bacteroidia","Sphingobacteriales","Sphingobacteriaceae","Mucilaginibacter",NA,0,1.944
"ASV_20483","Bacteria","Bacteroidota","Bacteroidia","Sphingobacteriales","Sphingobacteriaceae","Mucilaginibacter",NA,0,0
"ASV_20484","Bacteria","Bacteroidota","Bacteroidia","Sphingobacteriales","Sphingobacteriaceae","Mucilaginibacter",NA,0,0.756
"ASV_20485","Bacteria","Bacteroidota","Bacteroidia","Sphingobacteriales","Sphingobacteriaceae","Mucilaginibacter",NA,3.762,0
"ASV_20486","Bacteria","Bacteroidota","Bacteroidia","Sphingobacteriales","Sphingobacteriaceae","Mucilaginibacter",NA,0,0
"ASV_20487","Bacteria","Bacteroidota","Bacteroidia","Sphingobacteriales","Sphingobacteriaceae","Mucilaginibacter",NA,0,0
"ASV_20488","Bacteria","Bacteroidota","Bacteroidia","Sphingobacteriales","Sphingobacteriaceae","Mucilaginibacter",NA,0,0
"ASV_20489","Bacteria","Bacteroidota","Bacteroidia","Sphingobacteriales","Sphingobacteriaceae","Mucilaginibacter",NA,0,0
"ASV_20490","Bacteria","Bacteroidota","Bacteroidia","Sphingobacteriales","Sphingobacteriaceae","Mucilaginibacter",NA,0,0
"ASV_20491","Bacteria","Bacteroidota","Bacteroidia","Sphingobacteriales","Sphingobacteriaceae","Mucilaginibacter",NA,0,0
"ASV_20492","Bacteria","Bacteroidota","Bacteroidia","Sphingobacteriales","Sphingobacteriaceae","Mucilaginibacter",NA,0,0
"ASV_20493","Bacteria","Bacteroidota","Bacteroidia","Sphingobacteriales","Sphingobacteriaceae","Sphingobacterium",NA,2.012,0
"ASV_20494","Bacteria","Bacteroidota","Bacteroidia","Sphingobacteriales","Sphingobacteriaceae","Sphingobacterium",NA,0,0
"ASV_20495","Bacteria","Bacteroidota","Bacteroidia","Sphingobacteriales","Sphingobacteriaceae","Albibacterium",NA,2.318,0
"ASV_20496","Bacteria","Bacteroidota","Bacteroidia","Sphingobacteriales","Sphingobacteriaceae","Albibacterium",NA,80.474,0
"ASV_20497","Bacteria","Bacteroidota","Bacteroidia","Sphingobacteriales","Sphingobacteriaceae","Albibacterium",NA,6.092,0
"ASV_20498","Bacteria","Bacteroidota","Bacteroidia","Sphingobacteriales","Sphingobacteriaceae","Albibacterium",NA,0,0
"ASV_20499","Bacteria","Bacteroidota","Bacteroidia","Sphingobacteriales","Sphingobacteriaceae","Albibacterium",NA,0,0
"ASV_20500","Bacteria","Bacteroidota","Bacteroidia","Sphingobacteriales","Sphingobacteriaceae","Mucilaginibacter",NA,24.648,22.48
"ASV_20501","Bacteria","Bacteroidota","Bacteroidia","Sphingobacteriales","Sphingobacteriaceae","Mucilaginibacter",NA,0,4.084
"ASV_20502","Bacteria","Bacteroidota","Bacteroidia","Sphingobacteriales","Sphingobacteriaceae","Mucilaginibacter",NA,0,4.016
"ASV_20503","Bacteria","Bacteroidota","Bacteroidia","Sphingobacteriales","Sphingobacteriaceae","Mucilaginibacter",NA,0,3.726
"ASV_20504","Bacteria","Bacteroidota","Bacteroidia","Sphingobacteriales","Sphingobacteriaceae","Mucilaginibacter",NA,1.694,2.118
"ASV_20505","Bacteria","Bacteroidota","Bacteroidia","Sphingobacteriales","Sphingobacteriaceae","Mucilaginibacter",NA,0,0
"ASV_20506","Bacteria","Bacteroidota","Bacteroidia","Sphingobacteriales","Sphingobacteriaceae","Mucilaginibacter",NA,0,0.514
"ASV_20507","Bacteria","Bacteroidota","Bacteroidia","Sphingobacteriales","Sphingobacteriaceae","Mucilaginibacter",NA,0,0
"ASV_20508","Bacteria","Bacteroidota","Bacteroidia","Sphingobacteriales","Sphingobacteriaceae","Mucilaginibacter",NA,0,0
"ASV_20509","Bacteria","Bacteroidota","Bacteroidia","Sphingobacteriales","Sphingobacteriaceae","Mucilaginibacter",NA,0,0
"ASV_20510","Bacteria","Bacteroidota","Bacteroidia","Sphingobacteriales","Sphingobacteriaceae","Mucilaginibacter",NA,0,3.228
"ASV_20511","Bacteria","Bacteroidota","Bacteroidia","Sphingobacteriales","Sphingobacteriaceae","Mucilaginibacter",NA,0,0
"ASV_20512","Bacteria","Bacteroidota","Bacteroidia","Sphingobacteriales","Sphingobacteriaceae","Arcticibacter",NA,2.528,0
"ASV_20513","Bacteria","Bacteroidota","Bacteroidia","Sphingobacteriales","Sphingobacteriaceae","Arcticibacter",NA,0,5.428
"ASV_20514","Bacteria","Bacteroidota","Bacteroidia","Sphingobacteriales","Sphingobacteriaceae","Incertae_Sedis",NA,0,0
"ASV_20515","Bacteria","Bacteroidota","Bacteroidia","Sphingobacteriales","Sphingobacteriaceae","Arcticibacter",NA,0,0
"ASV_20516","Bacteria","Bacteroidota","Bacteroidia","Sphingobacteriales","Sphingobacteriaceae","Arcticibacter",NA,1.468,0
"ASV_20517","Bacteria","Bacteroidota","Bacteroidia","Sphingobacteriales","Sphingobacteriaceae","Incertae_Sedis",NA,0,4.054
"ASV_20518","Bacteria","Bacteroidota","Bacteroidia","Sphingobacteriales","Sphingobacteriaceae","Incertae_Sedis",NA,0,26.594
"ASV_20519","Bacteria","Bacteroidota","Bacteroidia","Sphingobacteriales","Sphingobacteriaceae","Arcticibacter",NA,15.052,0
"ASV_20520","Bacteria","Bacteroidota","Bacteroidia","Sphingobacteriales","Sphingobacteriaceae","Incertae_Sedis",NA,0,8.438
"ASV_20521","Bacteria","Bacteroidota","Bacteroidia","Sphingobacteriales","Sphingobacteriaceae","Arcticibacter",NA,0,1.794
"ASV_20522","Bacteria","Bacteroidota","Bacteroidia","Sphingobacteriales","Sphingobacteriaceae","Incertae_Sedis",NA,0,0
"ASV_20523","Bacteria","Bacteroidota","Bacteroidia","Sphingobacteriales","Sphingobacteriaceae","Incertae_Sedis",NA,0,0
"ASV_20524","Bacteria","Bacteroidota","Bacteroidia","Sphingobacteriales","Sphingobacteriaceae","Incertae_Sedis",NA,0,2.99
"ASV_20525","Bacteria","Bacteroidota","Bacteroidia","Sphingobacteriales","Sphingobacteriaceae","Incertae_Sedis",NA,0,3.86
"ASV_20526","Bacteria","Bacteroidota","Bacteroidia","Sphingobacteriales","Sphingobacteriaceae","Arcticibacter",NA,0,4.478
"ASV_20527","Bacteria","Bacteroidota","Bacteroidia","Sphingobacteriales","Sphingobacteriaceae","Arcticibacter",NA,0,0
"ASV_20528","Bacteria","Bacteroidota","Bacteroidia","Sphingobacteriales","Sphingobacteriaceae","Arcticibacter",NA,0,2.126
"ASV_20529","Bacteria","Bacteroidota","Bacteroidia","Sphingobacteriales","Sphingobacteriaceae","Arcticibacter",NA,2.954,0
"ASV_20530","Bacteria","Bacteroidota","Bacteroidia","Sphingobacteriales","Sphingobacteriaceae","Incertae_Sedis",NA,0,0
"ASV_20531","Bacteria","Bacteroidota","Bacteroidia","Sphingobacteriales","Sphingobacteriaceae","Incertae_Sedis",NA,72.006,6.554
"ASV_20532","Bacteria","Bacteroidota","Bacteroidia","Sphingobacteriales","Sphingobacteriaceae","Incertae_Sedis",NA,5.676,46.978
"ASV_20533","Bacteria","Bacteroidota","Bacteroidia","Sphingobacteriales","Sphingobacteriaceae","Incertae_Sedis",NA,77.61,6.236
"ASV_20534","Bacteria","Bacteroidota","Bacteroidia","Sphingobacteriales","Sphingobacteriaceae","Incertae_Sedis",NA,4.734,0
"ASV_20535","Bacteria","Bacteroidota","Bacteroidia","Sphingobacteriales","Sphingobacteriaceae","Incertae_Sedis",NA,1.72,0
"ASV_20536","Bacteria","Bacteroidota","Bacteroidia","Sphingobacteriales","Sphingobacteriaceae","Incertae_Sedis",NA,97.112,0
"ASV_20537","Bacteria","Bacteroidota","Bacteroidia","Sphingobacteriales","Sphingobacteriaceae","Albibacterium",NA,2.352,0
"ASV_20538","Bacteria","Bacteroidota","Bacteroidia","Sphingobacteriales","Sphingobacteriaceae","Albibacterium",NA,73.772,0
"ASV_20539","Bacteria","Bacteroidota","Bacteroidia","Sphingobacteriales","Sphingobacteriaceae","Albibacterium",NA,0,0
"ASV_20540","Bacteria","Bacteroidota","Bacteroidia","Sphingobacteriales","Sphingobacteriaceae","Albibacterium",NA,2.116,0
"ASV_20541","Bacteria","Bacteroidota","Bacteroidia","Sphingobacteriales","Sphingobacteriaceae","Incertae_Sedis",NA,13.604,0
"ASV_20542","Bacteria","Bacteroidota","Bacteroidia","Sphingobacteriales","Sphingobacteriaceae","Incertae_Sedis",NA,4.366,0
"ASV_20543","Bacteria","Bacteroidota","Bacteroidia","Sphingobacteriales","Sphingobacteriaceae","Pedobacter",NA,121.57,55.708
"ASV_20544","Bacteria","Bacteroidota","Bacteroidia","Sphingobacteriales","Sphingobacteriaceae","Pedobacter",NA,270.21,2.076
"ASV_20545","Bacteria","Bacteroidota","Bacteroidia","Sphingobacteriales","Sphingobacteriaceae","Incertae_Sedis",NA,2.052,0
"ASV_20546","Bacteria","Bacteroidota","Bacteroidia","Sphingobacteriales","Sphingobacteriaceae","Pedobacter",NA,7.038,0
"ASV_20547","Bacteria","Bacteroidota","Bacteroidia","Sphingobacteriales","Sphingobacteriaceae","Incertae_Sedis",NA,1.796,0
"ASV_20548","Bacteria","Bacteroidota","Bacteroidia","Sphingobacteriales","Sphingobacteriaceae","Pedobacter",NA,0,0
"ASV_20549","Bacteria","Bacteroidota","Bacteroidia","Sphingobacteriales","Sphingobacteriaceae","Incertae_Sedis",NA,0,16.802
"ASV_20550","Bacteria","Bacteroidota","Bacteroidia","Sphingobacteriales","Sphingobacteriaceae","Incertae_Sedis",NA,0,2.14
"ASV_20551","Bacteria","Bacteroidota","Bacteroidia","Sphingobacteriales","Sphingobacteriaceae","Incertae_Sedis",NA,1.388,0
"ASV_20552","Bacteria","Bacteroidota","Bacteroidia","Sphingobacteriales","Sphingobacteriaceae","Pedobacter",NA,1.248,0
"ASV_20553","Bacteria","Bacteroidota","Bacteroidia","Sphingobacteriales","Sphingobacteriaceae","Incertae_Sedis",NA,0,2.984
"ASV_20554","Bacteria","Bacteroidota","Bacteroidia","Sphingobacteriales","Sphingobacteriaceae","Incertae_Sedis",NA,0,59.192
"ASV_20555","Bacteria","Bacteroidota","Bacteroidia","Sphingobacteriales","Sphingobacteriaceae","Incertae_Sedis",NA,0,2.268
"ASV_20556","Bacteria","Bacteroidota","Bacteroidia","Sphingobacteriales","Sphingobacteriaceae","Incertae_Sedis",NA,0,2.142
"ASV_20557","Bacteria","Bacteroidota","Bacteroidia","Sphingobacteriales","Sphingobacteriaceae","Incertae_Sedis",NA,0,0.526
"ASV_20558","Bacteria","Bacteroidota","Bacteroidia","Sphingobacteriales","Sphingobacteriaceae","Mucilaginibacter",NA,0,0
"ASV_20559","Bacteria","Bacteroidota","Bacteroidia","Sphingobacteriales","Sphingobacteriaceae","Mucilaginibacter",NA,135.714,13.066
"ASV_20560","Bacteria","Bacteroidota","Bacteroidia","Sphingobacteriales","Sphingobacteriaceae","Mucilaginibacter",NA,0,0
"ASV_20561","Bacteria","Bacteroidota","Bacteroidia","Sphingobacteriales","Sphingobacteriaceae","Mucilaginibacter",NA,0,0
"ASV_20562","Bacteria","Bacteroidota","Bacteroidia","Sphingobacteriales","Sphingobacteriaceae","Mucilaginibacter",NA,0,0
"ASV_20563","Bacteria","Bacteroidota","Bacteroidia","Sphingobacteriales","Sphingobacteriaceae","Mucilaginibacter",NA,23.486,0
"ASV_20564","Bacteria","Bacteroidota","Bacteroidia","Sphingobacteriales","Sphingobacteriaceae","Mucilaginibacter",NA,0,0
"ASV_20565","Bacteria","Bacteroidota","Bacteroidia","Sphingobacteriales","Sphingobacteriaceae","Pedobacter",NA,1.484,0
"ASV_20566","Bacteria","Bacteroidota","Bacteroidia","Sphingobacteriales","Sphingobacteriaceae","Pedobacter",NA,71.714,0
"ASV_20567","Bacteria","Bacteroidota","Bacteroidia","Sphingobacteriales","Sphingobacteriaceae","Pedobacter",NA,7.576,0
"ASV_20568","Bacteria","Bacteroidota","Bacteroidia","Sphingobacteriales","Sphingobacteriaceae","Pedobacter",NA,4.862,0
"ASV_20569","Bacteria","Bacteroidota","Bacteroidia","Sphingobacteriales","Sphingobacteriaceae","Mucilaginibacter",NA,0,0
"ASV_20570","Bacteria","Bacteroidota","Bacteroidia","Sphingobacteriales","Sphingobacteriaceae","Mucilaginibacter",NA,0,0
"ASV_20571","Bacteria","Bacteroidota","Bacteroidia","Sphingobacteriales","Sphingobacteriaceae","Mucilaginibacter",NA,0,0
"ASV_20572","Bacteria","Bacteroidota","Bacteroidia","Sphingobacteriales","Sphingobacteriaceae","Mucilaginibacter",NA,0,0
"ASV_20573","Bacteria","Bacteroidota","Bacteroidia","Sphingobacteriales","Sphingobacteriaceae","Mucilaginibacter",NA,0,9.47
"ASV_20574","Bacteria","Bacteroidota","Bacteroidia","Sphingobacteriales","Sphingobacteriaceae","Mucilaginibacter",NA,0,0
"ASV_20575","Bacteria","Bacteroidota","Bacteroidia","Sphingobacteriales","Sphingobacteriaceae","Mucilaginibacter",NA,0,9.904
"ASV_20576","Bacteria","Bacteroidota","Bacteroidia","Sphingobacteriales","Sphingobacteriaceae","Mucilaginibacter",NA,0,13.332
"ASV_20577","Bacteria","Bacteroidota","Bacteroidia","Sphingobacteriales","Sphingobacteriaceae","Mucilaginibacter",NA,0,0
"ASV_20578","Bacteria","Bacteroidota","Bacteroidia","Sphingobacteriales","Sphingobacteriaceae","Mucilaginibacter",NA,6.958,0
"ASV_20579","Bacteria","Bacteroidota","Bacteroidia","Sphingobacteriales","Sphingobacteriaceae","Incertae_Sedis",NA,0,4.356
"ASV_20580","Bacteria","Bacteroidota","Bacteroidia","Sphingobacteriales","Sphingobacteriaceae","Mucilaginibacter",NA,0,0
"ASV_20581","Bacteria","Bacteroidota","Bacteroidia","Sphingobacteriales","Sphingobacteriaceae","Mucilaginibacter",NA,0,0
"ASV_20582","Bacteria","Bacteroidota","Bacteroidia","Sphingobacteriales","Sphingobacteriaceae","Mucilaginibacter",NA,0,0
"ASV_20583","Bacteria","Bacteroidota","Bacteroidia","Sphingobacteriales","Sphingobacteriaceae","Mucilaginibacter",NA,2.13,0
"ASV_20584","Bacteria","Bacteroidota","Bacteroidia","Sphingobacteriales","Sphingobacteriaceae","Mucilaginibacter",NA,23.846,41.134
"ASV_20585","Bacteria","Bacteroidota","Bacteroidia","Sphingobacteriales","Sphingobacteriaceae","Mucilaginibacter",NA,1.718,0
"ASV_20586","Bacteria","Bacteroidota","Bacteroidia","Sphingobacteriales","Sphingobacteriaceae","Mucilaginibacter",NA,0,0
"ASV_20587","Bacteria","Bacteroidota","Bacteroidia","Sphingobacteriales","Sphingobacteriaceae","Mucilaginibacter",NA,0,0
"ASV_20588","Bacteria","Bacteroidota","Bacteroidia","Sphingobacteriales","Sphingobacteriaceae","Mucilaginibacter",NA,0,0
"ASV_20589","Bacteria","Bacteroidota","Bacteroidia","Sphingobacteriales","Sphingobacteriaceae","Mucilaginibacter",NA,5.15,11.93
"ASV_20590","Bacteria","Bacteroidota","Bacteroidia","Sphingobacteriales","Sphingobacteriaceae","Mucilaginibacter",NA,0,3.248
"ASV_20591","Bacteria","Bacteroidota","Bacteroidia","Sphingobacteriales","Sphingobacteriaceae","Mucilaginibacter",NA,0,0
"ASV_20592","Bacteria","Bacteroidota","Bacteroidia","Sphingobacteriales","Sphingobacteriaceae","Mucilaginibacter",NA,0,0
"ASV_20593","Bacteria","Bacteroidota","Bacteroidia","Sphingobacteriales","Sphingobacteriaceae","Incertae_Sedis",NA,192.712,0
"ASV_20594","Bacteria","Bacteroidota","Bacteroidia","Sphingobacteriales","Sphingobacteriaceae","Incertae_Sedis",NA,0,117.242
"ASV_20595","Bacteria","Bacteroidota","Bacteroidia","Sphingobacteriales","Sphingobacteriaceae","Pedobacter",NA,1.6,0
"ASV_20596","Bacteria","Bacteroidota","Bacteroidia","Sphingobacteriales","Sphingobacteriaceae","Pedobacter",NA,0,0.964
"ASV_20597","Bacteria","Bacteroidota","Bacteroidia","Sphingobacteriales","Sphingobacteriaceae","Incertae_Sedis",NA,0,0
"ASV_20598","Bacteria","Bacteroidota","Bacteroidia","Sphingobacteriales","Sphingobacteriaceae","Incertae_Sedis",NA,3.974,0
"ASV_20599","Bacteria","Bacteroidota","Bacteroidia","Sphingobacteriales","Sphingobacteriaceae","Mucilaginibacter",NA,0,1.61
"ASV_20600","Bacteria","Bacteroidota","Bacteroidia","Sphingobacteriales","Sphingobacteriaceae","Mucilaginibacter",NA,0,10.362
"ASV_20601","Bacteria","Bacteroidota","Bacteroidia","Sphingobacteriales","Sphingobacteriaceae","Mucilaginibacter",NA,6.4,21.154
"ASV_20602","Bacteria","Bacteroidota","Bacteroidia","Sphingobacteriales","Sphingobacteriaceae","Mucilaginibacter",NA,0,0
"ASV_20603","Bacteria","Bacteroidota","Bacteroidia","Sphingobacteriales","Sphingobacteriaceae","Mucilaginibacter",NA,0,3.558
"ASV_20604","Bacteria","Bacteroidota","Bacteroidia","Sphingobacteriales","Sphingobacteriaceae","Mucilaginibacter",NA,0,9.928
"ASV_20605","Bacteria","Bacteroidota","Bacteroidia","Sphingobacteriales","Sphingobacteriaceae","Incertae_Sedis",NA,0,0
"ASV_20606","Bacteria","Bacteroidota","Bacteroidia","Sphingobacteriales","Sphingobacteriaceae","Incertae_Sedis",NA,9.788,0
"ASV_20607","Bacteria","Bacteroidota","Bacteroidia","Sphingobacteriales","Sphingobacteriaceae","Pedobacter",NA,7.058,0
"ASV_20608","Bacteria","Bacteroidota","Bacteroidia","Sphingobacteriales","Sphingobacteriaceae","Incertae_Sedis",NA,3.764,0
"ASV_20609","Bacteria","Bacteroidota","Bacteroidia","Sphingobacteriales","Sphingobacteriaceae","Pedobacter",NA,0.86,0
"ASV_20610","Bacteria","Bacteroidota","Bacteroidia","Sphingobacteriales","Sphingobacteriaceae","Pedobacter",NA,5.316,0
"ASV_20611","Bacteria","Bacteroidota","Bacteroidia","Sphingobacteriales","Sphingobacteriaceae","Pedobacter",NA,0,0
"ASV_20612","Bacteria","Bacteroidota","Bacteroidia","Sphingobacteriales","Sphingobacteriaceae","Pedobacter",NA,0,0
"ASV_20613","Bacteria","Bacteroidota","Bacteroidia","Sphingobacteriales","Sphingobacteriaceae","Pedobacter",NA,0.592,0
"ASV_20614","Bacteria","Bacteroidota","Bacteroidia","Sphingobacteriales","Sphingobacteriaceae","Pedobacter",NA,150.616,64.144
"ASV_20615","Bacteria","Bacteroidota","Bacteroidia","Sphingobacteriales","Sphingobacteriaceae","Pedobacter",NA,0,10.028
"ASV_20616","Bacteria","Bacteroidota","Bacteroidia","Sphingobacteriales","Sphingobacteriaceae","Pedobacter",NA,0,3.59
"ASV_20617","Bacteria","Bacteroidota","Bacteroidia","Sphingobacteriales","Sphingobacteriaceae","Incertae_Sedis",NA,211.48,0
"ASV_20618","Bacteria","Bacteroidota","Bacteroidia","Sphingobacteriales","Sphingobacteriaceae","Pedobacter",NA,125.15,4.84
"ASV_20619","Bacteria","Bacteroidota","Bacteroidia","Sphingobacteriales","Sphingobacteriaceae","Pedobacter",NA,84.296,0
"ASV_20620","Bacteria","Bacteroidota","Bacteroidia","Sphingobacteriales","Sphingobacteriaceae","Pedobacter",NA,9.116,21.06
"ASV_20621","Bacteria","Bacteroidota","Bacteroidia","Sphingobacteriales","Sphingobacteriaceae","Pedobacter",NA,6.168,0
"ASV_20622","Bacteria","Bacteroidota","Bacteroidia","Sphingobacteriales","Sphingobacteriaceae","Pedobacter",NA,3.212,0
"ASV_20623","Bacteria","Bacteroidota","Bacteroidia","Sphingobacteriales","Sphingobacteriaceae","Incertae_Sedis",NA,0,0
"ASV_20624","Bacteria","Bacteroidota","Bacteroidia","Sphingobacteriales","Sphingobacteriaceae","Pedobacter",NA,10.474,0
"ASV_20625","Bacteria","Bacteroidota","Bacteroidia","Sphingobacteriales","Sphingobacteriaceae","Pedobacter",NA,16.452,0
"ASV_20626","Bacteria","Bacteroidota","Bacteroidia","Sphingobacteriales","Sphingobacteriaceae","Pedobacter",NA,0,0
"ASV_20627","Bacteria","Bacteroidota","Bacteroidia","Sphingobacteriales","Sphingobacteriaceae","Incertae_Sedis",NA,13.768,0
"ASV_20628","Bacteria","Bacteroidota","Bacteroidia","Sphingobacteriales","Sphingobacteriaceae","Incertae_Sedis",NA,0.678,0
"ASV_20629","Bacteria","Bacteroidota","Bacteroidia","Sphingobacteriales","Sphingobacteriaceae","Pedobacter",NA,86.188,0
"ASV_20630","Bacteria","Bacteroidota","Bacteroidia","Sphingobacteriales","Sphingobacteriaceae","Mucilaginibacter",NA,0,0
"ASV_20631","Bacteria","Bacteroidota","Bacteroidia","Sphingobacteriales","Sphingobacteriaceae","Mucilaginibacter",NA,0,0
"ASV_20632","Bacteria","Bacteroidota","Bacteroidia","Sphingobacteriales","Sphingobacteriaceae","Mucilaginibacter",NA,0,2.988
"ASV_20633","Bacteria","Bacteroidota","Bacteroidia","Sphingobacteriales","Sphingobacteriaceae","Incertae_Sedis",NA,0,0
"ASV_20634","Bacteria","Bacteroidota","Bacteroidia","Sphingobacteriales","Sphingobacteriaceae","Incertae_Sedis",NA,9.96,0
"ASV_20635","Bacteria","Bacteroidota","Bacteroidia","Sphingobacteriales","Sphingobacteriaceae","Pedobacter",NA,248.3,0
"ASV_20636","Bacteria","Bacteroidota","Bacteroidia","Sphingobacteriales","Sphingobacteriaceae","Pedobacter",NA,110.332,0
"ASV_20637","Bacteria","Bacteroidota","Bacteroidia","Sphingobacteriales","Sphingobacteriaceae","Pedobacter",NA,45.73,0
"ASV_20638","Bacteria","Bacteroidota","Bacteroidia","Sphingobacteriales","Sphingobacteriaceae","Pedobacter",NA,0,0
"ASV_20639","Bacteria","Bacteroidota","Bacteroidia","Sphingobacteriales","Sphingobacteriaceae","Pedobacter",NA,1.394,0
"ASV_20640","Bacteria","Bacteroidota","Bacteroidia","Sphingobacteriales","Sphingobacteriaceae","Mucilaginibacter",NA,0,1.01
"ASV_20641","Bacteria","Bacteroidota","Bacteroidia","Sphingobacteriales","Sphingobacteriaceae","Mucilaginibacter",NA,0,0
"ASV_20642","Bacteria","Bacteroidota","Bacteroidia","Sphingobacteriales","Sphingobacteriaceae","Mucilaginibacter",NA,0,4.358
"ASV_20643","Bacteria","Bacteroidota","Bacteroidia","Sphingobacteriales","Sphingobacteriaceae","Mucilaginibacter",NA,0,0
"ASV_20644","Bacteria","Bacteroidota","Bacteroidia","Sphingobacteriales","Sphingobacteriaceae","Incertae_Sedis",NA,0,4.102
"ASV_20645","Bacteria","Bacteroidota","Bacteroidia","Sphingobacteriales","Sphingobacteriaceae","Pedobacter",NA,393.248,0
"ASV_20646","Bacteria","Bacteroidota","Bacteroidia","Sphingobacteriales","Sphingobacteriaceae","Pedobacter",NA,6.252,0
"ASV_20647","Bacteria","Bacteroidota","Bacteroidia","Sphingobacteriales","Sphingobacteriaceae","Pedobacter",NA,1.366,0
"ASV_20648","Bacteria","Bacteroidota","Bacteroidia","Sphingobacteriales","Sphingobacteriaceae","Incertae_Sedis",NA,18.72,0
"ASV_20649","Bacteria","Bacteroidota","Bacteroidia","Sphingobacteriales","Sphingobacteriaceae","Incertae_Sedis",NA,9.018,0
"ASV_20650","Bacteria","Bacteroidota","Bacteroidia","Sphingobacteriales","Sphingobacteriaceae","Incertae_Sedis",NA,3.54,0
"ASV_20651","Bacteria","Bacteroidota","Bacteroidia","Sphingobacteriales","Sphingobacteriaceae","Incertae_Sedis",NA,4.124,0
"ASV_20652","Bacteria","Bacteroidota","Bacteroidia","Sphingobacteriales","Sphingobacteriaceae","Pedobacter",NA,10.346,0
"ASV_20653","Bacteria","Bacteroidota","Bacteroidia","Sphingobacteriales","Sphingobacteriaceae","Mucilaginibacter",NA,3.504,0
"ASV_20654","Bacteria","Bacteroidota","Bacteroidia","Sphingobacteriales","Sphingobacteriaceae","Mucilaginibacter",NA,8.462,1.228
"ASV_20655","Bacteria","Bacteroidota","Bacteroidia","Sphingobacteriales","Sphingobacteriaceae","Mucilaginibacter",NA,0,1.15
"ASV_20656","Bacteria","Bacteroidota","Bacteroidia","Sphingobacteriales","Sphingobacteriaceae","Mucilaginibacter",NA,0,2.812
"ASV_20657","Bacteria","Bacteroidota","Bacteroidia","Sphingobacteriales","Sphingobacteriaceae","Mucilaginibacter",NA,6.772,1.194
"ASV_20658","Bacteria","Bacteroidota","Bacteroidia","Sphingobacteriales","Sphingobacteriaceae","Mucilaginibacter",NA,1.254,0
"ASV_20659","Bacteria","Bacteroidota","Bacteroidia","Sphingobacteriales","Sphingobacteriaceae","Mucilaginibacter",NA,0,1.4
"ASV_20660","Bacteria","Bacteroidota","Bacteroidia","Sphingobacteriales","Sphingobacteriaceae","Mucilaginibacter",NA,0,0
"ASV_20661","Bacteria","Bacteroidota","Bacteroidia","Sphingobacteriales","Sphingobacteriaceae","Mucilaginibacter",NA,13.16,52.986
"ASV_20662","Bacteria","Bacteroidota","Bacteroidia","Sphingobacteriales","Sphingobacteriaceae","Mucilaginibacter",NA,4.542,31.182
"ASV_20663","Bacteria","Bacteroidota","Bacteroidia","Sphingobacteriales","Sphingobacteriaceae","Mucilaginibacter",NA,75.09,14.054
"ASV_20664","Bacteria","Bacteroidota","Bacteroidia","Sphingobacteriales","Sphingobacteriaceae","Mucilaginibacter",NA,0,7.86
"ASV_20665","Bacteria","Bacteroidota","Bacteroidia","Sphingobacteriales","Sphingobacteriaceae","Mucilaginibacter",NA,0,0
"ASV_20666","Bacteria","Bacteroidota","Bacteroidia","Sphingobacteriales","Sphingobacteriaceae","Mucilaginibacter",NA,0,3.89
"ASV_20667","Bacteria","Bacteroidota","Bacteroidia","Sphingobacteriales","Sphingobacteriaceae","Mucilaginibacter",NA,0,0
"ASV_20668","Bacteria","Bacteroidota","Bacteroidia","Sphingobacteriales","Sphingobacteriaceae","Mucilaginibacter",NA,0,0
"ASV_20669","Bacteria","Bacteroidota","Bacteroidia","Sphingobacteriales","Sphingobacteriaceae","Mucilaginibacter",NA,0,1.334
"ASV_20670","Bacteria","Bacteroidota","Bacteroidia","Sphingobacteriales","Sphingobacteriaceae","Mucilaginibacter",NA,12.456,0
"ASV_20671","Bacteria","Bacteroidota","Bacteroidia","Sphingobacteriales","Sphingobacteriaceae","Mucilaginibacter",NA,0,0
"ASV_20672","Bacteria","Bacteroidota","Bacteroidia","Sphingobacteriales","Sphingobacteriaceae","Mucilaginibacter",NA,12.462,0
"ASV_20673","Bacteria","Bacteroidota","Bacteroidia","Sphingobacteriales","Sphingobacteriaceae","Mucilaginibacter",NA,12.03,0
"ASV_20674","Bacteria","Bacteroidota","Bacteroidia","Sphingobacteriales","Sphingobacteriaceae","Mucilaginibacter",NA,2.188,0
"ASV_20675","Bacteria","Bacteroidota","Bacteroidia","Sphingobacteriales","Sphingobacteriaceae","Mucilaginibacter",NA,0,17.122
"ASV_20676","Bacteria","Bacteroidota","Bacteroidia","Sphingobacteriales","Sphingobacteriaceae","Mucilaginibacter",NA,0,8.89
"ASV_20677","Bacteria","Bacteroidota","Bacteroidia","Sphingobacteriales","Sphingobacteriaceae","Mucilaginibacter",NA,0,0
"ASV_20678","Bacteria","Bacteroidota","Bacteroidia","Sphingobacteriales","Sphingobacteriaceae","Mucilaginibacter",NA,201.096,0
"ASV_20679","Bacteria","Bacteroidota","Bacteroidia","Sphingobacteriales","Sphingobacteriaceae","Mucilaginibacter",NA,19.422,1.41
"ASV_20680","Bacteria","Bacteroidota","Bacteroidia","Sphingobacteriales","Sphingobacteriaceae","Mucilaginibacter",NA,0,0
"ASV_20681","Bacteria","Bacteroidota","Bacteroidia","Sphingobacteriales","Sphingobacteriaceae","Mucilaginibacter",NA,0,13.008
"ASV_20682","Bacteria","Bacteroidota","Bacteroidia","Sphingobacteriales","Sphingobacteriaceae","Mucilaginibacter",NA,6.806,0
"ASV_20683","Bacteria","Bacteroidota","Bacteroidia","Sphingobacteriales","Sphingobacteriaceae","Mucilaginibacter",NA,0,9.522
"ASV_20684","Bacteria","Bacteroidota","Bacteroidia","Sphingobacteriales","Sphingobacteriaceae","Mucilaginibacter",NA,0,3.542
"ASV_20685","Bacteria","Bacteroidota","Bacteroidia","Sphingobacteriales","Sphingobacteriaceae","Mucilaginibacter",NA,13.73,0
"ASV_20686","Bacteria","Bacteroidota","Bacteroidia","Sphingobacteriales","Sphingobacteriaceae","Mucilaginibacter",NA,0,9.806
"ASV_20687","Bacteria","Bacteroidota","Bacteroidia","Sphingobacteriales","Sphingobacteriaceae","Mucilaginibacter",NA,5.968,0
"ASV_20688","Bacteria","Bacteroidota","Bacteroidia","Sphingobacteriales","Sphingobacteriaceae","Mucilaginibacter",NA,10.21,0
"ASV_20689","Bacteria","Bacteroidota","Bacteroidia","Sphingobacteriales","Sphingobacteriaceae","Mucilaginibacter",NA,0,42.798
"ASV_20690","Bacteria","Bacteroidota","Bacteroidia","Sphingobacteriales","Sphingobacteriaceae","Mucilaginibacter",NA,0,0
"ASV_20691","Bacteria","Bacteroidota","Bacteroidia","Sphingobacteriales","Sphingobacteriaceae","Mucilaginibacter",NA,2.78,17.298
"ASV_20692","Bacteria","Bacteroidota","Bacteroidia","Sphingobacteriales","Sphingobacteriaceae","Mucilaginibacter",NA,0,0
"ASV_20693","Bacteria","Bacteroidota","Bacteroidia","Sphingobacteriales","Sphingobacteriaceae","Mucilaginibacter",NA,0,0
"ASV_20694","Bacteria","Bacteroidota","Bacteroidia","Sphingobacteriales","Sphingobacteriaceae","Mucilaginibacter",NA,4.264,0
"ASV_20695","Bacteria","Bacteroidota","Bacteroidia","Sphingobacteriales","Sphingobacteriaceae","Mucilaginibacter",NA,0,0
"ASV_20696","Bacteria","Bacteroidota","Bacteroidia","Sphingobacteriales","Sphingobacteriaceae","Mucilaginibacter",NA,1.766,0
"ASV_20697","Bacteria","Bacteroidota","Bacteroidia","Sphingobacteriales","Sphingobacteriaceae","Mucilaginibacter",NA,2.404,0
"ASV_20698","Bacteria","Bacteroidota","Bacteroidia","Sphingobacteriales","Sphingobacteriaceae","Mucilaginibacter",NA,0,0
"ASV_20699","Bacteria","Bacteroidota","Bacteroidia","Sphingobacteriales","Sphingobacteriaceae","Mucilaginibacter",NA,4.912,0
"ASV_20700","Bacteria","Bacteroidota","Bacteroidia","Sphingobacteriales","Sphingobacteriaceae","Mucilaginibacter",NA,0,0
"ASV_20701","Bacteria","Bacteroidota","Bacteroidia","Sphingobacteriales","Sphingobacteriaceae","Incertae_Sedis",NA,0,2.212
"ASV_20702","Bacteria","Bacteroidota","Bacteroidia","Sphingobacteriales","Sphingobacteriaceae","Incertae_Sedis",NA,46.64,114.228
"ASV_20703","Bacteria","Bacteroidota","Bacteroidia","Sphingobacteriales","Sphingobacteriaceae","Pedobacter",NA,20.374,0
"ASV_20704","Bacteria","Bacteroidota","Bacteroidia","Sphingobacteriales","Sphingobacteriaceae","Incertae_Sedis",NA,5.656,0
"ASV_20705","Bacteria","Bacteroidota","Bacteroidia","Sphingobacteriales","Sphingobacteriaceae","Pedobacter",NA,157.174,7.862
"ASV_20706","Bacteria","Bacteroidota","Bacteroidia","Sphingobacteriales","Sphingobacteriaceae","Pedobacter",NA,0,0
"ASV_20707","Bacteria","Bacteroidota","Bacteroidia","Sphingobacteriales","Sphingobacteriaceae","Pedobacter",NA,98.672,0
"ASV_20708","Bacteria","Bacteroidota","Bacteroidia","Sphingobacteriales","Sphingobacteriaceae","Pedobacter",NA,24.92,9.76
"ASV_20709","Bacteria","Bacteroidota","Bacteroidia","Sphingobacteriales","Sphingobacteriaceae","Incertae_Sedis",NA,40.136,0
"ASV_20710","Bacteria","Bacteroidota","Bacteroidia","Sphingobacteriales","Sphingobacteriaceae","Pedobacter",NA,18.658,0
"ASV_20711","Bacteria","Bacteroidota","Bacteroidia","Sphingobacteriales","Sphingobacteriaceae","Pedobacter",NA,27.796,0
"ASV_20712","Bacteria","Bacteroidota","Bacteroidia","Sphingobacteriales","Sphingobacteriaceae","Incertae_Sedis",NA,0,4.874
"ASV_20713","Bacteria","Bacteroidota","Bacteroidia","Sphingobacteriales","Sphingobacteriaceae","Pedobacter",NA,2.852,0
"ASV_20714","Bacteria","Bacteroidota","Bacteroidia","Sphingobacteriales","Sphingobacteriaceae","Incertae_Sedis",NA,0,6.08
"ASV_20715","Bacteria","Bacteroidota","Bacteroidia","Sphingobacteriales","Sphingobacteriaceae","Incertae_Sedis",NA,14.996,0
"ASV_20716","Bacteria","Bacteroidota","Bacteroidia","Sphingobacteriales","Sphingobacteriaceae","Pedobacter",NA,0,0
"ASV_20717","Bacteria","Bacteroidota","Bacteroidia","Sphingobacteriales","Sphingobacteriaceae","Incertae_Sedis",NA,0,0.97
"ASV_20718","Bacteria","Bacteroidota","Bacteroidia","Sphingobacteriales","Sphingobacteriaceae","Incertae_Sedis",NA,258.412,0
"ASV_20719","Bacteria","Bacteroidota","Bacteroidia","Sphingobacteriales","Sphingobacteriaceae","Incertae_Sedis",NA,5.79,0
"ASV_20720","Bacteria","Bacteroidota","Bacteroidia","Sphingobacteriales","Sphingobacteriaceae","Daejeonella",NA,4.498,0
"ASV_20721","Bacteria","Bacteroidota","Bacteroidia","Sphingobacteriales","Sphingobacteriaceae","Daejeonella",NA,11.256,4.17
"ASV_20722","Bacteria","Bacteroidota","Bacteroidia","Sphingobacteriales","Sphingobacteriaceae","Incertae_Sedis",NA,55.486,0
"ASV_20723","Bacteria","Bacteroidota","Bacteroidia","Sphingobacteriales","Sphingobacteriaceae","Incertae_Sedis",NA,98.756,0
"ASV_20724","Bacteria","Bacteroidota","Bacteroidia","Sphingobacteriales","Sphingobacteriaceae","Incertae_Sedis",NA,13.25,4.41
"ASV_20725","Bacteria","Bacteroidota","Bacteroidia","Sphingobacteriales","Sphingobacteriaceae","Incertae_Sedis",NA,0,1.57
"ASV_20726","Bacteria","Bacteroidota","Bacteroidia","Sphingobacteriales","Sphingobacteriaceae","Incertae_Sedis",NA,0,0.904
"ASV_20727","Bacteria","Bacteroidota","Bacteroidia","Sphingobacteriales","Sphingobacteriaceae","Incertae_Sedis",NA,0,7.942
"ASV_20728","Bacteria","Bacteroidota","Bacteroidia","Incertae_Sedis","Incertae_Sedis","Incertae_Sedis",NA,1.122,1.172
"ASV_20729","Bacteria","Bacteroidota","Bacteroidia","Incertae_Sedis","Incertae_Sedis","Incertae_Sedis",NA,0,0
"ASV_20730","Bacteria","Bacteroidota","Bacteroidia","Incertae_Sedis","Incertae_Sedis","Incertae_Sedis",NA,1.69,17.184
"ASV_20731","Bacteria","Bacteroidota","Bacteroidia","Incertae_Sedis","Incertae_Sedis","Incertae_Sedis",NA,2.75,57.382
"ASV_20732","Bacteria","Bacteroidota","Bacteroidia","Sphingobacteriales","env.OPS_17","Incertae_Sedis",NA,0,23.076
"ASV_20733","Bacteria","Bacteroidota","Bacteroidia","Sphingobacteriales","env.OPS_17","Incertae_Sedis",NA,0,0
"ASV_20734","Bacteria","Bacteroidota","Bacteroidia","Sphingobacteriales","Incertae_Sedis","Incertae_Sedis",NA,0,0
"ASV_20735","Bacteria","Bacteroidota","Bacteroidia","Incertae_Sedis","Incertae_Sedis","Incertae_Sedis",NA,0,0.44
"ASV_20736","Bacteria","Bacteroidota","Bacteroidia","Incertae_Sedis","Incertae_Sedis","Incertae_Sedis",NA,0,2.85
"ASV_20737","Bacteria","Bacteroidota","Bacteroidia","Incertae_Sedis","Incertae_Sedis","Incertae_Sedis",NA,0,0.818
"ASV_20738","Bacteria","Bacteroidota","Bacteroidia","Sphingobacteriales","env.OPS_17","Incertae_Sedis",NA,0,3.952
"ASV_20739","Bacteria","Bacteroidota","Bacteroidia","Sphingobacteriales","Incertae_Sedis","Incertae_Sedis",NA,0,0
"ASV_20740","Bacteria","Bacteroidota","Bacteroidia","Sphingobacteriales","AKYH767","Incertae_Sedis",NA,0,0
"ASV_20741","Bacteria","Bacteroidota","Bacteroidia","Sphingobacteriales","AKYH767","Incertae_Sedis",NA,0,9.94
"ASV_20742","Bacteria","Bacteroidota","Bacteroidia","Sphingobacteriales","AKYH767","Incertae_Sedis",NA,0,12.114
"ASV_20743","Bacteria","Bacteroidota","Bacteroidia","Sphingobacteriales","Incertae_Sedis","Incertae_Sedis",NA,4.974,0
"ASV_20744","Bacteria","Bacteroidota","Bacteroidia","Incertae_Sedis","Incertae_Sedis","Incertae_Sedis",NA,0.214,0
"ASV_20745","Bacteria","Bacteroidota","Bacteroidia","Sphingobacteriales","Sphingobacteriaceae","Solitalea",NA,61.574,0
"ASV_20746","Bacteria","Bacteroidota","Bacteroidia","Incertae_Sedis","Incertae_Sedis","Incertae_Sedis",NA,71.382,0
"ASV_20747","Bacteria","Bacteroidota","Bacteroidia","Bacteroidales","Incertae_Sedis","Incertae_Sedis",NA,79.144,0
"ASV_20748","Bacteria","Bacteroidota","Bacteroidia","Bacteroidales","Paludibacteraceae","Incertae_Sedis",NA,18.348,0
"ASV_20749","Bacteria","Bacteroidota","Bacteroidia","Sphingobacteriales","NS11-12_marine_group","Incertae_Sedis",NA,0,4.912
"ASV_20750","Bacteria","Bacteroidota","Bacteroidia","Sphingobacteriales","NS11-12_marine_group","Incertae_Sedis",NA,0,0
"ASV_20751","Bacteria","Bacteroidota","Bacteroidia","Sphingobacteriales","NS11-12_marine_group","Incertae_Sedis",NA,5.158,5.098
"ASV_20752","Bacteria","Bacteroidota","Bacteroidia","Sphingobacteriales","NS11-12_marine_group","Incertae_Sedis",NA,0,0
"ASV_20753","Bacteria","Bacteroidota","Bacteroidia","Sphingobacteriales","NS11-12_marine_group","Incertae_Sedis",NA,0.648,0
"ASV_20754","Bacteria","Bacteroidota","Bacteroidia","Sphingobacteriales","Incertae_Sedis","Incertae_Sedis",NA,0,0
"ASV_20755","Bacteria","Bacteroidota","Bacteroidia","Sphingobacteriales","Incertae_Sedis","Incertae_Sedis",NA,24.87,0
"ASV_20756","Bacteria","Bacteroidota","Bacteroidia","Sphingobacteriales","Incertae_Sedis","Incertae_Sedis",NA,10.062,0
"ASV_20757","Bacteria","Bacteroidota","Bacteroidia","Sphingobacteriales","Incertae_Sedis","Incertae_Sedis",NA,7.654,22.942
"ASV_20758","Bacteria","Bacteroidota","Bacteroidia","Sphingobacteriales","NS11-12_marine_group","Incertae_Sedis",NA,11.222,4.016
"ASV_20759","Bacteria","Bacteroidota","Bacteroidia","Sphingobacteriales","NS11-12_marine_group","Incertae_Sedis",NA,0,0
"ASV_20760","Bacteria","Bacteroidota","Bacteroidia","Sphingobacteriales","NS11-12_marine_group","Incertae_Sedis",NA,0,0
"ASV_20761","Bacteria","Bacteroidota","Bacteroidia","Sphingobacteriales","NS11-12_marine_group","Incertae_Sedis",NA,0.926,0
"ASV_20762","Bacteria","Bacteroidota","Bacteroidia","Sphingobacteriales","NS11-12_marine_group","Incertae_Sedis",NA,0,0
"ASV_20763","Bacteria","Bacteroidota","Bacteroidia","Sphingobacteriales","NS11-12_marine_group","Incertae_Sedis",NA,14.83,0
"ASV_20764","Bacteria","Bacteroidota","Bacteroidia","Sphingobacteriales","NS11-12_marine_group","Incertae_Sedis",NA,0,1.104
"ASV_20765","Bacteria","Bacteroidota","Bacteroidia","Sphingobacteriales","NS11-12_marine_group","Incertae_Sedis",NA,8.514,3.196
"ASV_20766","Bacteria","Bacteroidota","Bacteroidia","Sphingobacteriales","NS11-12_marine_group","Incertae_Sedis",NA,0,0.58
"ASV_20767","Bacteria","Bacteroidota","Bacteroidia","Sphingobacteriales","NS11-12_marine_group","Incertae_Sedis",NA,0.182,0.772
"ASV_20768","Bacteria","Bacteroidota","Bacteroidia","Sphingobacteriales","NS11-12_marine_group","Incertae_Sedis",NA,1.508,0
"ASV_20769","Bacteria","Bacteroidota","Bacteroidia","Sphingobacteriales","NS11-12_marine_group","Incertae_Sedis",NA,0,0.402
"ASV_20770","Bacteria","Bacteroidota","Bacteroidia","Sphingobacteriales","NS11-12_marine_group","Incertae_Sedis",NA,10.148,0
"ASV_20771","Bacteria","Bacteroidota","Bacteroidia","Sphingobacteriales","NS11-12_marine_group","Incertae_Sedis",NA,0,4.486
"ASV_20772","Bacteria","Bacteroidota","Bacteroidia","Sphingobacteriales","NS11-12_marine_group","Incertae_Sedis",NA,0,0
"ASV_20773","Bacteria","Bacteroidota","Bacteroidia","Sphingobacteriales","NS11-12_marine_group","Incertae_Sedis",NA,0,0.814
"ASV_20774","Bacteria","Bacteroidota","Bacteroidia","Sphingobacteriales","NS11-12_marine_group","Incertae_Sedis",NA,0,1.19
"ASV_20775","Bacteria","Bacteroidota","Bacteroidia","Sphingobacteriales","NS11-12_marine_group","Incertae_Sedis",NA,0,1.654
"ASV_20776","Bacteria","Bacteroidota","Bacteroidia","Sphingobacteriales","NS11-12_marine_group","Incertae_Sedis",NA,9.388,0
"ASV_20777","Bacteria","Bacteroidota","Bacteroidia","Sphingobacteriales","NS11-12_marine_group","Incertae_Sedis",NA,0,0
"ASV_20778","Bacteria","Bacteroidota","Bacteroidia","Sphingobacteriales","NS11-12_marine_group","Incertae_Sedis",NA,0,0
"ASV_20779","Bacteria","Bacteroidota","Bacteroidia","Sphingobacteriales","NS11-12_marine_group","Incertae_Sedis",NA,0.328,0
"ASV_20780","Bacteria","Bacteroidota","Bacteroidia","Sphingobacteriales","NS11-12_marine_group","Incertae_Sedis",NA,1.536,0
"ASV_20781","Bacteria","Bacteroidota","Bacteroidia","Sphingobacteriales","NS11-12_marine_group","Incertae_Sedis",NA,0.41,0
"ASV_20782","Bacteria","Bacteroidota","Bacteroidia","Sphingobacteriales","NS11-12_marine_group","Incertae_Sedis",NA,0.194,0
"ASV_20783","Bacteria","Bacteroidota","Bacteroidia","Sphingobacteriales","NS11-12_marine_group","Incertae_Sedis",NA,3.324,0
"ASV_20784","Bacteria","Bacteroidota","Bacteroidia","Sphingobacteriales","NS11-12_marine_group","Incertae_Sedis",NA,0,0
"ASV_20785","Bacteria","Bacteroidota","Bacteroidia","Sphingobacteriales","NS11-12_marine_group","Incertae_Sedis",NA,8.422,15.486
"ASV_20786","Bacteria","Bacteroidota","Bacteroidia","Sphingobacteriales","NS11-12_marine_group","Incertae_Sedis",NA,0,0
"ASV_20787","Bacteria","Bacteroidota","Bacteroidia","Sphingobacteriales","NS11-12_marine_group","Incertae_Sedis",NA,3.878,0
"ASV_20788","Bacteria","Bacteroidota","Bacteroidia","Sphingobacteriales","NS11-12_marine_group","Incertae_Sedis",NA,26.152,18.628
"ASV_20789","Bacteria","Bacteroidota","Bacteroidia","Sphingobacteriales","NS11-12_marine_group","Incertae_Sedis",NA,0,5.432
"ASV_20790","Bacteria","Bacteroidota","Bacteroidia","Sphingobacteriales","NS11-12_marine_group","Incertae_Sedis",NA,6.154,0
"ASV_20791","Bacteria","Bacteroidota","Bacteroidia","Sphingobacteriales","NS11-12_marine_group","Incertae_Sedis",NA,6.33,0
"ASV_20792","Bacteria","Bacteroidota","Bacteroidia","Sphingobacteriales","NS11-12_marine_group","Incertae_Sedis",NA,0.774,0
"ASV_20793","Bacteria","Bacteroidota","Bacteroidia","Sphingobacteriales","NS11-12_marine_group","Incertae_Sedis",NA,0,4.176
"ASV_20794","Bacteria","Bacteroidota","Bacteroidia","Sphingobacteriales","NS11-12_marine_group","Incertae_Sedis",NA,13.13,0
"ASV_20795","Bacteria","Bacteroidota","Bacteroidia","Sphingobacteriales","NS11-12_marine_group","Incertae_Sedis",NA,5.33,0
"ASV_20796","Bacteria","Bacteroidota","Bacteroidia","Sphingobacteriales","NS11-12_marine_group","Incertae_Sedis",NA,9.088,0
"ASV_20797","Bacteria","Bacteroidota","Bacteroidia","Sphingobacteriales","NS11-12_marine_group","Incertae_Sedis",NA,3.874,0
"ASV_20798","Bacteria","Bacteroidota","Bacteroidia","Sphingobacteriales","NS11-12_marine_group","Incertae_Sedis",NA,1.046,0
"ASV_20799","Bacteria","Bacteroidota","Bacteroidia","Sphingobacteriales","NS11-12_marine_group","Incertae_Sedis",NA,5.57,0
"ASV_20800","Bacteria","Bacteroidota","Bacteroidia","Sphingobacteriales","NS11-12_marine_group","Incertae_Sedis",NA,20.684,0
"ASV_20801","Bacteria","Bacteroidota","Bacteroidia","Sphingobacteriales","NS11-12_marine_group","Incertae_Sedis",NA,7.248,0
"ASV_20802","Bacteria","Bacteroidota","Bacteroidia","Sphingobacteriales","NS11-12_marine_group","Incertae_Sedis",NA,0,1.942
"ASV_20803","Bacteria","Bacteroidota","Bacteroidia","Sphingobacteriales","NS11-12_marine_group","Incertae_Sedis",NA,8.976,0
"ASV_20804","Bacteria","Bacteroidota","Bacteroidia","Sphingobacteriales","NS11-12_marine_group","Incertae_Sedis",NA,0,0
"ASV_20805","Bacteria","Bacteroidota","Bacteroidia","Sphingobacteriales","NS11-12_marine_group","Incertae_Sedis",NA,6.47,0
"ASV_20806","Bacteria","Bacteroidota","Bacteroidia","Sphingobacteriales","NS11-12_marine_group","Incertae_Sedis",NA,16.2,0
"ASV_20807","Bacteria","Bacteroidota","Bacteroidia","Sphingobacteriales","NS11-12_marine_group","Incertae_Sedis",NA,2.496,0
"ASV_20808","Bacteria","Bacteroidota","Bacteroidia","Sphingobacteriales","NS11-12_marine_group","Incertae_Sedis",NA,7.204,0
"ASV_20809","Bacteria","Bacteroidota","Bacteroidia","Sphingobacteriales","NS11-12_marine_group","Incertae_Sedis",NA,0.65,0
"ASV_20810","Bacteria","Bacteroidota","Bacteroidia","Sphingobacteriales","NS11-12_marine_group","Incertae_Sedis",NA,0,1.554
"ASV_20811","Bacteria","Bacteroidota","Bacteroidia","Sphingobacteriales","NS11-12_marine_group","Incertae_Sedis",NA,0,1.136
"ASV_20812","Bacteria","Bacteroidota","Bacteroidia","Sphingobacteriales","NS11-12_marine_group","Incertae_Sedis",NA,2.184,0
"ASV_20813","Bacteria","Bacteroidota","Bacteroidia","Sphingobacteriales","NS11-12_marine_group","Incertae_Sedis",NA,1.206,0
"ASV_20814","Bacteria","Bacteroidota","Bacteroidia","Sphingobacteriales","NS11-12_marine_group","Incertae_Sedis",NA,1.416,0
"ASV_20815","Bacteria","Bacteroidota","Bacteroidia","Sphingobacteriales","NS11-12_marine_group","Incertae_Sedis",NA,3.736,0
"ASV_20816","Bacteria","Bacteroidota","Bacteroidia","Sphingobacteriales","NS11-12_marine_group","Incertae_Sedis",NA,206,0
"ASV_20817","Bacteria","Bacteroidota","Bacteroidia","Sphingobacteriales","NS11-12_marine_group","Incertae_Sedis",NA,34.798,0
"ASV_20818","Bacteria","Bacteroidota","Bacteroidia","Sphingobacteriales","NS11-12_marine_group","Incertae_Sedis",NA,25.764,0
"ASV_20819","Bacteria","Bacteroidota","Bacteroidia","Sphingobacteriales","NS11-12_marine_group","Incertae_Sedis",NA,0,0
"ASV_20820","Bacteria","Bacteroidota","Bacteroidia","Sphingobacteriales","NS11-12_marine_group","Incertae_Sedis",NA,0.16,0
"ASV_20821","Bacteria","Bacteroidota","Bacteroidia","Sphingobacteriales","NS11-12_marine_group","Incertae_Sedis",NA,9.096,0
"ASV_20822","Bacteria","Bacteroidota","Bacteroidia","Sphingobacteriales","NS11-12_marine_group","Incertae_Sedis",NA,41.092,0
"ASV_20823","Bacteria","Bacteroidota","Bacteroidia","Sphingobacteriales","NS11-12_marine_group","Incertae_Sedis",NA,7.338,0
"ASV_20824","Bacteria","Bacteroidota","Bacteroidia","Sphingobacteriales","NS11-12_marine_group","Incertae_Sedis",NA,2.278,0
"ASV_20825","Bacteria","Bacteroidota","Bacteroidia","Sphingobacteriales","NS11-12_marine_group","Incertae_Sedis",NA,4.964,0
"ASV_20826","Bacteria","Bacteroidota","Bacteroidia","Sphingobacteriales","NS11-12_marine_group","Incertae_Sedis",NA,45.588,0
"ASV_20827","Bacteria","Bacteroidota","Bacteroidia","Sphingobacteriales","NS11-12_marine_group","Incertae_Sedis",NA,0,0
"ASV_20828","Bacteria","Bacteroidota","Bacteroidia","Sphingobacteriales","NS11-12_marine_group","Incertae_Sedis",NA,25.61,0
"ASV_20829","Bacteria","Bacteroidota","Bacteroidia","Sphingobacteriales","NS11-12_marine_group","Incertae_Sedis",NA,2.07,0
"ASV_20830","Bacteria","Bacteroidota","Bacteroidia","Sphingobacteriales","NS11-12_marine_group","Incertae_Sedis",NA,73.014,0
"ASV_20831","Bacteria","Bacteroidota","Bacteroidia","Sphingobacteriales","NS11-12_marine_group","Incertae_Sedis",NA,22.674,0.652
"ASV_20832","Bacteria","Bacteroidota","Bacteroidia","Sphingobacteriales","NS11-12_marine_group","Incertae_Sedis",NA,18.354,0
"ASV_20833","Bacteria","Bacteroidota","Bacteroidia","Sphingobacteriales","NS11-12_marine_group","Incertae_Sedis",NA,2.048,1.538
"ASV_20834","Bacteria","Bacteroidota","Bacteroidia","Sphingobacteriales","NS11-12_marine_group","Incertae_Sedis",NA,0,5.518
"ASV_20835","Bacteria","Bacteroidota","Bacteroidia","Sphingobacteriales","NS11-12_marine_group","Incertae_Sedis",NA,0,0.866
"ASV_20836","Bacteria","Bacteroidota","Bacteroidia","Sphingobacteriales","NS11-12_marine_group","Incertae_Sedis",NA,6.554,0
"ASV_20837","Bacteria","Bacteroidota","Bacteroidia","Sphingobacteriales","NS11-12_marine_group","Incertae_Sedis",NA,0,8.934
"ASV_20838","Bacteria","Bacteroidota","Bacteroidia","Sphingobacteriales","NS11-12_marine_group","Incertae_Sedis",NA,12.49,13.796
"ASV_20839","Bacteria","Bacteroidota","Bacteroidia","Sphingobacteriales","NS11-12_marine_group","Incertae_Sedis",NA,17.918,0
"ASV_20840","Bacteria","Bacteroidota","Bacteroidia","Incertae_Sedis","Incertae_Sedis","Incertae_Sedis",NA,12.054,0
"ASV_20841","Bacteria","Bacteroidota","Bacteroidia","Incertae_Sedis","Incertae_Sedis","Incertae_Sedis",NA,8.808,0
"ASV_20842","Bacteria","Bacteroidota","Bacteroidia","Incertae_Sedis","Incertae_Sedis","Incertae_Sedis",NA,0,0
"ASV_20843","Bacteria","Bacteroidota","Bacteroidia","Sphingobacteriales","Incertae_Sedis","Incertae_Sedis",NA,9.674,0
"ASV_20844","Bacteria","Bacteroidota","Bacteroidia","Sphingobacteriales","NS11-12_marine_group","Incertae_Sedis",NA,0.886,0
"ASV_20845","Bacteria","Bacteroidota","Bacteroidia","Sphingobacteriales","NS11-12_marine_group","Incertae_Sedis",NA,0.494,0
"ASV_20846","Bacteria","Bacteroidota","Bacteroidia","Sphingobacteriales","NS11-12_marine_group","Incertae_Sedis",NA,46.77,0
"ASV_20847","Bacteria","Bacteroidota","Bacteroidia","Sphingobacteriales","NS11-12_marine_group","Incertae_Sedis",NA,0,0
"ASV_20848","Bacteria","Bacteroidota","Bacteroidia","Sphingobacteriales","NS11-12_marine_group","Incertae_Sedis",NA,0,0
"ASV_20849","Bacteria","Bacteroidota","Bacteroidia","Sphingobacteriales","NS11-12_marine_group","Incertae_Sedis",NA,2.686,0
"ASV_20850","Bacteria","Bacteroidota","Bacteroidia","Sphingobacteriales","Incertae_Sedis","Incertae_Sedis",NA,1.696,0
"ASV_20851","Bacteria","Bacteroidota","Bacteroidia","Sphingobacteriales","NS11-12_marine_group","Incertae_Sedis",NA,0.632,0
"ASV_20852","Bacteria","Bacteroidota","Bacteroidia","Sphingobacteriales","Incertae_Sedis","Incertae_Sedis",NA,7.81,0
"ASV_20853","Bacteria","Bacteroidota","Bacteroidia","Incertae_Sedis","Incertae_Sedis","Incertae_Sedis",NA,0,5.414
"ASV_20854","Bacteria","Bacteroidota","Bacteroidia","Incertae_Sedis","Incertae_Sedis","Incertae_Sedis",NA,0,18.246
"ASV_20855","Bacteria","Bacteroidota","Bacteroidia","Incertae_Sedis","Incertae_Sedis","Incertae_Sedis",NA,0,1.942
"ASV_20856","Bacteria","Bacteroidota","Bacteroidia","Incertae_Sedis","Incertae_Sedis","Incertae_Sedis",NA,0,0
"ASV_20857","Bacteria","Bacteroidota","Bacteroidia","Sphingobacteriales","env.OPS_17","Incertae_Sedis",NA,0,0
"ASV_20858","Bacteria","Bacteroidota","Bacteroidia","Sphingobacteriales","Incertae_Sedis","Incertae_Sedis",NA,0,0
"ASV_20859","Bacteria","Bacteroidota","Bacteroidia","Sphingobacteriales","AKYH767","Incertae_Sedis",NA,17.374,0
"ASV_20860","Bacteria","Bacteroidota","Bacteroidia","Sphingobacteriales","AKYH767","Incertae_Sedis",NA,17.348,0
"ASV_20861","Bacteria","Bacteroidota","Bacteroidia","Sphingobacteriales","AKYH767","Incertae_Sedis",NA,1.228,0
"ASV_20862","Bacteria","Bacteroidota","Bacteroidia","Sphingobacteriales","AKYH767","Incertae_Sedis",NA,0,1.512
"ASV_20863","Bacteria","Bacteroidota","Bacteroidia","Sphingobacteriales","AKYH767","Incertae_Sedis",NA,11.036,0.558
"ASV_20864","Bacteria","Bacteroidota","Bacteroidia","Sphingobacteriales","AKYH767","Incertae_Sedis",NA,25.136,10.922
"ASV_20865","Bacteria","Bacteroidota","Bacteroidia","Sphingobacteriales","AKYH767","Incertae_Sedis",NA,3.978,0
"ASV_20866","Bacteria","Bacteroidota","Bacteroidia","Sphingobacteriales","AKYH767","Incertae_Sedis",NA,0,1.672
"ASV_20867","Bacteria","Bacteroidota","Bacteroidia","Sphingobacteriales","Incertae_Sedis","Incertae_Sedis",NA,0,2.948
"ASV_20868","Bacteria","Bacteroidota","Bacteroidia","Sphingobacteriales","Incertae_Sedis","Incertae_Sedis",NA,0,0
"ASV_20869","Bacteria","Bacteroidota","Bacteroidia","Sphingobacteriales","AKYH767","Incertae_Sedis",NA,2.966,0
"ASV_20870","Bacteria","Bacteroidota","Bacteroidia","Sphingobacteriales","AKYH767","Incertae_Sedis",NA,16.232,10.024
"ASV_20871","Bacteria","Bacteroidota","Bacteroidia","Sphingobacteriales","env.OPS_17","Incertae_Sedis",NA,0,2.592
"ASV_20872","Bacteria","Bacteroidota","Bacteroidia","Sphingobacteriales","env.OPS_17","Incertae_Sedis",NA,0,12.208
"ASV_20873","Bacteria","Bacteroidota","Bacteroidia","Sphingobacteriales","env.OPS_17","Incertae_Sedis",NA,0,0.41
"ASV_20874","Bacteria","Bacteroidota","Bacteroidia","Sphingobacteriales","env.OPS_17","Incertae_Sedis",NA,0,0
"ASV_20875","Bacteria","Bacteroidota","Bacteroidia","Sphingobacteriales","Incertae_Sedis","Incertae_Sedis",NA,0,0
"ASV_20876","Bacteria","Bacteroidota","Bacteroidia","Sphingobacteriales","env.OPS_17","Incertae_Sedis",NA,0,5.526
"ASV_20877","Bacteria","Bacteroidota","Bacteroidia","Sphingobacteriales","env.OPS_17","Incertae_Sedis",NA,0,0.388
"ASV_20878","Bacteria","Bacteroidota","Bacteroidia","Sphingobacteriales","env.OPS_17","Incertae_Sedis",NA,0,0
"ASV_20879","Bacteria","Bacteroidota","Bacteroidia","Incertae_Sedis","Incertae_Sedis","Incertae_Sedis",NA,0,0
"ASV_20880","Bacteria","Bacteroidota","Bacteroidia","Sphingobacteriales","env.OPS_17","Incertae_Sedis",NA,1.102,0
"ASV_20881","Bacteria","Bacteroidota","Bacteroidia","Sphingobacteriales","env.OPS_17","Incertae_Sedis",NA,1.372,0
"ASV_20882","Bacteria","Bacteroidota","Bacteroidia","Sphingobacteriales","Incertae_Sedis","Incertae_Sedis",NA,0.824,0
"ASV_20883","Bacteria","Bacteroidota","Bacteroidia","Sphingobacteriales","Incertae_Sedis","Incertae_Sedis",NA,0.81,0
"ASV_20884","Bacteria","Bacteroidota","Bacteroidia","Sphingobacteriales","Incertae_Sedis","Incertae_Sedis",NA,0,0
"ASV_20885","Bacteria","Bacteroidota","Bacteroidia","Sphingobacteriales","env.OPS_17","Incertae_Sedis",NA,0,0.316
"ASV_20886","Bacteria","Bacteroidota","Bacteroidia","Sphingobacteriales","env.OPS_17","Incertae_Sedis",NA,0,0
"ASV_20887","Bacteria","Bacteroidota","Bacteroidia","Sphingobacteriales","Incertae_Sedis","Incertae_Sedis",NA,0,0
"ASV_20888","Bacteria","Bacteroidota","Bacteroidia","Incertae_Sedis","Incertae_Sedis","Incertae_Sedis",NA,4.666,0
"ASV_20889","Bacteria","Bacteroidota","Bacteroidia","Sphingobacteriales","Incertae_Sedis","Incertae_Sedis",NA,1.082,0
"ASV_20890","Bacteria","Bacteroidota","Bacteroidia","Incertae_Sedis","Incertae_Sedis","Incertae_Sedis",NA,0.616,0
"ASV_20891","Bacteria","Bacteroidota","Bacteroidia","Sphingobacteriales","KD3-93","Incertae_Sedis",NA,0,4.044
"ASV_20892","Bacteria","Bacteroidota","Bacteroidia","Sphingobacteriales","KD3-93","Incertae_Sedis",NA,0,0
"ASV_20893","Bacteria","Bacteroidota","Bacteroidia","Sphingobacteriales","KD3-93","Incertae_Sedis",NA,0,0
"ASV_20894","Bacteria","Bacteroidota","Bacteroidia","Sphingobacteriales","KD3-93","Incertae_Sedis",NA,0,2.098
"ASV_20895","Bacteria","Bacteroidota","Bacteroidia","Sphingobacteriales","KD3-93","Incertae_Sedis",NA,14.56,20.126
"ASV_20896","Bacteria","Bacteroidota","Bacteroidia","Sphingobacteriales","KD3-93","Incertae_Sedis",NA,5.002,0
"ASV_20897","Bacteria","Bacteroidota","Bacteroidia","Sphingobacteriales","KD3-93","Incertae_Sedis",NA,5.736,2.368
"ASV_20898","Bacteria","Bacteroidota","Bacteroidia","Sphingobacteriales","KD3-93","Incertae_Sedis",NA,18.724,0
"ASV_20899","Bacteria","Bacteroidota","Bacteroidia","Sphingobacteriales","KD3-93","Incertae_Sedis",NA,0,0.826
"ASV_20900","Bacteria","Bacteroidota","Bacteroidia","Sphingobacteriales","KD3-93","Incertae_Sedis",NA,1.148,0
"ASV_20901","Bacteria","Bacteroidota","Bacteroidia","Sphingobacteriales","KD3-93","Incertae_Sedis",NA,0,0
"ASV_20902","Bacteria","Bacteroidota","Bacteroidia","Sphingobacteriales","Incertae_Sedis","Incertae_Sedis",NA,10.354,0
"ASV_20903","Bacteria","Bacteroidota","Bacteroidia","Sphingobacteriales","Incertae_Sedis","Incertae_Sedis",NA,8.582,0
"ASV_20904","Bacteria","Bacteroidota","Bacteroidia","Sphingobacteriales","LiUU-11-161","Incertae_Sedis",NA,4.63,0
"ASV_20905","Bacteria","Bacteroidota","Bacteroidia","Sphingobacteriales","LiUU-11-161","Incertae_Sedis",NA,2.464,0
"ASV_20906","Bacteria","Bacteroidota","Bacteroidia","Sphingobacteriales","LiUU-11-161","Incertae_Sedis",NA,5.48,0
"ASV_20907","Bacteria","Bacteroidota","Bacteroidia","Sphingobacteriales","LiUU-11-161","Incertae_Sedis",NA,0,0
"ASV_20908","Bacteria","Bacteroidota","Bacteroidia","Sphingobacteriales","LiUU-11-161","Incertae_Sedis",NA,1.904,0
"ASV_20909","Bacteria","Bacteroidota","Bacteroidia","Sphingobacteriales","KD3-93","Incertae_Sedis",NA,0,0.514
"ASV_20910","Bacteria","Bacteroidota","Bacteroidia","Sphingobacteriales","KD3-93","Incertae_Sedis",NA,0,0
"ASV_20911","Bacteria","Bacteroidota","Bacteroidia","Sphingobacteriales","KD3-93","Incertae_Sedis",NA,0,0.62
"ASV_20912","Bacteria","Bacteroidota","Bacteroidia","Sphingobacteriales","env.OPS_17","Incertae_Sedis",NA,2.508,0
"ASV_20913","Bacteria","Bacteroidota","Bacteroidia","Sphingobacteriales","Incertae_Sedis","Incertae_Sedis",NA,0.486,0
"ASV_20914","Bacteria","Bacteroidota","Bacteroidia","Sphingobacteriales","AKYH767","Incertae_Sedis",NA,0,0
"ASV_20915","Bacteria","Bacteroidota","Bacteroidia","Sphingobacteriales","Incertae_Sedis","Incertae_Sedis",NA,0,2.198
"ASV_20916","Bacteria","Bacteroidota","Bacteroidia","Sphingobacteriales","Incertae_Sedis","Incertae_Sedis",NA,11.808,1.468
"ASV_20917","Bacteria","Bacteroidota","Bacteroidia","Sphingobacteriales","Incertae_Sedis","Incertae_Sedis",NA,0,0
"ASV_20918","Bacteria","Bacteroidota","Bacteroidia","Sphingobacteriales","Incertae_Sedis","Incertae_Sedis",NA,0.84,2.544
"ASV_20919","Bacteria","Bacteroidota","Bacteroidia","Sphingobacteriales","Incertae_Sedis","Incertae_Sedis",NA,2.278,3.396
"ASV_20920","Bacteria","Bacteroidota","Bacteroidia","Sphingobacteriales","Incertae_Sedis","Incertae_Sedis",NA,0,0
"ASV_20921","Bacteria","Bacteroidota","Bacteroidia","Sphingobacteriales","Incertae_Sedis","Incertae_Sedis",NA,2.702,0
"ASV_20922","Bacteria","Bacteroidota","Bacteroidia","Sphingobacteriales","Incertae_Sedis","Incertae_Sedis",NA,0,0.648
"ASV_20923","Bacteria","Bacteroidota","Bacteroidia","Sphingobacteriales","env.OPS_17","Incertae_Sedis",NA,0,0
"ASV_20924","Bacteria","Bacteroidota","Bacteroidia","Sphingobacteriales","env.OPS_17","Incertae_Sedis",NA,0,12.08
"ASV_20925","Bacteria","Bacteroidota","Bacteroidia","Sphingobacteriales","env.OPS_17","Incertae_Sedis",NA,5.922,0.736
"ASV_20926","Bacteria","Bacteroidota","Bacteroidia","Sphingobacteriales","env.OPS_17","Incertae_Sedis",NA,7.972,0
"ASV_20927","Bacteria","Bacteroidota","Bacteroidia","Sphingobacteriales","env.OPS_17","Incertae_Sedis",NA,0,0.49
"ASV_20928","Bacteria","Bacteroidota","Bacteroidia","Sphingobacteriales","env.OPS_17","Incertae_Sedis",NA,87.87,0
"ASV_20929","Bacteria","Bacteroidota","Bacteroidia","Sphingobacteriales","env.OPS_17","Incertae_Sedis",NA,1.962,0
"ASV_20930","Bacteria","Bacteroidota","Bacteroidia","Sphingobacteriales","env.OPS_17","Incertae_Sedis",NA,162.772,23.314
"ASV_20931","Bacteria","Bacteroidota","Bacteroidia","Sphingobacteriales","env.OPS_17","Incertae_Sedis",NA,63.238,4.96
"ASV_20932","Bacteria","Bacteroidota","Bacteroidia","Sphingobacteriales","env.OPS_17","Incertae_Sedis",NA,108.128,2.898
"ASV_20933","Bacteria","Bacteroidota","Bacteroidia","Sphingobacteriales","env.OPS_17","Incertae_Sedis",NA,53.98,13.218
"ASV_20934","Bacteria","Bacteroidota","Bacteroidia","Sphingobacteriales","env.OPS_17","Incertae_Sedis",NA,18.696,0
"ASV_20935","Bacteria","Bacteroidota","Bacteroidia","Sphingobacteriales","env.OPS_17","Incertae_Sedis",NA,0,0
"ASV_20936","Bacteria","Bacteroidota","Bacteroidia","Sphingobacteriales","env.OPS_17","Incertae_Sedis",NA,243.264,14.512
"ASV_20937","Bacteria","Bacteroidota","Bacteroidia","Sphingobacteriales","env.OPS_17","Incertae_Sedis",NA,30.358,0
"ASV_20938","Bacteria","Bacteroidota","Bacteroidia","Sphingobacteriales","env.OPS_17","Incertae_Sedis",NA,15.496,0
"ASV_20939","Bacteria","Bacteroidota","Bacteroidia","Sphingobacteriales","env.OPS_17","Incertae_Sedis",NA,0,0.952
"ASV_20940","Bacteria","Bacteroidota","Bacteroidia","Sphingobacteriales","env.OPS_17","Incertae_Sedis",NA,0,0
"ASV_20941","Bacteria","Bacteroidota","Bacteroidia","Sphingobacteriales","env.OPS_17","Incertae_Sedis",NA,26.474,12.91
"ASV_20942","Bacteria","Bacteroidota","Bacteroidia","Sphingobacteriales","env.OPS_17","Incertae_Sedis",NA,0,0
"ASV_20943","Bacteria","Bacteroidota","Bacteroidia","Sphingobacteriales","env.OPS_17","Incertae_Sedis",NA,12.59,11.118
"ASV_20944","Bacteria","Bacteroidota","Bacteroidia","Sphingobacteriales","env.OPS_17","Incertae_Sedis",NA,0,1.852
"ASV_20945","Bacteria","Bacteroidota","Bacteroidia","Sphingobacteriales","env.OPS_17","Incertae_Sedis",NA,0,3.624
"ASV_20946","Bacteria","Bacteroidota","Bacteroidia","Sphingobacteriales","env.OPS_17","Incertae_Sedis",NA,0,0
"ASV_20947","Bacteria","Bacteroidota","Bacteroidia","Sphingobacteriales","env.OPS_17","Incertae_Sedis",NA,1.384,0
"ASV_20948","Bacteria","Bacteroidota","Bacteroidia","Sphingobacteriales","env.OPS_17","Incertae_Sedis",NA,0,0.548
"ASV_20949","Bacteria","Bacteroidota","Bacteroidia","Sphingobacteriales","env.OPS_17","Incertae_Sedis",NA,0,0.966
"ASV_20950","Bacteria","Bacteroidota","Bacteroidia","Sphingobacteriales","env.OPS_17","Incertae_Sedis",NA,0,1.81
"ASV_20951","Bacteria","Bacteroidota","Bacteroidia","Sphingobacteriales","env.OPS_17","Incertae_Sedis",NA,2.314,1.104
"ASV_20952","Bacteria","Bacteroidota","Bacteroidia","Sphingobacteriales","env.OPS_17","Incertae_Sedis",NA,26.442,29.342
"ASV_20953","Bacteria","Bacteroidota","Bacteroidia","Sphingobacteriales","env.OPS_17","Incertae_Sedis",NA,0,0
"ASV_20954","Bacteria","Bacteroidota","Bacteroidia","Sphingobacteriales","env.OPS_17","Incertae_Sedis",NA,0,1.524
"ASV_20955","Bacteria","Bacteroidota","Bacteroidia","Sphingobacteriales","env.OPS_17","Incertae_Sedis",NA,0,2.302
"ASV_20956","Bacteria","Bacteroidota","Bacteroidia","Sphingobacteriales","env.OPS_17","Incertae_Sedis",NA,0,3.122
"ASV_20957","Bacteria","Bacteroidota","Bacteroidia","Sphingobacteriales","env.OPS_17","Incertae_Sedis",NA,0,1.334
"ASV_20958","Bacteria","Bacteroidota","Bacteroidia","Sphingobacteriales","env.OPS_17","Incertae_Sedis",NA,0,0
"ASV_20959","Bacteria","Bacteroidota","Bacteroidia","Sphingobacteriales","env.OPS_17","Incertae_Sedis",NA,0,14.688
"ASV_20960","Bacteria","Bacteroidota","Bacteroidia","Sphingobacteriales","env.OPS_17","Incertae_Sedis",NA,0,0
"ASV_20961","Bacteria","Bacteroidota","Bacteroidia","Sphingobacteriales","env.OPS_17","Incertae_Sedis",NA,9.156,14.938
"ASV_20962","Bacteria","Bacteroidota","Bacteroidia","Sphingobacteriales","env.OPS_17","Incertae_Sedis",NA,0,5.74
"ASV_20963","Bacteria","Bacteroidota","Bacteroidia","Sphingobacteriales","env.OPS_17","Incertae_Sedis",NA,0,2.746
"ASV_20964","Bacteria","Bacteroidota","Bacteroidia","Sphingobacteriales","env.OPS_17","Incertae_Sedis",NA,1.32,0
"ASV_20965","Bacteria","Bacteroidota","Bacteroidia","Sphingobacteriales","env.OPS_17","Incertae_Sedis",NA,0,0
"ASV_20966","Bacteria","Bacteroidota","Bacteroidia","Sphingobacteriales","env.OPS_17","Incertae_Sedis",NA,69.058,0
"ASV_20967","Bacteria","Bacteroidota","Bacteroidia","Sphingobacteriales","env.OPS_17","Incertae_Sedis",NA,0,1.818
"ASV_20968","Bacteria","Bacteroidota","Bacteroidia","Sphingobacteriales","env.OPS_17","Incertae_Sedis",NA,0,4.464
"ASV_20969","Bacteria","Bacteroidota","Bacteroidia","Sphingobacteriales","env.OPS_17","Incertae_Sedis",NA,0,2.062
"ASV_20970","Bacteria","Bacteroidota","Bacteroidia","Sphingobacteriales","env.OPS_17","Incertae_Sedis",NA,0,0
"ASV_20971","Bacteria","Bacteroidota","Bacteroidia","Sphingobacteriales","env.OPS_17","Incertae_Sedis",NA,1.444,0
"ASV_20972","Bacteria","Bacteroidota","Bacteroidia","Sphingobacteriales","env.OPS_17","Incertae_Sedis",NA,0,2.038
"ASV_20973","Bacteria","Bacteroidota","Bacteroidia","Sphingobacteriales","env.OPS_17","Incertae_Sedis",NA,4.288,0
"ASV_20974","Bacteria","Bacteroidota","Bacteroidia","Sphingobacteriales","env.OPS_17","Incertae_Sedis",NA,2.774,0
"ASV_20975","Bacteria","Bacteroidota","Bacteroidia","Sphingobacteriales","env.OPS_17","Incertae_Sedis",NA,3.452,0
"ASV_20976","Bacteria","Bacteroidota","Bacteroidia","Sphingobacteriales","env.OPS_17","Incertae_Sedis",NA,6.032,0
"ASV_20977","Bacteria","Bacteroidota","Bacteroidia","Sphingobacteriales","env.OPS_17","Incertae_Sedis",NA,5.068,0
"ASV_20978","Bacteria","Bacteroidota","Bacteroidia","Sphingobacteriales","env.OPS_17","Incertae_Sedis",NA,13.322,0
"ASV_20979","Bacteria","Bacteroidota","Bacteroidia","Sphingobacteriales","env.OPS_17","Incertae_Sedis",NA,3.664,0
"ASV_20980","Bacteria","Bacteroidota","Bacteroidia","Sphingobacteriales","env.OPS_17","Incertae_Sedis",NA,0,2.422
"ASV_20981","Bacteria","Bacteroidota","Bacteroidia","Sphingobacteriales","env.OPS_17","Incertae_Sedis",NA,0,1.736
"ASV_20982","Bacteria","Bacteroidota","Bacteroidia","Sphingobacteriales","env.OPS_17","Incertae_Sedis",NA,0,0
"ASV_20983","Bacteria","Bacteroidota","Bacteroidia","Sphingobacteriales","env.OPS_17","Incertae_Sedis",NA,0,0
"ASV_20984","Bacteria","Bacteroidota","Bacteroidia","Sphingobacteriales","env.OPS_17","Incertae_Sedis",NA,0,1.674
"ASV_20985","Bacteria","Bacteroidota","Bacteroidia","Sphingobacteriales","env.OPS_17","Incertae_Sedis",NA,0,0
"ASV_20986","Bacteria","Bacteroidota","Bacteroidia","Sphingobacteriales","env.OPS_17","Incertae_Sedis",NA,4.358,0
"ASV_20987","Bacteria","Bacteroidota","Bacteroidia","Sphingobacteriales","env.OPS_17","Incertae_Sedis",NA,0,0
"ASV_20988","Bacteria","Bacteroidota","Bacteroidia","Sphingobacteriales","env.OPS_17","Incertae_Sedis",NA,0,0
"ASV_20989","Bacteria","Bacteroidota","Bacteroidia","Sphingobacteriales","env.OPS_17","Incertae_Sedis",NA,0,1.366
"ASV_20990","Bacteria","Bacteroidota","Bacteroidia","Sphingobacteriales","env.OPS_17","Incertae_Sedis",NA,22.588,19.918
"ASV_20991","Bacteria","Bacteroidota","Bacteroidia","Sphingobacteriales","env.OPS_17","Incertae_Sedis",NA,12.7,0
"ASV_20992","Bacteria","Bacteroidota","Bacteroidia","Sphingobacteriales","env.OPS_17","Incertae_Sedis",NA,1.788,1.496
"ASV_20993","Bacteria","Bacteroidota","Bacteroidia","Sphingobacteriales","env.OPS_17","Incertae_Sedis",NA,3.69,0
"ASV_20994","Bacteria","Bacteroidota","Bacteroidia","Sphingobacteriales","env.OPS_17","Incertae_Sedis",NA,0,12.32
"ASV_20995","Bacteria","Bacteroidota","Bacteroidia","Sphingobacteriales","env.OPS_17","Incertae_Sedis",NA,0,0
"ASV_20996","Bacteria","Bacteroidota","Bacteroidia","Sphingobacteriales","env.OPS_17","Incertae_Sedis",NA,4.858,49.308
"ASV_20997","Bacteria","Bacteroidota","Bacteroidia","Sphingobacteriales","env.OPS_17","Incertae_Sedis",NA,0,4.694
"ASV_20998","Bacteria","Bacteroidota","Bacteroidia","Sphingobacteriales","env.OPS_17","Incertae_Sedis",NA,48.252,0
"ASV_20999","Bacteria","Bacteroidota","Bacteroidia","Sphingobacteriales","env.OPS_17","Incertae_Sedis",NA,0,0
"ASV_21000","Bacteria","Bacteroidota","Bacteroidia","Sphingobacteriales","env.OPS_17","Incertae_Sedis",NA,9.728,0
"ASV_21001","Bacteria","Bacteroidota","Bacteroidia","Sphingobacteriales","env.OPS_17","Incertae_Sedis",NA,22.85,0
"ASV_21002","Bacteria","Bacteroidota","Bacteroidia","Sphingobacteriales","env.OPS_17","Incertae_Sedis",NA,0,0
"ASV_21003","Bacteria","Bacteroidota","Bacteroidia","Sphingobacteriales","env.OPS_17","Incertae_Sedis",NA,6.394,0
"ASV_21004","Bacteria","Bacteroidota","Bacteroidia","Sphingobacteriales","env.OPS_17","Incertae_Sedis",NA,1.47,0
"ASV_21005","Bacteria","Bacteroidota","Bacteroidia","Sphingobacteriales","env.OPS_17","Incertae_Sedis",NA,0,0
"ASV_21006","Bacteria","Bacteroidota","Bacteroidia","Sphingobacteriales","env.OPS_17","Incertae_Sedis",NA,0,1.656
"ASV_21007","Bacteria","Bacteroidota","Bacteroidia","Sphingobacteriales","env.OPS_17","Incertae_Sedis",NA,34.094,9.496
"ASV_21008","Bacteria","Bacteroidota","Bacteroidia","Sphingobacteriales","env.OPS_17","Incertae_Sedis",NA,0,23.92
"ASV_21009","Bacteria","Bacteroidota","Bacteroidia","Sphingobacteriales","env.OPS_17","Incertae_Sedis",NA,92.478,0
"ASV_21010","Bacteria","Bacteroidota","Bacteroidia","Sphingobacteriales","env.OPS_17","Incertae_Sedis",NA,14.24,0
"ASV_21011","Bacteria","Bacteroidota","Bacteroidia","Sphingobacteriales","env.OPS_17","Incertae_Sedis",NA,0,0
"ASV_21012","Bacteria","Bacteroidota","Bacteroidia","Sphingobacteriales","env.OPS_17","Incertae_Sedis",NA,44.814,0.762
"ASV_21013","Bacteria","Bacteroidota","Bacteroidia","Sphingobacteriales","env.OPS_17","Incertae_Sedis",NA,6.9,0
"ASV_21014","Bacteria","Bacteroidota","Bacteroidia","Sphingobacteriales","env.OPS_17","Incertae_Sedis",NA,0,1.26
"ASV_21015","Bacteria","Bacteroidota","Bacteroidia","Sphingobacteriales","env.OPS_17","Incertae_Sedis",NA,9.336,0
"ASV_21016","Bacteria","Bacteroidota","Bacteroidia","Sphingobacteriales","env.OPS_17","Incertae_Sedis",NA,1.104,0
"ASV_21017","Bacteria","Bacteroidota","Bacteroidia","Sphingobacteriales","env.OPS_17","Incertae_Sedis",NA,17.04,0
"ASV_21018","Bacteria","Bacteroidota","Bacteroidia","Sphingobacteriales","env.OPS_17","Incertae_Sedis",NA,0,18.586
"ASV_21019","Bacteria","Bacteroidota","Bacteroidia","Sphingobacteriales","env.OPS_17","Incertae_Sedis",NA,0,21.532
"ASV_21020","Bacteria","Bacteroidota","Bacteroidia","Sphingobacteriales","env.OPS_17","Incertae_Sedis",NA,0,1.304
"ASV_21021","Bacteria","Bacteroidota","Bacteroidia","Sphingobacteriales","env.OPS_17","Incertae_Sedis",NA,0,0
"ASV_21022","Bacteria","Bacteroidota","Bacteroidia","Sphingobacteriales","env.OPS_17","Incertae_Sedis",NA,8.79,0
"ASV_21023","Bacteria","Bacteroidota","Bacteroidia","Sphingobacteriales","env.OPS_17","Incertae_Sedis",NA,34.732,0
"ASV_21024","Bacteria","Bacteroidota","Bacteroidia","Sphingobacteriales","env.OPS_17","Incertae_Sedis",NA,2.948,0
"ASV_21025","Bacteria","Bacteroidota","Bacteroidia","Sphingobacteriales","env.OPS_17","Incertae_Sedis",NA,15.014,0
"ASV_21026","Bacteria","Bacteroidota","Bacteroidia","Sphingobacteriales","env.OPS_17","Incertae_Sedis",NA,3.796,0
"ASV_21027","Bacteria","Bacteroidota","Bacteroidia","Sphingobacteriales","env.OPS_17","Incertae_Sedis",NA,1.374,0
"ASV_21028","Bacteria","Bacteroidota","Bacteroidia","Sphingobacteriales","env.OPS_17","Incertae_Sedis",NA,79.638,0
"ASV_21029","Bacteria","Bacteroidota","Bacteroidia","Sphingobacteriales","env.OPS_17","Incertae_Sedis",NA,36.878,1.51
"ASV_21030","Bacteria","Bacteroidota","Bacteroidia","Sphingobacteriales","env.OPS_17","Incertae_Sedis",NA,19.43,0
"ASV_21031","Bacteria","Bacteroidota","Bacteroidia","Sphingobacteriales","env.OPS_17","Incertae_Sedis",NA,5.268,0
"ASV_21032","Bacteria","Bacteroidota","Bacteroidia","Sphingobacteriales","env.OPS_17","Incertae_Sedis",NA,5.072,0
"ASV_21033","Bacteria","Bacteroidota","Bacteroidia","Sphingobacteriales","env.OPS_17","Incertae_Sedis",NA,0,0
"ASV_21034","Bacteria","Bacteroidota","Bacteroidia","Sphingobacteriales","env.OPS_17","Incertae_Sedis",NA,18.122,0
"ASV_21035","Bacteria","Bacteroidota","Bacteroidia","Sphingobacteriales","env.OPS_17","Incertae_Sedis",NA,18.756,0
"ASV_21036","Bacteria","Bacteroidota","Bacteroidia","Sphingobacteriales","env.OPS_17","Incertae_Sedis",NA,0,0
"ASV_21037","Bacteria","Bacteroidota","Bacteroidia","Sphingobacteriales","env.OPS_17","Incertae_Sedis",NA,1.426,0
"ASV_21038","Bacteria","Bacteroidota","Bacteroidia","Sphingobacteriales","env.OPS_17","Incertae_Sedis",NA,0,0
"ASV_21039","Bacteria","Bacteroidota","Bacteroidia","Sphingobacteriales","env.OPS_17","Incertae_Sedis",NA,2.43,0
"ASV_21040","Bacteria","Bacteroidota","Bacteroidia","Sphingobacteriales","env.OPS_17","Incertae_Sedis",NA,0,7.312
"ASV_21041","Bacteria","Bacteroidota","Bacteroidia","Sphingobacteriales","env.OPS_17","Incertae_Sedis",NA,0,28.394
"ASV_21042","Bacteria","Bacteroidota","Bacteroidia","Sphingobacteriales","env.OPS_17","Incertae_Sedis",NA,0,4.342
"ASV_21043","Bacteria","Bacteroidota","Bacteroidia","Sphingobacteriales","env.OPS_17","Incertae_Sedis",NA,2.322,0
"ASV_21044","Bacteria","Bacteroidota","Bacteroidia","Sphingobacteriales","env.OPS_17","Incertae_Sedis",NA,0,3.816
"ASV_21045","Bacteria","Bacteroidota","Bacteroidia","Sphingobacteriales","env.OPS_17","Incertae_Sedis",NA,0,0
"ASV_21046","Bacteria","Bacteroidota","Bacteroidia","Sphingobacteriales","env.OPS_17","Incertae_Sedis",NA,0,1.82
"ASV_21047","Bacteria","Bacteroidota","Bacteroidia","Sphingobacteriales","env.OPS_17","Incertae_Sedis",NA,0,0.794
"ASV_21048","Bacteria","Bacteroidota","Bacteroidia","Sphingobacteriales","env.OPS_17","Incertae_Sedis",NA,0,0.92
"ASV_21049","Bacteria","Bacteroidota","Bacteroidia","Sphingobacteriales","env.OPS_17","Incertae_Sedis",NA,40.438,0
"ASV_21050","Bacteria","Bacteroidota","Bacteroidia","Sphingobacteriales","env.OPS_17","Incertae_Sedis",NA,14.948,0
"ASV_21051","Bacteria","Bacteroidota","Bacteroidia","Sphingobacteriales","env.OPS_17","Incertae_Sedis",NA,0,2.456
"ASV_21052","Bacteria","Bacteroidota","Bacteroidia","Sphingobacteriales","env.OPS_17","Incertae_Sedis",NA,0.88,1.606
"ASV_21053","Bacteria","Bacteroidota","Bacteroidia","Sphingobacteriales","env.OPS_17","Incertae_Sedis",NA,3.468,0
"ASV_21054","Bacteria","Bacteroidota","Bacteroidia","Sphingobacteriales","env.OPS_17","Incertae_Sedis",NA,0,0
"ASV_21055","Bacteria","Bacteroidota","Bacteroidia","Sphingobacteriales","env.OPS_17","Incertae_Sedis",NA,0,0.204
"ASV_21056","Bacteria","Bacteroidota","Bacteroidia","Sphingobacteriales","env.OPS_17","Incertae_Sedis",NA,8.37,0
"ASV_21057","Bacteria","Bacteroidota","Bacteroidia","Sphingobacteriales","Incertae_Sedis","Incertae_Sedis",NA,0,0
"ASV_21058","Bacteria","Bacteroidota","Bacteroidia","Incertae_Sedis","Incertae_Sedis","Incertae_Sedis",NA,0,0
"ASV_21059","Bacteria","Bacteroidota","Bacteroidia","Chitinophagales","Incertae_Sedis","Incertae_Sedis",NA,2.964,0.73
"ASV_21060","Bacteria","Bacteroidota","Bacteroidia","Incertae_Sedis","Incertae_Sedis","Incertae_Sedis",NA,0,0
"ASV_21061","Bacteria","Bacteroidota","Bacteroidia","Sphingobacteriales","Incertae_Sedis","Incertae_Sedis",NA,18.998,0
"ASV_21062","Bacteria","Bacteroidota","Bacteroidia","Sphingobacteriales","Incertae_Sedis","Incertae_Sedis",NA,0,1.448
"ASV_21063","Bacteria","Bacteroidota","Bacteroidia","Incertae_Sedis","Incertae_Sedis","Incertae_Sedis",NA,0,0
"ASV_21064","Bacteria","Bacteroidota","Bacteroidia","Incertae_Sedis","Incertae_Sedis","Incertae_Sedis",NA,0,0
"ASV_21065","Bacteria","Bacteroidota","Bacteroidia","Incertae_Sedis","Incertae_Sedis","Incertae_Sedis",NA,0.764,0
"ASV_21066","Bacteria","Bacteroidota","Bacteroidia","Incertae_Sedis","Incertae_Sedis","Incertae_Sedis",NA,3.09,0
"ASV_21067","Bacteria","Bacteroidota","Bacteroidia","Incertae_Sedis","Incertae_Sedis","Incertae_Sedis",NA,0,0
"ASV_21068","Bacteria","Bacteroidota","Bacteroidia","Incertae_Sedis","Incertae_Sedis","Incertae_Sedis",NA,0,0.482
"ASV_21069","Bacteria","Bacteroidota","Bacteroidia","Incertae_Sedis","Incertae_Sedis","Incertae_Sedis",NA,2.078,0
"ASV_21070","Bacteria","Bacteroidota","Bacteroidia","Incertae_Sedis","Incertae_Sedis","Incertae_Sedis",NA,0.276,0
"ASV_21071","Bacteria","Bacteroidota","Bacteroidia","Incertae_Sedis","Incertae_Sedis","Incertae_Sedis",NA,0,0.728
"ASV_21072","Bacteria","Bacteroidota","Bacteroidia","Incertae_Sedis","Incertae_Sedis","Incertae_Sedis",NA,1.82,0
"ASV_21073","Bacteria","Bacteroidota","Bacteroidia","Incertae_Sedis","Incertae_Sedis","Incertae_Sedis",NA,0,0.93
"ASV_21074","Bacteria","Bacteroidota","Bacteroidia","Incertae_Sedis","Incertae_Sedis","Incertae_Sedis",NA,57.366,1.948
"ASV_21075","Bacteria","Bacteroidota","Bacteroidia","Incertae_Sedis","Incertae_Sedis","Incertae_Sedis",NA,5.78,0
"ASV_21076","Bacteria","Bacteroidota","Bacteroidia","Incertae_Sedis","Incertae_Sedis","Incertae_Sedis",NA,13.666,0
"ASV_21077","Bacteria","Bacteroidota","Bacteroidia","Incertae_Sedis","Incertae_Sedis","Incertae_Sedis",NA,0,0
"ASV_21078","Bacteria","Bacteroidota","Bacteroidia","Incertae_Sedis","Incertae_Sedis","Incertae_Sedis",NA,0,1.322
"ASV_21079","Bacteria","Bacteroidota","Bacteroidia","Incertae_Sedis","Incertae_Sedis","Incertae_Sedis",NA,0,0
"ASV_21080","Bacteria","Bacteroidota","Bacteroidia","Incertae_Sedis","Incertae_Sedis","Incertae_Sedis",NA,0,5.172
"ASV_21081","Bacteria","Bacteroidota","Bacteroidia","Chitinophagales","Incertae_Sedis","Incertae_Sedis",NA,1.33,0
"ASV_21082","Bacteria","Bacteroidota","Bacteroidia","Sphingobacteriales","AKYH767","Incertae_Sedis",NA,0,0
"ASV_21083","Bacteria","Bacteroidota","Bacteroidia","Sphingobacteriales","AKYH767","Incertae_Sedis",NA,2.002,6.066
"ASV_21084","Bacteria","Bacteroidota","Bacteroidia","Sphingobacteriales","AKYH767","Incertae_Sedis",NA,0,0.772
"ASV_21085","Bacteria","Bacteroidota","Bacteroidia","Sphingobacteriales","AKYH767","Incertae_Sedis",NA,0,0.494
"ASV_21086","Bacteria","Bacteroidota","Bacteroidia","Sphingobacteriales","AKYH767","Incertae_Sedis",NA,0.64,0
"ASV_21087","Bacteria","Bacteroidota","Bacteroidia","Sphingobacteriales","AKYH767","Incertae_Sedis",NA,0.252,4.598
"ASV_21088","Bacteria","Bacteroidota","Bacteroidia","Sphingobacteriales","AKYH767","Incertae_Sedis",NA,0,0
"ASV_21089","Bacteria","Bacteroidota","Bacteroidia","Chitinophagales","Incertae_Sedis","Incertae_Sedis",NA,0,0
"ASV_21090","Bacteria","Bacteroidota","Bacteroidia","Chitinophagales","37-13","Incertae_Sedis",NA,9.644,0
"ASV_21091","Bacteria","Bacteroidota","Bacteroidia","Chitinophagales","37-13","Incertae_Sedis",NA,10.364,0
"ASV_21092","Bacteria","Bacteroidota","Bacteroidia","Chitinophagales","37-13","Incertae_Sedis",NA,0,0
"ASV_21093","Bacteria","Bacteroidota","Bacteroidia","Chitinophagales","37-13","Incertae_Sedis",NA,3.892,0
"ASV_21094","Bacteria","Bacteroidota","Bacteroidia","Chitinophagales","37-13","Incertae_Sedis",NA,2.746,0
"ASV_21095","Bacteria","Bacteroidota","Bacteroidia","Chitinophagales","37-13","Incertae_Sedis",NA,4.774,0
"ASV_21096","Bacteria","Bacteroidota","Bacteroidia","Chitinophagales","37-13","Incertae_Sedis",NA,0,0
"ASV_21097","Bacteria","Bacteroidota","Bacteroidia","Chitinophagales","37-13","Incertae_Sedis",NA,6.074,2.452
"ASV_21098","Bacteria","Bacteroidota","Bacteroidia","Chitinophagales","37-13","Incertae_Sedis",NA,1.842,3.286
"ASV_21099","Bacteria","Bacteroidota","Bacteroidia","Chitinophagales","37-13","Incertae_Sedis",NA,6.484,0
"ASV_21100","Bacteria","Bacteroidota","Bacteroidia","Chitinophagales","37-13","Incertae_Sedis",NA,1.688,0
"ASV_21101","Bacteria","Bacteroidota","Bacteroidia","Chitinophagales","37-13","Incertae_Sedis",NA,0,4.442
"ASV_21102","Bacteria","Bacteroidota","Bacteroidia","Chitinophagales","37-13","Incertae_Sedis",NA,0,17.016
"ASV_21103","Bacteria","Bacteroidota","Bacteroidia","Chitinophagales","37-13","Incertae_Sedis",NA,0,2.96
"ASV_21104","Bacteria","Bacteroidota","Bacteroidia","Chitinophagales","37-13","Incertae_Sedis",NA,0,5.69
"ASV_21105","Bacteria","Bacteroidota","Bacteroidia","Chitinophagales","37-13","Incertae_Sedis",NA,3.618,3.74
"ASV_21106","Bacteria","Bacteroidota","Bacteroidia","Chitinophagales","37-13","Incertae_Sedis",NA,2.244,0
"ASV_21107","Bacteria","Bacteroidota","Bacteroidia","Chitinophagales","37-13","Incertae_Sedis",NA,0,0
"ASV_21108","Bacteria","Bacteroidota","Bacteroidia","Chitinophagales","37-13","Incertae_Sedis",NA,5.248,0
"ASV_21109","Bacteria","Bacteroidota","Bacteroidia","Chitinophagales","37-13","Incertae_Sedis",NA,0,0
"ASV_21110","Bacteria","Bacteroidota","Bacteroidia","Chitinophagales","37-13","Incertae_Sedis",NA,0,0
"ASV_21111","Bacteria","Bacteroidota","Bacteroidia","Chitinophagales","37-13","Incertae_Sedis",NA,0,0
"ASV_21112","Bacteria","Bacteroidota","Bacteroidia","Chitinophagales","37-13","Incertae_Sedis",NA,0,1.244
"ASV_21113","Bacteria","Bacteroidota","Bacteroidia","Chitinophagales","37-13","Incertae_Sedis",NA,0,0
"ASV_21114","Bacteria","Bacteroidota","Bacteroidia","Chitinophagales","37-13","Incertae_Sedis",NA,0,2.012
"ASV_21115","Bacteria","Bacteroidota","Bacteroidia","Chitinophagales","37-13","Incertae_Sedis",NA,19.768,3.638
"ASV_21116","Bacteria","Bacteroidota","Bacteroidia","Chitinophagales","37-13","Incertae_Sedis",NA,8.31,0
"ASV_21117","Bacteria","Bacteroidota","Bacteroidia","Chitinophagales","37-13","Incertae_Sedis",NA,0,2.31
"ASV_21118","Bacteria","Bacteroidota","Bacteroidia","Chitinophagales","37-13","Incertae_Sedis",NA,3.734,0
"ASV_21119","Bacteria","Bacteroidota","Bacteroidia","Chitinophagales","37-13","Incertae_Sedis",NA,2.978,0
"ASV_21120","Bacteria","Bacteroidota","Bacteroidia","Chitinophagales","37-13","Incertae_Sedis",NA,1.576,0
"ASV_21121","Bacteria","Bacteroidota","Bacteroidia","Chitinophagales","37-13","Incertae_Sedis",NA,1.934,0
"ASV_21122","Bacteria","Bacteroidota","Bacteroidia","Chitinophagales","37-13","Incertae_Sedis",NA,0,1.16
"ASV_21123","Bacteria","Bacteroidota","Bacteroidia","Chitinophagales","37-13","Incertae_Sedis",NA,0,0
"ASV_21124","Bacteria","Bacteroidota","Bacteroidia","Chitinophagales","37-13","Incertae_Sedis",NA,12.07,0
"ASV_21125","Bacteria","Bacteroidota","Bacteroidia","Chitinophagales","37-13","Incertae_Sedis",NA,16.534,0
"ASV_21126","Bacteria","Bacteroidota","Bacteroidia","Chitinophagales","37-13","Incertae_Sedis",NA,20.018,0
"ASV_21127","Bacteria","Bacteroidota","Bacteroidia","Chitinophagales","37-13","Incertae_Sedis",NA,8.126,0
"ASV_21128","Bacteria","Bacteroidota","Bacteroidia","Chitinophagales","37-13","Incertae_Sedis",NA,12.762,0
"ASV_21129","Bacteria","Bacteroidota","Bacteroidia","Chitinophagales","37-13","Incertae_Sedis",NA,14.564,2.558
"ASV_21130","Bacteria","Bacteroidota","Bacteroidia","Chitinophagales","37-13","Incertae_Sedis",NA,28.974,0
"ASV_21131","Bacteria","Bacteroidota","Bacteroidia","Chitinophagales","37-13","Incertae_Sedis",NA,2.61,0
"ASV_21132","Bacteria","Bacteroidota","Bacteroidia","Chitinophagales","37-13","Incertae_Sedis",NA,16.086,0
"ASV_21133","Bacteria","Bacteroidota","Bacteroidia","Chitinophagales","37-13","Incertae_Sedis",NA,6.868,0
"ASV_21134","Bacteria","Bacteroidota","Bacteroidia","Chitinophagales","37-13","Incertae_Sedis",NA,38.664,0
"ASV_21135","Bacteria","Bacteroidota","Bacteroidia","Chitinophagales","37-13","Incertae_Sedis",NA,4.716,0
"ASV_21136","Bacteria","Bacteroidota","Bacteroidia","Chitinophagales","37-13","Incertae_Sedis",NA,0.706,0
"ASV_21137","Bacteria","Bacteroidota","Bacteroidia","Chitinophagales","37-13","Incertae_Sedis",NA,3.292,0
"ASV_21138","Bacteria","Bacteroidota","Bacteroidia","Chitinophagales","37-13","Incertae_Sedis",NA,0,0.542
"ASV_21139","Bacteria","Bacteroidota","Bacteroidia","Chitinophagales","37-13","Incertae_Sedis",NA,0,0
"ASV_21140","Bacteria","Bacteroidota","Bacteroidia","Chitinophagales","37-13","Incertae_Sedis",NA,0,0
"ASV_21141","Bacteria","Bacteroidota","Bacteroidia","Chitinophagales","37-13","Incertae_Sedis",NA,0,2.128
"ASV_21142","Bacteria","Bacteroidota","Bacteroidia","Chitinophagales","37-13","Incertae_Sedis",NA,0,0
"ASV_21143","Bacteria","Bacteroidota","Bacteroidia","Chitinophagales","37-13","Incertae_Sedis",NA,8.192,0
"ASV_21144","Bacteria","Bacteroidota","Bacteroidia","Chitinophagales","37-13","Incertae_Sedis",NA,0,1.72
"ASV_21145","Bacteria","Bacteroidota","Bacteroidia","Chitinophagales","37-13","Incertae_Sedis",NA,0,1.328
"ASV_21146","Bacteria","Bacteroidota","Bacteroidia","Chitinophagales","37-13","Incertae_Sedis",NA,9.776,0
"ASV_21147","Bacteria","Bacteroidota","Bacteroidia","Chitinophagales","37-13","Incertae_Sedis",NA,0,0.638
"ASV_21148","Bacteria","Bacteroidota","Bacteroidia","Chitinophagales","37-13","Incertae_Sedis",NA,4.598,4.62
"ASV_21149","Bacteria","Bacteroidota","Bacteroidia","Chitinophagales","37-13","Incertae_Sedis",NA,0,0
"ASV_21150","Bacteria","Bacteroidota","Bacteroidia","Chitinophagales","37-13","Incertae_Sedis",NA,10.722,9.412
"ASV_21151","Bacteria","Bacteroidota","Bacteroidia","Chitinophagales","Incertae_Sedis","Incertae_Sedis",NA,0.38,0.484
"ASV_21152","Bacteria","Bacteroidota","Bacteroidia","Incertae_Sedis","Incertae_Sedis","Incertae_Sedis",NA,3.384,0
"ASV_21153","Bacteria","Bacteroidota","Bacteroidia","Incertae_Sedis","Incertae_Sedis","Incertae_Sedis",NA,0,0
"ASV_21154","Bacteria","Bacteroidota","Bacteroidia","Incertae_Sedis","Incertae_Sedis","Incertae_Sedis",NA,0.34,0
"ASV_21155","Bacteria","Bacteroidota","Bacteroidia","Incertae_Sedis","Incertae_Sedis","Incertae_Sedis",NA,0,0
"ASV_21156","Bacteria","Bacteroidota","Bacteroidia","Chitinophagales","37-13","Incertae_Sedis",NA,0,6.062
"ASV_21157","Bacteria","Bacteroidota","Bacteroidia","Chitinophagales","37-13","Incertae_Sedis",NA,13.918,0
"ASV_21158","Bacteria","Bacteroidota","Bacteroidia","Chitinophagales","37-13","Incertae_Sedis",NA,4.352,6.51
"ASV_21159","Bacteria","Bacteroidota","Bacteroidia","Chitinophagales","37-13","Incertae_Sedis",NA,1.62,0
"ASV_21160","Bacteria","Bacteroidota","Bacteroidia","Chitinophagales","37-13","Incertae_Sedis",NA,0,0
"ASV_21161","Bacteria","Bacteroidota","Bacteroidia","Chitinophagales","37-13","Incertae_Sedis",NA,2.784,0
"ASV_21162","Bacteria","Bacteroidota","Bacteroidia","Chitinophagales","37-13","Incertae_Sedis",NA,30.914,0
"ASV_21163","Bacteria","Bacteroidota","Bacteroidia","Chitinophagales","37-13","Incertae_Sedis",NA,0,0
"ASV_21164","Bacteria","Bacteroidota","Bacteroidia","Chitinophagales","37-13","Incertae_Sedis",NA,18.432,0
"ASV_21165","Bacteria","Bacteroidota","Bacteroidia","Chitinophagales","37-13","Incertae_Sedis",NA,5.498,0
"ASV_21166","Bacteria","Bacteroidota","Bacteroidia","Chitinophagales","37-13","Incertae_Sedis",NA,1.318,0
"ASV_21167","Bacteria","Bacteroidota","Bacteroidia","Chitinophagales","37-13","Incertae_Sedis",NA,0,0
"ASV_21168","Bacteria","Bacteroidota","Bacteroidia","Chitinophagales","37-13","Incertae_Sedis",NA,11.614,0
"ASV_21169","Bacteria","Bacteroidota","Bacteroidia","Chitinophagales","37-13","Incertae_Sedis",NA,0,0.822
"ASV_21170","Bacteria","Bacteroidota","Bacteroidia","Chitinophagales","37-13","Incertae_Sedis",NA,0,0
"ASV_21171","Bacteria","Bacteroidota","Bacteroidia","Chitinophagales","37-13","Incertae_Sedis",NA,0,8.4
"ASV_21172","Bacteria","Bacteroidota","Bacteroidia","Chitinophagales","37-13","Incertae_Sedis",NA,1.81,8.408
"ASV_21173","Bacteria","Bacteroidota","Bacteroidia","Chitinophagales","37-13","Incertae_Sedis",NA,0,4.636
"ASV_21174","Bacteria","Bacteroidota","Bacteroidia","Chitinophagales","Incertae_Sedis","Incertae_Sedis",NA,0,0
"ASV_21175","Bacteria","Bacteroidota","Bacteroidia","Chitinophagales","Incertae_Sedis","Incertae_Sedis",NA,0.578,8.586
"ASV_21176","Bacteria","Bacteroidota","Bacteroidia","Chitinophagales","Incertae_Sedis","Incertae_Sedis",NA,0,6.268
"ASV_21177","Bacteria","Bacteroidota","Bacteroidia","Chitinophagales","Incertae_Sedis","Incertae_Sedis",NA,0,36.258
"ASV_21178","Bacteria","Bacteroidota","Bacteroidia","Incertae_Sedis","Incertae_Sedis","Incertae_Sedis",NA,0,1.138
"ASV_21179","Bacteria","Bacteroidota","Bacteroidia","Incertae_Sedis","Incertae_Sedis","Incertae_Sedis",NA,7.224,0
"ASV_21180","Bacteria","Bacteroidota","Bacteroidia","Incertae_Sedis","Incertae_Sedis","Incertae_Sedis",NA,1.122,1.476
"ASV_21181","Bacteria","Bacteroidota","Bacteroidia","Chitinophagales","Incertae_Sedis","Incertae_Sedis",NA,0,4.506
"ASV_21182","Bacteria","Bacteroidota","Bacteroidia","Incertae_Sedis","Incertae_Sedis","Incertae_Sedis",NA,1.516,0
"ASV_21183","Bacteria","Bacteroidota","Bacteroidia","Incertae_Sedis","Incertae_Sedis","Incertae_Sedis",NA,0,0
"ASV_21184","Bacteria","Bacteroidota","Bacteroidia","Incertae_Sedis","Incertae_Sedis","Incertae_Sedis",NA,2.948,0.726
"ASV_21185","Bacteria","Bacteroidota","Bacteroidia","Incertae_Sedis","Incertae_Sedis","Incertae_Sedis",NA,2.486,0
"ASV_21186","Bacteria","Bacteroidota","Bacteroidia","Incertae_Sedis","Incertae_Sedis","Incertae_Sedis",NA,0,0
"ASV_21187","Bacteria","Bacteroidota","Bacteroidia","Incertae_Sedis","Incertae_Sedis","Incertae_Sedis",NA,3.336,0
"ASV_21188","Bacteria","Bacteroidota","Bacteroidia","Incertae_Sedis","Incertae_Sedis","Incertae_Sedis",NA,0,1.714
"ASV_21189","Bacteria","Bacteroidota","Bacteroidia","Incertae_Sedis","Incertae_Sedis","Incertae_Sedis",NA,0,1.68
"ASV_21190","Bacteria","Bacteroidota","Bacteroidia","Incertae_Sedis","Incertae_Sedis","Incertae_Sedis",NA,0,0
"ASV_21191","Bacteria","Bacteroidota","Bacteroidia","Incertae_Sedis","Incertae_Sedis","Incertae_Sedis",NA,0,5.826
"ASV_21192","Bacteria","Bacteroidota","Bacteroidia","Incertae_Sedis","Incertae_Sedis","Incertae_Sedis",NA,0,12.042
"ASV_21193","Bacteria","Bacteroidota","Bacteroidia","Chitinophagales","Incertae_Sedis","Incertae_Sedis",NA,8.612,0
"ASV_21194","Bacteria","Bacteroidota","Bacteroidia","Chitinophagales","Incertae_Sedis","Incertae_Sedis",NA,0,2.978
"ASV_21195","Bacteria","Bacteroidota","Bacteroidia","Chitinophagales","Incertae_Sedis","Incertae_Sedis",NA,1.16,0
"ASV_21196","Bacteria","Bacteroidota","Bacteroidia","Chitinophagales","Incertae_Sedis","Incertae_Sedis",NA,0,5.97
"ASV_21197","Bacteria","Bacteroidota","Bacteroidia","Chitinophagales","Incertae_Sedis","Incertae_Sedis",NA,0,0
"ASV_21198","Bacteria","Bacteroidota","Bacteroidia","Chitinophagales","Incertae_Sedis","Incertae_Sedis",NA,0,1.466
"ASV_21199","Bacteria","Bacteroidota","Bacteroidia","Chitinophagales","Incertae_Sedis","Incertae_Sedis",NA,0,0.728
"ASV_21200","Bacteria","Bacteroidota","Bacteroidia","Chitinophagales","Incertae_Sedis","Incertae_Sedis",NA,0,1.444
"ASV_21201","Bacteria","Bacteroidota","Bacteroidia","Chitinophagales","Incertae_Sedis","Incertae_Sedis",NA,0,0
"ASV_21202","Bacteria","Bacteroidota","Bacteroidia","Incertae_Sedis","Incertae_Sedis","Incertae_Sedis",NA,1.484,0
"ASV_21203","Bacteria","Bacteroidota","Bacteroidia","Incertae_Sedis","Incertae_Sedis","Incertae_Sedis",NA,0,0
"ASV_21204","Bacteria","Bacteroidota","Bacteroidia","Chitinophagales","Incertae_Sedis","Incertae_Sedis",NA,0,0
"ASV_21205","Bacteria","Bacteroidota","Bacteroidia","Chitinophagales","Incertae_Sedis","Incertae_Sedis",NA,0,0
"ASV_21206","Bacteria","Bacteroidota","Bacteroidia","Chitinophagales","Incertae_Sedis","Incertae_Sedis",NA,0,0
"ASV_21207","Bacteria","Bacteroidota","Bacteroidia","Chitinophagales","Incertae_Sedis","Incertae_Sedis",NA,0,0
"ASV_21208","Bacteria","Bacteroidota","Bacteroidia","Chitinophagales","Incertae_Sedis","Incertae_Sedis",NA,0,0
"ASV_21209","Bacteria","Bacteroidota","Bacteroidia","Chitinophagales","Incertae_Sedis","Incertae_Sedis",NA,0,6.666
"ASV_21210","Bacteria","Bacteroidota","Bacteroidia","Chitinophagales","Incertae_Sedis","Incertae_Sedis",NA,0,2.97
"ASV_21211","Bacteria","Bacteroidota","Bacteroidia","Incertae_Sedis","Incertae_Sedis","Incertae_Sedis",NA,0,2.332
"ASV_21212","Bacteria","Bacteroidota","Bacteroidia","Chitinophagales","Incertae_Sedis","Incertae_Sedis",NA,0,1.474
"ASV_21213","Bacteria","Bacteroidota","Bacteroidia","Incertae_Sedis","Incertae_Sedis","Incertae_Sedis",NA,0,0.478
"ASV_21214","Bacteria","Bacteroidota","Bacteroidia","Chitinophagales","Incertae_Sedis","Incertae_Sedis",NA,0,1.05
"ASV_21215","Bacteria","Bacteroidota","Bacteroidia","Chitinophagales","Incertae_Sedis","Incertae_Sedis",NA,0,0
"ASV_21216","Bacteria","Bacteroidota","Bacteroidia","Incertae_Sedis","Incertae_Sedis","Incertae_Sedis",NA,0,0
"ASV_21217","Bacteria","Bacteroidota","Bacteroidia","Incertae_Sedis","Incertae_Sedis","Incertae_Sedis",NA,0,1.204
"ASV_21218","Bacteria","Bacteroidota","Bacteroidia","Incertae_Sedis","Incertae_Sedis","Incertae_Sedis",NA,0,0.61
"ASV_21219","Bacteria","Bacteroidota","Bacteroidia","Chitinophagales","Incertae_Sedis","Incertae_Sedis",NA,0,0.446
"ASV_21220","Bacteria","Bacteroidota","Bacteroidia","Incertae_Sedis","Incertae_Sedis","Incertae_Sedis",NA,0,0
"ASV_21221","Bacteria","Bacteroidota","Bacteroidia","Chitinophagales","Incertae_Sedis","Incertae_Sedis",NA,0,0
"ASV_21222","Bacteria","Bacteroidota","Bacteroidia","Chitinophagales","Incertae_Sedis","Incertae_Sedis",NA,0,0.868
"ASV_21223","Bacteria","Bacteroidota","Bacteroidia","Chitinophagales","Incertae_Sedis","Incertae_Sedis",NA,0,1.704
"ASV_21224","Bacteria","Bacteroidota","Bacteroidia","Chitinophagales","Incertae_Sedis","Incertae_Sedis",NA,2.22,0
"ASV_21225","Bacteria","Bacteroidota","Bacteroidia","Incertae_Sedis","Incertae_Sedis","Incertae_Sedis",NA,0,1.306
"ASV_21226","Bacteria","Bacteroidota","Bacteroidia","Incertae_Sedis","Incertae_Sedis","Incertae_Sedis",NA,0,0
"ASV_21227","Bacteria","Bacteroidota","Bacteroidia","Chitinophagales","Incertae_Sedis","Incertae_Sedis",NA,0,0.806
"ASV_21228","Bacteria","Bacteroidota","Bacteroidia","Incertae_Sedis","Incertae_Sedis","Incertae_Sedis",NA,0,0.412
"ASV_21229","Bacteria","Bacteroidota","Bacteroidia","Incertae_Sedis","Incertae_Sedis","Incertae_Sedis",NA,0,4.276
"ASV_21230","Bacteria","Bacteroidota","Bacteroidia","Chitinophagales","Incertae_Sedis","Incertae_Sedis",NA,0,4.294
"ASV_21231","Bacteria","Bacteroidota","Bacteroidia","Sphingobacteriales","env.OPS_17","Incertae_Sedis",NA,0.142,0
"ASV_21232","Bacteria","Bacteroidota","Bacteroidia","Chitinophagales","Saprospiraceae","Incertae_Sedis",NA,0,0.712
"ASV_21233","Bacteria","Bacteroidota","Bacteroidia","Chitinophagales","Saprospiraceae","Incertae_Sedis",NA,15.49,0
"ASV_21234","Bacteria","Bacteroidota","Bacteroidia","Chitinophagales","Saprospiraceae","Incertae_Sedis",NA,7.868,0
"ASV_21235","Bacteria","Bacteroidota","Bacteroidia","Chitinophagales","Saprospiraceae","Incertae_Sedis",NA,0,0
"ASV_21236","Bacteria","Bacteroidota","Bacteroidia","Chitinophagales","Saprospiraceae","Incertae_Sedis",NA,4.924,0
"ASV_21237","Bacteria","Bacteroidota","Bacteroidia","Chitinophagales","Saprospiraceae","Incertae_Sedis",NA,4.4,0
"ASV_21238","Bacteria","Bacteroidota","Bacteroidia","Chitinophagales","Saprospiraceae","Incertae_Sedis",NA,119.164,0
"ASV_21239","Bacteria","Bacteroidota","Bacteroidia","Chitinophagales","Saprospiraceae","Incertae_Sedis",NA,5.274,0
"ASV_21240","Bacteria","Bacteroidota","Bacteroidia","Chitinophagales","Saprospiraceae","Incertae_Sedis",NA,22.362,0
"ASV_21241","Bacteria","Bacteroidota","Bacteroidia","Chitinophagales","Saprospiraceae","Incertae_Sedis",NA,21.138,0
"ASV_21242","Bacteria","Bacteroidota","Bacteroidia","Chitinophagales","Saprospiraceae","Incertae_Sedis",NA,0,0
"ASV_21243","Bacteria","Bacteroidota","Bacteroidia","Chitinophagales","Saprospiraceae","Incertae_Sedis",NA,0,0
"ASV_21244","Bacteria","Bacteroidota","Bacteroidia","Chitinophagales","Saprospiraceae","Incertae_Sedis",NA,0,0
"ASV_21245","Bacteria","Bacteroidota","Bacteroidia","Chitinophagales","Saprospiraceae","Incertae_Sedis",NA,13.592,0
"ASV_21246","Bacteria","Bacteroidota","Bacteroidia","Chitinophagales","Saprospiraceae","Incertae_Sedis",NA,0,0
"ASV_21247","Bacteria","Bacteroidota","Bacteroidia","Chitinophagales","Saprospiraceae","Incertae_Sedis",NA,0,0
"ASV_21248","Bacteria","Bacteroidota","Bacteroidia","Chitinophagales","Saprospiraceae","Incertae_Sedis",NA,0,1.252
"ASV_21249","Bacteria","Bacteroidota","Bacteroidia","Chitinophagales","Saprospiraceae","Incertae_Sedis",NA,1.868,0
"ASV_21250","Bacteria","Bacteroidota","Bacteroidia","Chitinophagales","Saprospiraceae","Incertae_Sedis",NA,0,0
"ASV_21251","Bacteria","Bacteroidota","Bacteroidia","Chitinophagales","Saprospiraceae","Incertae_Sedis",NA,0,0
"ASV_21252","Bacteria","Bacteroidota","Bacteroidia","Chitinophagales","Saprospiraceae","Incertae_Sedis",NA,0,0
"ASV_21253","Bacteria","Bacteroidota","Bacteroidia","Chitinophagales","Saprospiraceae","Incertae_Sedis",NA,0,0
"ASV_21254","Bacteria","Bacteroidota","Bacteroidia","Chitinophagales","Saprospiraceae","Incertae_Sedis",NA,0,0
"ASV_21255","Bacteria","Bacteroidota","Bacteroidia","Chitinophagales","Saprospiraceae","Incertae_Sedis",NA,0,0.194
"ASV_21256","Bacteria","Bacteroidota","Bacteroidia","Chitinophagales","Saprospiraceae","Incertae_Sedis",NA,9.574,0
"ASV_21257","Bacteria","Bacteroidota","Bacteroidia","Chitinophagales","Saprospiraceae","Incertae_Sedis",NA,0,3.086
"ASV_21258","Bacteria","Bacteroidota","Bacteroidia","Chitinophagales","Saprospiraceae","Incertae_Sedis",NA,0,0
"ASV_21259","Bacteria","Bacteroidota","Bacteroidia","Chitinophagales","Saprospiraceae","Incertae_Sedis",NA,0,0.672
"ASV_21260","Bacteria","Bacteroidota","Bacteroidia","Chitinophagales","Saprospiraceae","Incertae_Sedis",NA,0,4.296
"ASV_21261","Bacteria","Bacteroidota","Bacteroidia","Chitinophagales","Saprospiraceae","Incertae_Sedis",NA,0,0.42
"ASV_21262","Bacteria","Bacteroidota","Bacteroidia","Chitinophagales","Saprospiraceae","Incertae_Sedis",NA,0,0
"ASV_21263","Bacteria","Bacteroidota","Bacteroidia","Chitinophagales","Saprospiraceae","Incertae_Sedis",NA,0,0
"ASV_21264","Bacteria","Bacteroidota","Bacteroidia","Chitinophagales","Saprospiraceae","Incertae_Sedis",NA,0,2.246
"ASV_21265","Bacteria","Bacteroidota","Bacteroidia","Chitinophagales","Saprospiraceae","Incertae_Sedis",NA,18.496,0
"ASV_21266","Bacteria","Bacteroidota","Bacteroidia","Chitinophagales","Saprospiraceae","Incertae_Sedis",NA,0.37,0
"ASV_21267","Bacteria","Bacteroidota","Bacteroidia","Chitinophagales","Saprospiraceae","Incertae_Sedis",NA,0,0
"ASV_21268","Bacteria","Bacteroidota","Bacteroidia","Chitinophagales","Saprospiraceae","Incertae_Sedis",NA,0.856,0
"ASV_21269","Bacteria","Bacteroidota","Bacteroidia","Chitinophagales","Saprospiraceae","Incertae_Sedis",NA,0.59,0
"ASV_21270","Bacteria","Bacteroidota","Bacteroidia","Chitinophagales","Saprospiraceae","Incertae_Sedis",NA,0,0
"ASV_21271","Bacteria","Bacteroidota","Bacteroidia","Chitinophagales","Saprospiraceae","Incertae_Sedis",NA,0,0
"ASV_21272","Bacteria","Bacteroidota","Bacteroidia","Chitinophagales","Saprospiraceae","Incertae_Sedis",NA,0,1.626
"ASV_21273","Bacteria","Bacteroidota","Bacteroidia","Chitinophagales","Saprospiraceae","Incertae_Sedis",NA,0,0.53
"ASV_21274","Bacteria","Bacteroidota","Bacteroidia","Chitinophagales","Saprospiraceae","Incertae_Sedis",NA,0,0.666
"ASV_21275","Bacteria","Bacteroidota","Bacteroidia","Chitinophagales","Saprospiraceae","Incertae_Sedis",NA,2.972,0
"ASV_21276","Bacteria","Bacteroidota","Bacteroidia","Chitinophagales","Saprospiraceae","Incertae_Sedis",NA,27.472,0
"ASV_21277","Bacteria","Bacteroidota","Bacteroidia","Chitinophagales","Saprospiraceae","Incertae_Sedis",NA,1.634,0
"ASV_21278","Bacteria","Bacteroidota","Bacteroidia","Chitinophagales","Saprospiraceae","Incertae_Sedis",NA,16.064,0
"ASV_21279","Bacteria","Bacteroidota","Bacteroidia","Chitinophagales","Saprospiraceae","Incertae_Sedis",NA,3.914,0
"ASV_21280","Bacteria","Bacteroidota","Bacteroidia","Chitinophagales","Saprospiraceae","Incertae_Sedis",NA,1.406,0
"ASV_21281","Bacteria","Bacteroidota","Bacteroidia","Chitinophagales","Saprospiraceae","Incertae_Sedis",NA,6.374,0
"ASV_21282","Bacteria","Bacteroidota","Bacteroidia","Chitinophagales","Saprospiraceae","Incertae_Sedis",NA,4.51,0
"ASV_21283","Bacteria","Bacteroidota","Bacteroidia","Chitinophagales","Saprospiraceae","Incertae_Sedis",NA,0,3.446
"ASV_21284","Bacteria","Bacteroidota","Bacteroidia","Chitinophagales","Saprospiraceae","Incertae_Sedis",NA,0,3.858
"ASV_21285","Bacteria","Bacteroidota","Bacteroidia","Chitinophagales","Saprospiraceae","Incertae_Sedis",NA,12.414,0
"ASV_21286","Bacteria","Bacteroidota","Bacteroidia","Chitinophagales","Saprospiraceae","Incertae_Sedis",NA,0.476,0
"ASV_21287","Bacteria","Bacteroidota","Bacteroidia","Chitinophagales","Saprospiraceae","Incertae_Sedis",NA,0,0
"ASV_21288","Bacteria","Bacteroidota","Bacteroidia","Chitinophagales","Saprospiraceae","Incertae_Sedis",NA,0.152,0
"ASV_21289","Bacteria","Bacteroidota","Bacteroidia","Chitinophagales","Saprospiraceae","Incertae_Sedis",NA,0,0.618
"ASV_21290","Bacteria","Bacteroidota","Bacteroidia","Chitinophagales","Saprospiraceae","Incertae_Sedis",NA,8.68,0.198
"ASV_21291","Bacteria","Bacteroidota","Bacteroidia","Chitinophagales","Saprospiraceae","Incertae_Sedis",NA,3.27,0
"ASV_21292","Bacteria","Bacteroidota","Bacteroidia","Chitinophagales","Saprospiraceae","Incertae_Sedis",NA,0,0
"ASV_21293","Bacteria","Bacteroidota","Bacteroidia","Chitinophagales","Saprospiraceae","Incertae_Sedis",NA,2.966,0
"ASV_21294","Bacteria","Bacteroidota","Bacteroidia","Chitinophagales","Saprospiraceae","Incertae_Sedis",NA,0,7.238
"ASV_21295","Bacteria","Bacteroidota","Bacteroidia","Chitinophagales","Saprospiraceae","Incertae_Sedis",NA,0,1.682
"ASV_21296","Bacteria","Bacteroidota","Bacteroidia","Chitinophagales","Saprospiraceae","Incertae_Sedis",NA,0,0
"ASV_21297","Bacteria","Bacteroidota","Bacteroidia","Chitinophagales","Saprospiraceae","Incertae_Sedis",NA,0,1.968
"ASV_21298","Bacteria","Bacteroidota","Bacteroidia","Chitinophagales","Saprospiraceae","Incertae_Sedis",NA,171.552,0
"ASV_21299","Bacteria","Bacteroidota","Bacteroidia","Chitinophagales","Saprospiraceae","Incertae_Sedis",NA,0,2.81
"ASV_21300","Bacteria","Bacteroidota","Bacteroidia","Chitinophagales","Saprospiraceae","Incertae_Sedis",NA,0,2.126
"ASV_21301","Bacteria","Bacteroidota","Bacteroidia","Chitinophagales","Saprospiraceae","Incertae_Sedis",NA,0,3
"ASV_21302","Bacteria","Bacteroidota","Bacteroidia","Chitinophagales","Saprospiraceae","Incertae_Sedis",NA,4.386,0
"ASV_21303","Bacteria","Bacteroidota","Bacteroidia","Chitinophagales","Saprospiraceae","Incertae_Sedis",NA,0,0.438
"ASV_21304","Bacteria","Bacteroidota","Bacteroidia","Chitinophagales","Saprospiraceae","Incertae_Sedis",NA,31.32,0
"ASV_21305","Bacteria","Bacteroidota","Bacteroidia","Chitinophagales","Saprospiraceae","Incertae_Sedis",NA,32.784,9.69
"ASV_21306","Bacteria","Bacteroidota","Bacteroidia","Chitinophagales","Saprospiraceae","Incertae_Sedis",NA,0,2.194
"ASV_21307","Bacteria","Bacteroidota","Bacteroidia","Chitinophagales","Saprospiraceae","Incertae_Sedis",NA,0,0
"ASV_21308","Bacteria","Bacteroidota","Bacteroidia","Chitinophagales","Saprospiraceae","Incertae_Sedis",NA,0,0
"ASV_21309","Bacteria","Bacteroidota","Bacteroidia","Chitinophagales","Saprospiraceae","Incertae_Sedis",NA,2.596,1.608
"ASV_21310","Bacteria","Bacteroidota","Bacteroidia","Chitinophagales","Saprospiraceae","Incertae_Sedis",NA,3.006,0
"ASV_21311","Bacteria","Bacteroidota","Bacteroidia","Chitinophagales","Saprospiraceae","Incertae_Sedis",NA,0.95,1.84
"ASV_21312","Bacteria","Bacteroidota","Bacteroidia","Chitinophagales","Saprospiraceae","Incertae_Sedis",NA,3.45,0
"ASV_21313","Bacteria","Bacteroidota","Bacteroidia","Chitinophagales","Saprospiraceae","Incertae_Sedis",NA,0,0
"ASV_21314","Bacteria","Bacteroidota","Bacteroidia","Chitinophagales","Saprospiraceae","Incertae_Sedis",NA,3.786,0
"ASV_21315","Bacteria","Bacteroidota","Bacteroidia","Chitinophagales","Saprospiraceae","Incertae_Sedis",NA,0,0
"ASV_21316","Bacteria","Bacteroidota","Bacteroidia","Chitinophagales","Saprospiraceae","Incertae_Sedis",NA,0.93,0
"ASV_21317","Bacteria","Bacteroidota","Bacteroidia","Chitinophagales","Saprospiraceae","Incertae_Sedis",NA,1.044,43.472
"ASV_21318","Bacteria","Bacteroidota","Bacteroidia","Chitinophagales","Saprospiraceae","Incertae_Sedis",NA,24.57,4.978
"ASV_21319","Bacteria","Bacteroidota","Bacteroidia","Chitinophagales","Saprospiraceae","Incertae_Sedis",NA,13.258,3.93
"ASV_21320","Bacteria","Bacteroidota","Bacteroidia","Chitinophagales","Saprospiraceae","Incertae_Sedis",NA,0,0
"ASV_21321","Bacteria","Bacteroidota","Bacteroidia","Chitinophagales","Saprospiraceae","Incertae_Sedis",NA,0,0
"ASV_21322","Bacteria","Bacteroidota","Bacteroidia","Chitinophagales","Saprospiraceae","Incertae_Sedis",NA,0,29.968
"ASV_21323","Bacteria","Bacteroidota","Bacteroidia","Chitinophagales","Saprospiraceae","Incertae_Sedis",NA,0,16.536
"ASV_21324","Bacteria","Bacteroidota","Bacteroidia","Chitinophagales","Saprospiraceae","Incertae_Sedis",NA,48.642,0
"ASV_21325","Bacteria","Bacteroidota","Bacteroidia","Chitinophagales","Saprospiraceae","Incertae_Sedis",NA,3.596,0
"ASV_21326","Bacteria","Bacteroidota","Bacteroidia","Chitinophagales","Saprospiraceae","OLB8",NA,555.386,0
"ASV_21327","Bacteria","Bacteroidota","Bacteroidia","Chitinophagales","Saprospiraceae","OLB8",NA,143.366,0
"ASV_21328","Bacteria","Bacteroidota","Bacteroidia","Chitinophagales","Saprospiraceae","Lewinella",NA,32.202,0
"ASV_21329","Bacteria","Bacteroidota","Bacteroidia","Chitinophagales","Saprospiraceae","Incertae_Sedis",NA,2.64,0
"ASV_21330","Bacteria","Bacteroidota","Bacteroidia","Chitinophagales","Saprospiraceae","Incertae_Sedis",NA,0,62.16
"ASV_21331","Bacteria","Bacteroidota","Bacteroidia","Chitinophagales","Saprospiraceae","Incertae_Sedis",NA,0,4.716
"ASV_21332","Bacteria","Bacteroidota","Bacteroidia","Chitinophagales","Saprospiraceae","Incertae_Sedis",NA,0,2.956
"ASV_21333","Bacteria","Bacteroidota","Bacteroidia","Chitinophagales","Saprospiraceae","Incertae_Sedis",NA,0,2.092
"ASV_21334","Bacteria","Bacteroidota","Bacteroidia","Chitinophagales","Saprospiraceae","Incertae_Sedis",NA,33.296,6.368
"ASV_21335","Bacteria","Bacteroidota","Bacteroidia","Chitinophagales","Saprospiraceae","Incertae_Sedis",NA,92.47,0
"ASV_21336","Bacteria","Bacteroidota","Bacteroidia","Chitinophagales","Saprospiraceae","Incertae_Sedis",NA,0,17.858
"ASV_21337","Bacteria","Bacteroidota","Bacteroidia","Chitinophagales","Saprospiraceae","Incertae_Sedis",NA,0,11.918
"ASV_21338","Bacteria","Bacteroidota","Bacteroidia","Chitinophagales","Saprospiraceae","Incertae_Sedis",NA,0,1.29
"ASV_21339","Bacteria","Bacteroidota","Bacteroidia","Chitinophagales","Saprospiraceae","Incertae_Sedis",NA,96.378,0
"ASV_21340","Bacteria","Bacteroidota","Bacteroidia","Chitinophagales","Saprospiraceae","Incertae_Sedis",NA,0,86.674
"ASV_21341","Bacteria","Bacteroidota","Bacteroidia","Chitinophagales","Saprospiraceae","Incertae_Sedis",NA,0,34.428
"ASV_21342","Bacteria","Bacteroidota","Bacteroidia","Chitinophagales","Saprospiraceae","Incertae_Sedis",NA,0,12.482
"ASV_21343","Bacteria","Bacteroidota","Bacteroidia","Chitinophagales","Saprospiraceae","Incertae_Sedis",NA,1.278,13.684
"ASV_21344","Bacteria","Bacteroidota","Bacteroidia","Chitinophagales","Saprospiraceae","Incertae_Sedis",NA,1.096,6.456
"ASV_21345","Bacteria","Bacteroidota","Bacteroidia","Chitinophagales","Saprospiraceae","Incertae_Sedis",NA,0,0
"ASV_21346","Bacteria","Bacteroidota","Bacteroidia","Chitinophagales","Saprospiraceae","Incertae_Sedis",NA,13.122,0
"ASV_21347","Bacteria","Bacteroidota","Bacteroidia","Chitinophagales","Saprospiraceae","Incertae_Sedis",NA,0,0
"ASV_21348","Bacteria","Bacteroidota","Bacteroidia","Chitinophagales","Saprospiraceae","Incertae_Sedis",NA,0,45.1
"ASV_21349","Bacteria","Bacteroidota","Bacteroidia","Chitinophagales","Saprospiraceae","Incertae_Sedis",NA,0,0
"ASV_21350","Bacteria","Bacteroidota","Bacteroidia","Chitinophagales","Saprospiraceae","Incertae_Sedis",NA,0,1.978
"ASV_21351","Bacteria","Bacteroidota","Bacteroidia","Chitinophagales","Saprospiraceae","Incertae_Sedis",NA,124.592,0
"ASV_21352","Bacteria","Bacteroidota","Bacteroidia","Chitinophagales","Saprospiraceae","Incertae_Sedis",NA,0,4.144
"ASV_21353","Bacteria","Bacteroidota","Bacteroidia","Chitinophagales","Saprospiraceae","Incertae_Sedis",NA,0,2.466
"ASV_21354","Bacteria","Bacteroidota","Bacteroidia","Chitinophagales","Saprospiraceae","Incertae_Sedis",NA,12.584,0
"ASV_21355","Bacteria","Bacteroidota","Bacteroidia","Chitinophagales","Saprospiraceae","Phaeodactylibacter",NA,2.184,0
"ASV_21356","Bacteria","Bacteroidota","Bacteroidia","Chitinophagales","Saprospiraceae","Phaeodactylibacter",NA,0,2.114
"ASV_21357","Bacteria","Bacteroidota","Bacteroidia","Chitinophagales","Saprospiraceae","Phaeodactylibacter",NA,1.372,0
"ASV_21358","Bacteria","Bacteroidota","Bacteroidia","Chitinophagales","Saprospiraceae","Phaeodactylibacter",NA,9.56,0
"ASV_21359","Bacteria","Bacteroidota","Bacteroidia","Chitinophagales","Saprospiraceae","Phaeodactylibacter",NA,0.388,0
"ASV_21360","Bacteria","Bacteroidota","Bacteroidia","Chitinophagales","Saprospiraceae","Phaeodactylibacter",NA,0,0.344
"ASV_21361","Bacteria","Bacteroidota","Bacteroidia","Chitinophagales","Saprospiraceae","Incertae_Sedis",NA,0,1.246
"ASV_21362","Bacteria","Bacteroidota","Bacteroidia","Chitinophagales","Saprospiraceae","Phaeodactylibacter",NA,1.466,0
"ASV_21363","Bacteria","Bacteroidota","Bacteroidia","Chitinophagales","Saprospiraceae","Incertae_Sedis",NA,0.724,0
"ASV_21364","Bacteria","Bacteroidota","Bacteroidia","Chitinophagales","Saprospiraceae","Incertae_Sedis",NA,12.138,0
"ASV_21365","Bacteria","Bacteroidota","Bacteroidia","Chitinophagales","Saprospiraceae","Incertae_Sedis",NA,6.868,0
"ASV_21366","Bacteria","Bacteroidota","Bacteroidia","Chitinophagales","Saprospiraceae","Incertae_Sedis",NA,0,0
"ASV_21367","Bacteria","Bacteroidota","Bacteroidia","Chitinophagales","Saprospiraceae","Incertae_Sedis",NA,7.472,0
"ASV_21368","Bacteria","Bacteroidota","Bacteroidia","Chitinophagales","Saprospiraceae","Incertae_Sedis",NA,6.252,1.794
"ASV_21369","Bacteria","Bacteroidota","Bacteroidia","Chitinophagales","Saprospiraceae","Incertae_Sedis",NA,0,0.836
"ASV_21370","Bacteria","Bacteroidota","Bacteroidia","Chitinophagales","Saprospiraceae","Incertae_Sedis",NA,9.722,0
"ASV_21371","Bacteria","Bacteroidota","Bacteroidia","Chitinophagales","Saprospiraceae","Incertae_Sedis",NA,0,0
"ASV_21372","Bacteria","Bacteroidota","Bacteroidia","Chitinophagales","Saprospiraceae","Incertae_Sedis",NA,0,12.158
"ASV_21373","Bacteria","Bacteroidota","Bacteroidia","Flavobacteriales","Crocinitomicaceae","Fluviicola",NA,7.078,0.35
"ASV_21374","Bacteria","Bacteroidota","Bacteroidia","Flavobacteriales","Crocinitomicaceae","Fluviicola",NA,1.492,0
"ASV_21375","Bacteria","Bacteroidota","Bacteroidia","Flavobacteriales","Crocinitomicaceae","Fluviicola",NA,3.138,0
"ASV_21376","Bacteria","Bacteroidota","Bacteroidia","Flavobacteriales","Crocinitomicaceae","Fluviicola",NA,7.968,0
"ASV_21377","Bacteria","Bacteroidota","Bacteroidia","Flavobacteriales","Crocinitomicaceae","Fluviicola",NA,0,0
"ASV_21378","Bacteria","Bacteroidota","Bacteroidia","Flavobacteriales","Crocinitomicaceae","Fluviicola",NA,5.262,0
"ASV_21379","Bacteria","Bacteroidota","Bacteroidia","Flavobacteriales","Crocinitomicaceae","Fluviicola",NA,0,0
"ASV_21380","Bacteria","Bacteroidota","Bacteroidia","Flavobacteriales","Crocinitomicaceae","Fluviicola",NA,13.454,0
"ASV_21381","Bacteria","Bacteroidota","Bacteroidia","Flavobacteriales","Crocinitomicaceae","Fluviicola",NA,6.558,0
"ASV_21382","Bacteria","Bacteroidota","Bacteroidia","Flavobacteriales","Crocinitomicaceae","Fluviicola",NA,0,0
"ASV_21383","Bacteria","Bacteroidota","Bacteroidia","Flavobacteriales","Crocinitomicaceae","Fluviicola",NA,0,0
"ASV_21384","Bacteria","Bacteroidota","Bacteroidia","Flavobacteriales","Crocinitomicaceae","Fluviicola",NA,13.922,0
"ASV_21385","Bacteria","Bacteroidota","Bacteroidia","Flavobacteriales","Crocinitomicaceae","Fluviicola",NA,0,0
"ASV_21386","Bacteria","Bacteroidota","Bacteroidia","Flavobacteriales","Crocinitomicaceae","Fluviicola",NA,0.31,0
"ASV_21387","Bacteria","Bacteroidota","Bacteroidia","Flavobacteriales","Crocinitomicaceae","Fluviicola",NA,2.068,0
"ASV_21388","Bacteria","Bacteroidota","Bacteroidia","Flavobacteriales","Crocinitomicaceae","Fluviicola",NA,0,0
"ASV_21389","Bacteria","Bacteroidota","Bacteroidia","Flavobacteriales","Crocinitomicaceae","Fluviicola",NA,13.116,0
"ASV_21390","Bacteria","Bacteroidota","Bacteroidia","Flavobacteriales","Crocinitomicaceae","Fluviicola",NA,2.288,0
"ASV_21391","Bacteria","Bacteroidota","Bacteroidia","Flavobacteriales","Crocinitomicaceae","Fluviicola",NA,2.562,0
"ASV_21392","Bacteria","Bacteroidota","Bacteroidia","Flavobacteriales","Crocinitomicaceae","Fluviicola",NA,15.644,0
"ASV_21393","Bacteria","Bacteroidota","Bacteroidia","Flavobacteriales","Crocinitomicaceae","Fluviicola",NA,12.188,0
"ASV_21394","Bacteria","Bacteroidota","Bacteroidia","Flavobacteriales","Crocinitomicaceae","Fluviicola",NA,0,0
"ASV_21395","Bacteria","Bacteroidota","Bacteroidia","Flavobacteriales","Crocinitomicaceae","Fluviicola",NA,6.42,0
"ASV_21396","Bacteria","Bacteroidota","Bacteroidia","Flavobacteriales","Crocinitomicaceae","Fluviicola",NA,3.462,0
"ASV_21397","Bacteria","Bacteroidota","Bacteroidia","Flavobacteriales","Crocinitomicaceae","Fluviicola",NA,0,0.708
"ASV_21398","Bacteria","Bacteroidota","Bacteroidia","Incertae_Sedis","Incertae_Sedis","Incertae_Sedis",NA,0,0
"ASV_21399","Bacteria","Bacteroidota","Bacteroidia","Flavobacteriales","Crocinitomicaceae","Crocinitomix",NA,0.78,0
"ASV_21400","Bacteria","Bacteroidota","Bacteroidia","Incertae_Sedis","Incertae_Sedis","Incertae_Sedis",NA,4.306,0
"ASV_21401","Bacteria","Bacteroidota","Bacteroidia","Flavobacteriales","Crocinitomicaceae","Crocinitomix",NA,1.588,0
"ASV_21402","Bacteria","Bacteroidota","Bacteroidia","Incertae_Sedis","Incertae_Sedis","Incertae_Sedis",NA,0.898,0
"ASV_21403","Bacteria","Bacteroidota","Bacteroidia","Incertae_Sedis","Incertae_Sedis","Incertae_Sedis",NA,4.012,0
"ASV_21404","Bacteria","Bacteroidota","Bacteroidia","Incertae_Sedis","Incertae_Sedis","Incertae_Sedis",NA,0.466,0.802
"ASV_21405","Bacteria","Bacteroidota","Bacteroidia","Incertae_Sedis","Incertae_Sedis","Incertae_Sedis",NA,1.8,0
"ASV_21406","Bacteria","Bacteroidota","Bacteroidia","Incertae_Sedis","Incertae_Sedis","Incertae_Sedis",NA,2.12,0
"ASV_21407","Bacteria","Bacteroidota","Bacteroidia","Incertae_Sedis","Incertae_Sedis","Incertae_Sedis",NA,1.368,0
"ASV_21408","Bacteria","Bacteroidota","Bacteroidia","Incertae_Sedis","Incertae_Sedis","Incertae_Sedis",NA,17.22,0
"ASV_21409","Bacteria","Bacteroidota","Bacteroidia","Incertae_Sedis","Incertae_Sedis","Incertae_Sedis",NA,4.388,0
"ASV_21410","Bacteria","Bacteroidota","Bacteroidia","Sphingobacteriales","NS11-12_marine_group","Incertae_Sedis",NA,28.356,0
"ASV_21411","Bacteria","Bacteroidota","Bacteroidia","Incertae_Sedis","Incertae_Sedis","Incertae_Sedis",NA,2.518,0
"ASV_21412","Bacteria","Bacteroidota","Bacteroidia","Incertae_Sedis","Incertae_Sedis","Incertae_Sedis",NA,18.13,0.706
"ASV_21413","Bacteria","Bacteroidota","Bacteroidia","Incertae_Sedis","Incertae_Sedis","Incertae_Sedis",NA,2.114,0
"ASV_21414","Bacteria","Bacteroidota","Bacteroidia","Incertae_Sedis","Incertae_Sedis","Incertae_Sedis",NA,0,2.078
"ASV_21415","Bacteria","Bacteroidota","Bacteroidia","Incertae_Sedis","Incertae_Sedis","Incertae_Sedis",NA,0,0
"ASV_21416","Bacteria","Bacteroidota","Bacteroidia","Incertae_Sedis","Incertae_Sedis","Incertae_Sedis",NA,0,1.352
"ASV_21417","Bacteria","Bacteroidota","Bacteroidia","Incertae_Sedis","Incertae_Sedis","Incertae_Sedis",NA,84.098,0
"ASV_21418","Bacteria","Bacteroidota","Bacteroidia","Incertae_Sedis","Incertae_Sedis","Incertae_Sedis",NA,0,0
"ASV_21419","Bacteria","Bacteroidota","Bacteroidia","Flavobacteriales","NS9_marine_group","Incertae_Sedis",NA,0,0.676
"ASV_21420","Bacteria","Bacteroidota","Bacteroidia","Flavobacteriales","NS9_marine_group","Incertae_Sedis",NA,7.464,4.696
"ASV_21421","Bacteria","Bacteroidota","Bacteroidia","Flavobacteriales","NS9_marine_group","Incertae_Sedis",NA,0,4.898
"ASV_21422","Bacteria","Bacteroidota","Bacteroidia","Incertae_Sedis","Incertae_Sedis","Incertae_Sedis",NA,0,5.894
"ASV_21423","Bacteria","Bacteroidota","Bacteroidia","Incertae_Sedis","Incertae_Sedis","Incertae_Sedis",NA,1.034,0
"ASV_21424","Bacteria","Bacteroidota","Bacteroidia","Incertae_Sedis","Incertae_Sedis","Incertae_Sedis",NA,0,0.49
"ASV_21425","Bacteria","Bacteroidota","Bacteroidia","Incertae_Sedis","Incertae_Sedis","Incertae_Sedis",NA,0,0
"ASV_21426","Bacteria","Bacteroidota","Bacteroidia","Flavobacteriales","NS9_marine_group","Incertae_Sedis",NA,14.278,0
"ASV_21427","Bacteria","Bacteroidota","Bacteroidia","Incertae_Sedis","Incertae_Sedis","Incertae_Sedis",NA,1.256,0
"ASV_21428","Bacteria","Bacteroidota","Bacteroidia","Flavobacteriales","NS9_marine_group","Incertae_Sedis",NA,0.382,0
"ASV_21429","Bacteria","Bacteroidota","Bacteroidia","Flavobacteriales","NS9_marine_group","Incertae_Sedis",NA,0,0.518
"ASV_21430","Bacteria","Bacteroidota","Bacteroidia","Flavobacteriales","NS9_marine_group","Incertae_Sedis",NA,0,1.64
"ASV_21431","Bacteria","Bacteroidota","Bacteroidia","Incertae_Sedis","Incertae_Sedis","Incertae_Sedis",NA,5.25,0
"ASV_21432","Bacteria","Bacteroidota","Bacteroidia","Flavobacteriales","NS9_marine_group","Incertae_Sedis",NA,0.884,0
"ASV_21433","Bacteria","Bacteroidota","Bacteroidia","Flavobacteriales","NS9_marine_group","Incertae_Sedis",NA,0,15.748
"ASV_21434","Bacteria","Bacteroidota","Bacteroidia","Incertae_Sedis","Incertae_Sedis","Incertae_Sedis",NA,0,0
"ASV_21435","Bacteria","Bacteroidota","Bacteroidia","Flavobacteriales","NS9_marine_group","Incertae_Sedis",NA,33.802,0
"ASV_21436","Bacteria","Bacteroidota","Bacteroidia","Incertae_Sedis","Incertae_Sedis","Incertae_Sedis",NA,3.244,0
"ASV_21437","Bacteria","Bacteroidota","Bacteroidia","Flavobacteriales","NS9_marine_group","Incertae_Sedis",NA,0,20.728
"ASV_21438","Bacteria","Bacteroidota","Bacteroidia","Flavobacteriales","NS9_marine_group","Incertae_Sedis",NA,1.594,0
"ASV_21439","Bacteria","Bacteroidota","Bacteroidia","Flavobacteriales","NS9_marine_group","Incertae_Sedis",NA,0,1.948
"ASV_21440","Bacteria","Bacteroidota","Bacteroidia","Flavobacteriales","NS9_marine_group","Incertae_Sedis",NA,19.744,0
"ASV_21441","Bacteria","Bacteroidota","Bacteroidia","Flavobacteriales","NS9_marine_group","Incertae_Sedis",NA,14.47,0
"ASV_21442","Bacteria","Bacteroidota","Bacteroidia","Flavobacteriales","NS9_marine_group","Incertae_Sedis",NA,11.452,0
"ASV_21443","Bacteria","Bacteroidota","Bacteroidia","Flavobacteriales","NS9_marine_group","Incertae_Sedis",NA,9.814,0
"ASV_21444","Bacteria","Bacteroidota","Bacteroidia","Flavobacteriales","NS9_marine_group","Incertae_Sedis",NA,8.25,0
"ASV_21445","Bacteria","Bacteroidota","Bacteroidia","Flavobacteriales","NS9_marine_group","Incertae_Sedis",NA,3.23,0
"ASV_21446","Bacteria","Bacteroidota","Bacteroidia","Flavobacteriales","NS9_marine_group","Incertae_Sedis",NA,0,0
"ASV_21447","Bacteria","Bacteroidota","Bacteroidia","Flavobacteriales","NS9_marine_group","Incertae_Sedis",NA,0,1.81
"ASV_21448","Bacteria","Bacteroidota","Bacteroidia","Flavobacteriales","NS9_marine_group","Incertae_Sedis",NA,0,0
"ASV_21449","Bacteria","Bacteroidota","Bacteroidia","Flavobacteriales","NS9_marine_group","Incertae_Sedis",NA,0,1.124
"ASV_21450","Bacteria","Bacteroidota","Bacteroidia","Flavobacteriales","NS9_marine_group","Incertae_Sedis",NA,1.066,0
"ASV_21451","Bacteria","Bacteroidota","Bacteroidia","Flavobacteriales","NS9_marine_group","Incertae_Sedis",NA,4.01,0
"ASV_21452","Bacteria","Bacteroidota","Bacteroidia","Flavobacteriales","NS9_marine_group","Incertae_Sedis",NA,5.088,0
"ASV_21453","Bacteria","Bacteroidota","Bacteroidia","Flavobacteriales","NS9_marine_group","Incertae_Sedis",NA,21.7,0
"ASV_21454","Bacteria","Bacteroidota","Bacteroidia","Bacteroidales","Barnesiellaceae","Barnesiella",NA,0,0
"ASV_21455","Bacteria","Bacteroidota","Bacteroidia","Bacteroidales","Bacteroidaceae","Bacteroides",NA,0,0.864
"ASV_21456","Bacteria","Bacteroidota","Bacteroidia","Bacteroidales","Dysgonomonadaceae","Fermentimonas",NA,0,0
"ASV_21457","Bacteria","Bacteroidota","Bacteroidia","Bacteroidales","Dysgonomonadaceae","Dysgonomonas",NA,0,0.178
"ASV_21458","Bacteria","Bacteroidota","Bacteroidia","Incertae_Sedis","Incertae_Sedis","Incertae_Sedis",NA,0.426,0
"ASV_21459","Bacteria","Bacteroidota","Bacteroidia","Incertae_Sedis","Incertae_Sedis","Incertae_Sedis",NA,0,0.746
"ASV_21460","Bacteria","Bacteroidota","Bacteroidia","Incertae_Sedis","Incertae_Sedis","Incertae_Sedis",NA,0,0.284
"ASV_21461","Bacteria","Bacteroidota","Bacteroidia","Bacteroidales","Rikenellaceae","Rikenella",NA,0,0
"ASV_21462","Bacteria","Bacteroidota","Bacteroidia","Bacteroidales","Bacteroidetes_vadinHA17","Incertae_Sedis",NA,0,0
"ASV_21463","Bacteria","Bacteroidota","Bacteroidia","Incertae_Sedis","Incertae_Sedis","Incertae_Sedis",NA,41.792,0
"ASV_21464","Bacteria","Bacteroidota","Bacteroidia","Incertae_Sedis","Incertae_Sedis","Incertae_Sedis",NA,0,1.892
"ASV_21465","Bacteria","Bacteroidota","Bacteroidia","Chitinophagales","Incertae_Sedis","Incertae_Sedis",NA,0,0
"ASV_21466","Bacteria","Bacteroidota","Bacteroidia","Incertae_Sedis","Incertae_Sedis","Incertae_Sedis",NA,0,0
"ASV_21467","Bacteria","Bacteroidota","Bacteroidia","Incertae_Sedis","Incertae_Sedis","Incertae_Sedis",NA,0,4.828
"ASV_21468","Bacteria","Bacteroidota","Bacteroidia","Incertae_Sedis","Incertae_Sedis","Incertae_Sedis",NA,0,1.928
"ASV_21469","Bacteria","Bacteroidota","Bacteroidia","Incertae_Sedis","Incertae_Sedis","Incertae_Sedis",NA,0,0.836
"ASV_21470","Bacteria","Bacteroidota","Bacteroidia","Cytophagales","Cytophagaceae","Cytophaga",NA,0.372,1.774
"ASV_21471","Bacteria","Bacteroidota","Bacteroidia","Cytophagales","Cytophagaceae","Cytophaga",NA,0,0
"ASV_21472","Bacteria","Bacteroidota","Bacteroidia","Incertae_Sedis","Incertae_Sedis","Incertae_Sedis",NA,0,0.624
"ASV_21473","Bacteria","Bacteroidota","Bacteroidia","Incertae_Sedis","Incertae_Sedis","Incertae_Sedis",NA,0.276,0
"ASV_21474","Bacteria","Bacteroidota","Bacteroidia","Cytophagales","Incertae_Sedis","Incertae_Sedis",NA,0,18.432
"ASV_21475","Bacteria","Bacteroidota","Bacteroidia","Cytophagales","Incertae_Sedis","Incertae_Sedis",NA,0,0.888
"ASV_21476","Bacteria","Bacteroidota","Bacteroidia","Cytophagales","Incertae_Sedis","Incertae_Sedis",NA,1.204,23.318
"ASV_21477","Bacteria","Bacteroidota","Bacteroidia","Cytophagales","Incertae_Sedis","Incertae_Sedis",NA,2.614,0
"ASV_21478","Bacteria","Bacteroidota","Bacteroidia","Cytophagales","Cytophagaceae","Incertae_Sedis",NA,0,0
"ASV_21479","Bacteria","Bacteroidota","Bacteroidia","Cytophagales","Cytophagaceae","Cytophaga",NA,15.364,8.202
"ASV_21480","Bacteria","Bacteroidota","Bacteroidia","Cytophagales","Cytophagaceae","Cytophaga",NA,0,0
"ASV_21481","Bacteria","Bacteroidota","Bacteroidia","Cytophagales","Cytophagaceae","Cytophaga",NA,1.058,0
"ASV_21482","Bacteria","Bacteroidota","Bacteroidia","Cytophagales","Cytophagaceae","Cytophaga",NA,1.862,0
"ASV_21483","Bacteria","Bacteroidota","Bacteroidia","Cytophagales","Cytophagaceae","Cytophaga",NA,1.57,0
"ASV_21484","Bacteria","Bacteroidota","Bacteroidia","Cytophagales","Cytophagaceae","Cytophaga",NA,0,0
"ASV_21485","Bacteria","Bacteroidota","Bacteroidia","Cytophagales","Cytophagaceae","Cytophaga",NA,1.026,0
"ASV_21486","Bacteria","Bacteroidota","Bacteroidia","Cytophagales","Cytophagaceae","Cytophaga",NA,150.978,0.284
"ASV_21487","Bacteria","Bacteroidota","Bacteroidia","Cytophagales","Cytophagaceae","Cytophaga",NA,23.858,20.858
"ASV_21488","Bacteria","Bacteroidota","Bacteroidia","Cytophagales","Cytophagaceae","Cytophaga",NA,3.274,0
"ASV_21489","Bacteria","Bacteroidota","Bacteroidia","Cytophagales","Cytophagaceae","Cytophaga",NA,0,0
"ASV_21490","Bacteria","Bacteroidota","Bacteroidia","Cytophagales","Cytophagaceae","Cytophaga",NA,59.316,0
"ASV_21491","Bacteria","Bacteroidota","Bacteroidia","Cytophagales","Cytophagaceae","Cytophaga",NA,0,0
"ASV_21492","Bacteria","Bacteroidota","Bacteroidia","Cytophagales","Cytophagaceae","Cytophaga",NA,2.308,6.366
"ASV_21493","Bacteria","Bacteroidota","Bacteroidia","Cytophagales","Cytophagaceae","Cytophaga",NA,0.682,0
"ASV_21494","Bacteria","Bacteroidota","Bacteroidia","Cytophagales","Cytophagaceae","Cytophaga",NA,1.59,0
"ASV_21495","Bacteria","Bacteroidota","Bacteroidia","Cytophagales","Cytophagaceae","Cytophaga",NA,0,0
"ASV_21496","Bacteria","Bacteroidota","Bacteroidia","Cytophagales","Cytophagaceae","Cytophaga",NA,0.546,0
"ASV_21497","Bacteria","Bacteroidota","Bacteroidia","Cytophagales","Cytophagaceae","Sporocytophaga",NA,0,0
"ASV_21498","Bacteria","Bacteroidota","Bacteroidia","Cytophagales","Incertae_Sedis","Incertae_Sedis",NA,0,1
"ASV_21499","Bacteria","Bacteroidota","Bacteroidia","Cytophagales","Microscillaceae","Incertae_Sedis",NA,0,0
"ASV_21500","Bacteria","Bacteroidota","Bacteroidia","Cytophagales","Microscillaceae","Ohtaekwangia",NA,69.096,4.68
"ASV_21501","Bacteria","Bacteroidota","Bacteroidia","Cytophagales","Microscillaceae","Ohtaekwangia",NA,9.594,0
"ASV_21502","Bacteria","Bacteroidota","Bacteroidia","Cytophagales","Microscillaceae","Ohtaekwangia",NA,0.858,0
"ASV_21503","Bacteria","Bacteroidota","Bacteroidia","Cytophagales","Microscillaceae","Ohtaekwangia",NA,7.364,0
"ASV_21504","Bacteria","Bacteroidota","Bacteroidia","Cytophagales","Microscillaceae","Ohtaekwangia",NA,2.978,0
"ASV_21505","Bacteria","Bacteroidota","Bacteroidia","Cytophagales","Microscillaceae","Ohtaekwangia",NA,1.184,0
"ASV_21506","Bacteria","Bacteroidota","Bacteroidia","Cytophagales","Microscillaceae","Ohtaekwangia",NA,1.536,0
"ASV_21507","Bacteria","Bacteroidota","Bacteroidia","Cytophagales","Microscillaceae","Ohtaekwangia",NA,37.04,0
"ASV_21508","Bacteria","Bacteroidota","Bacteroidia","Cytophagales","Microscillaceae","Ohtaekwangia",NA,4.078,1.862
"ASV_21509","Bacteria","Bacteroidota","Bacteroidia","Cytophagales","Microscillaceae","Ohtaekwangia",NA,0.94,0
"ASV_21510","Bacteria","Bacteroidota","Bacteroidia","Cytophagales","Microscillaceae","Ohtaekwangia",NA,0.97,0
"ASV_21511","Bacteria","Bacteroidota","Bacteroidia","Cytophagales","Microscillaceae","Incertae_Sedis",NA,0.452,0
"ASV_21512","Bacteria","Bacteroidota","Bacteroidia","Cytophagales","Microscillaceae","Ohtaekwangia",NA,1.946,0
"ASV_21513","Bacteria","Bacteroidota","Bacteroidia","Cytophagales","Microscillaceae","Ohtaekwangia",NA,1.438,3.036
"ASV_21514","Bacteria","Bacteroidota","Bacteroidia","Cytophagales","Microscillaceae","Ohtaekwangia",NA,1.086,0
"ASV_21515","Bacteria","Bacteroidota","Bacteroidia","Cytophagales","Microscillaceae","Incertae_Sedis",NA,31.17,0
"ASV_21516","Bacteria","Bacteroidota","Bacteroidia","Cytophagales","Microscillaceae","Incertae_Sedis",NA,11.576,0
"ASV_21517","Bacteria","Bacteroidota","Bacteroidia","Cytophagales","Microscillaceae","Ohtaekwangia",NA,127.048,0
"ASV_21518","Bacteria","Bacteroidota","Bacteroidia","Cytophagales","Microscillaceae","Ohtaekwangia",NA,0,0
"ASV_21519","Bacteria","Bacteroidota","Bacteroidia","Cytophagales","Microscillaceae","Ohtaekwangia",NA,2.184,0
"ASV_21520","Bacteria","Bacteroidota","Bacteroidia","Cytophagales","Microscillaceae","Incertae_Sedis",NA,4.604,0
"ASV_21521","Bacteria","Bacteroidota","Bacteroidia","Cytophagales","Microscillaceae","Incertae_Sedis",NA,1.394,0
"ASV_21522","Bacteria","Bacteroidota","Bacteroidia","Cytophagales","Microscillaceae","OLB12",NA,76.622,0
"ASV_21523","Bacteria","Bacteroidota","Bacteroidia","Cytophagales","Microscillaceae","Incertae_Sedis",NA,0,1.662
"ASV_21524","Bacteria","Bacteroidota","Bacteroidia","Cytophagales","Microscillaceae","Chryseotalea",NA,25.058,0
"ASV_21525","Bacteria","Bacteroidota","Bacteroidia","Cytophagales","Microscillaceae","Incertae_Sedis",NA,0,0
"ASV_21526","Bacteria","Bacteroidota","Bacteroidia","Cytophagales","Microscillaceae","Incertae_Sedis",NA,4.482,0
"ASV_21527","Bacteria","Bacteroidota","Bacteroidia","Cytophagales","Microscillaceae","Incertae_Sedis",NA,1.426,0
"ASV_21528","Bacteria","Bacteroidota","Bacteroidia","Cytophagales","Microscillaceae","OLB12",NA,26.786,0
"ASV_21529","Bacteria","Bacteroidota","Bacteroidia","Cytophagales","Microscillaceae","Incertae_Sedis",NA,0.784,0.346
"ASV_21530","Bacteria","Bacteroidota","Bacteroidia","Cytophagales","Microscillaceae","Chryseotalea",NA,0,0
"ASV_21531","Bacteria","Bacteroidota","Bacteroidia","Cytophagales","Microscillaceae","Chryseotalea",NA,46.03,0
"ASV_21532","Bacteria","Bacteroidota","Bacteroidia","Cytophagales","Microscillaceae","Chryseotalea",NA,48.916,0
"ASV_21533","Bacteria","Bacteroidota","Bacteroidia","Cytophagales","Microscillaceae","Chryseotalea",NA,0,0
"ASV_21534","Bacteria","Bacteroidota","Bacteroidia","Cytophagales","Microscillaceae","Chryseotalea",NA,0,0
"ASV_21535","Bacteria","Bacteroidota","Bacteroidia","Cytophagales","Microscillaceae","Chryseotalea",NA,1.616,0
"ASV_21536","Bacteria","Bacteroidota","Bacteroidia","Cytophagales","Microscillaceae","Chryseotalea",NA,4.296,0
"ASV_21537","Bacteria","Bacteroidota","Bacteroidia","Cytophagales","Microscillaceae","Chryseotalea",NA,0,0
"ASV_21538","Bacteria","Bacteroidota","Bacteroidia","Cytophagales","Microscillaceae","Chryseotalea",NA,5.106,0
"ASV_21539","Bacteria","Bacteroidota","Bacteroidia","Cytophagales","Microscillaceae","Chryseotalea",NA,3.08,0
"ASV_21540","Bacteria","Bacteroidota","Bacteroidia","Cytophagales","Microscillaceae","Chryseotalea",NA,22.758,0
"ASV_21541","Bacteria","Bacteroidota","Bacteroidia","Cytophagales","Microscillaceae","Chryseotalea",NA,12.558,0
"ASV_21542","Bacteria","Bacteroidota","Bacteroidia","Cytophagales","Microscillaceae","Chryseotalea",NA,124.488,0
"ASV_21543","Bacteria","Bacteroidota","Bacteroidia","Cytophagales","Microscillaceae","Chryseotalea",NA,11.104,0
"ASV_21544","Bacteria","Bacteroidota","Bacteroidia","Cytophagales","Microscillaceae","Chryseotalea",NA,0,1.392
"ASV_21545","Bacteria","Bacteroidota","Bacteroidia","Cytophagales","Microscillaceae","Chryseotalea",NA,0,0
"ASV_21546","Bacteria","Bacteroidota","Bacteroidia","Cytophagales","Microscillaceae","Chryseotalea",NA,4.514,0
"ASV_21547","Bacteria","Bacteroidota","Bacteroidia","Cytophagales","Microscillaceae","Chryseotalea",NA,18.178,0
"ASV_21548","Bacteria","Bacteroidota","Bacteroidia","Cytophagales","Microscillaceae","Chryseotalea",NA,40.252,0
"ASV_21549","Bacteria","Bacteroidota","Bacteroidia","Cytophagales","Microscillaceae","Chryseotalea",NA,0,0
"ASV_21550","Bacteria","Bacteroidota","Bacteroidia","Cytophagales","Microscillaceae","Chryseotalea",NA,40.734,0
"ASV_21551","Bacteria","Bacteroidota","Bacteroidia","Cytophagales","Microscillaceae","Chryseotalea",NA,123.788,0
"ASV_21552","Bacteria","Bacteroidota","Bacteroidia","Cytophagales","Microscillaceae","Chryseotalea",NA,18.552,0
"ASV_21553","Bacteria","Bacteroidota","Bacteroidia","Cytophagales","Microscillaceae","Chryseotalea",NA,5.394,0
"ASV_21554","Bacteria","Bacteroidota","Bacteroidia","Cytophagales","Microscillaceae","Chryseotalea",NA,84.308,0
"ASV_21555","Bacteria","Bacteroidota","Bacteroidia","Cytophagales","Microscillaceae","Chryseotalea",NA,13.888,0
"ASV_21556","Bacteria","Bacteroidota","Bacteroidia","Cytophagales","Microscillaceae","Chryseotalea",NA,0.408,0
"ASV_21557","Bacteria","Bacteroidota","Bacteroidia","Cytophagales","Microscillaceae","Chryseolinea",NA,0,1.066
"ASV_21558","Bacteria","Bacteroidota","Bacteroidia","Cytophagales","Microscillaceae","Incertae_Sedis",NA,13.422,0
"ASV_21559","Bacteria","Bacteroidota","Bacteroidia","Cytophagales","Microscillaceae","Incertae_Sedis",NA,42.118,0.988
"ASV_21560","Bacteria","Bacteroidota","Bacteroidia","Cytophagales","Incertae_Sedis","Incertae_Sedis",NA,0,0
"ASV_21561","Bacteria","Bacteroidota","Bacteroidia","Cytophagales","Microscillaceae","Chryseolinea",NA,0,0
"ASV_21562","Bacteria","Bacteroidota","Bacteroidia","Cytophagales","Microscillaceae","Hassallia",NA,7.15,0
"ASV_21563","Bacteria","Bacteroidota","Bacteroidia","Cytophagales","Microscillaceae","Hassallia",NA,2.596,0
"ASV_21564","Bacteria","Bacteroidota","Bacteroidia","Cytophagales","Microscillaceae","Hassallia",NA,1.498,0
"ASV_21565","Bacteria","Bacteroidota","Bacteroidia","Cytophagales","Microscillaceae","Hassallia",NA,30.206,0
"ASV_21566","Bacteria","Bacteroidota","Bacteroidia","Cytophagales","Microscillaceae","Chryseolinea",NA,4.78,6.202
"ASV_21567","Bacteria","Bacteroidota","Bacteroidia","Cytophagales","Microscillaceae","Chryseolinea",NA,1.922,0
"ASV_21568","Bacteria","Bacteroidota","Bacteroidia","Cytophagales","Microscillaceae","Chryseolinea",NA,10.484,0
"ASV_21569","Bacteria","Bacteroidota","Bacteroidia","Cytophagales","Microscillaceae","Chryseolinea",NA,58.724,1.192
"ASV_21570","Bacteria","Bacteroidota","Bacteroidia","Cytophagales","Microscillaceae","Chryseolinea",NA,0,0.946
"ASV_21571","Bacteria","Bacteroidota","Bacteroidia","Cytophagales","Microscillaceae","Chryseolinea",NA,110.058,0.916
"ASV_21572","Bacteria","Bacteroidota","Bacteroidia","Cytophagales","Microscillaceae","Chryseolinea",NA,0.97,2.672
"ASV_21573","Bacteria","Bacteroidota","Bacteroidia","Cytophagales","Microscillaceae","Chryseolinea",NA,3.314,0
"ASV_21574","Bacteria","Bacteroidota","Bacteroidia","Cytophagales","Microscillaceae","Chryseolinea",NA,147.304,3.042
"ASV_21575","Bacteria","Bacteroidota","Bacteroidia","Cytophagales","Microscillaceae","Chryseolinea",NA,18.988,0
"ASV_21576","Bacteria","Bacteroidota","Bacteroidia","Cytophagales","Microscillaceae","Chryseolinea",NA,0,0
"ASV_21577","Bacteria","Bacteroidota","Bacteroidia","Cytophagales","Microscillaceae","Chryseolinea",NA,2.358,0
"ASV_21578","Bacteria","Bacteroidota","Bacteroidia","Cytophagales","Microscillaceae","Chryseolinea",NA,32.216,0
"ASV_21579","Bacteria","Bacteroidota","Bacteroidia","Cytophagales","Microscillaceae","Chryseolinea",NA,4.222,2.422
"ASV_21580","Bacteria","Bacteroidota","Bacteroidia","Cytophagales","Microscillaceae","Chryseolinea",NA,25.884,0
"ASV_21581","Bacteria","Bacteroidota","Bacteroidia","Cytophagales","Microscillaceae","Chryseolinea",NA,0,4.184
"ASV_21582","Bacteria","Bacteroidota","Bacteroidia","Cytophagales","Microscillaceae","Chryseolinea",NA,0,2.73
"ASV_21583","Bacteria","Bacteroidota","Bacteroidia","Cytophagales","Microscillaceae","Incertae_Sedis",NA,17.568,55.144
"ASV_21584","Bacteria","Bacteroidota","Bacteroidia","Cytophagales","Microscillaceae","Incertae_Sedis",NA,0,0
"ASV_21585","Bacteria","Bacteroidota","Bacteroidia","Cytophagales","Microscillaceae","Chryseolinea",NA,0,8.858
"ASV_21586","Bacteria","Bacteroidota","Bacteroidia","Cytophagales","Microscillaceae","Chryseolinea",NA,0,9.616
"ASV_21587","Bacteria","Bacteroidota","Bacteroidia","Cytophagales","Microscillaceae","Incertae_Sedis",NA,0,2.124
"ASV_21588","Bacteria","Bacteroidota","Bacteroidia","Cytophagales","Microscillaceae","Incertae_Sedis",NA,0,0.744
"ASV_21589","Bacteria","Bacteroidota","Bacteroidia","Cytophagales","Microscillaceae","Chryseolinea",NA,0,0
"ASV_21590","Bacteria","Bacteroidota","Bacteroidia","Cytophagales","Microscillaceae","Incertae_Sedis",NA,2.064,0
"ASV_21591","Bacteria","Bacteroidota","Bacteroidia","Cytophagales","Microscillaceae","Incertae_Sedis",NA,0,7.95
"ASV_21592","Bacteria","Bacteroidota","Bacteroidia","Cytophagales","Microscillaceae","Incertae_Sedis",NA,0,0
"ASV_21593","Bacteria","Bacteroidota","Bacteroidia","Cytophagales","Microscillaceae","Incertae_Sedis",NA,11.06,0
"ASV_21594","Bacteria","Bacteroidota","Bacteroidia","Cytophagales","Microscillaceae","Incertae_Sedis",NA,2.2,0
"ASV_21595","Bacteria","Bacteroidota","Bacteroidia","Cytophagales","Microscillaceae","Incertae_Sedis",NA,0,21.694
"ASV_21596","Bacteria","Bacteroidota","Bacteroidia","Cytophagales","Microscillaceae","Incertae_Sedis",NA,6.116,0
"ASV_21597","Bacteria","Bacteroidota","Bacteroidia","Cytophagales","Microscillaceae","Incertae_Sedis",NA,4.044,0
"ASV_21598","Bacteria","Bacteroidota","Bacteroidia","Cytophagales","Microscillaceae","Incertae_Sedis",NA,1.07,0
"ASV_21599","Bacteria","Bacteroidota","Bacteroidia","Cytophagales","Microscillaceae","Incertae_Sedis",NA,14.112,0
"ASV_21600","Bacteria","Bacteroidota","Bacteroidia","Cytophagales","Microscillaceae","Hassallia",NA,24.782,0
"ASV_21601","Bacteria","Bacteroidota","Bacteroidia","Cytophagales","Microscillaceae","Hassallia",NA,3.688,0
"ASV_21602","Bacteria","Bacteroidota","Bacteroidia","Cytophagales","Microscillaceae","Hassallia",NA,903.008,0
"ASV_21603","Bacteria","Bacteroidota","Bacteroidia","Cytophagales","Microscillaceae","Hassallia",NA,22.846,0
"ASV_21604","Bacteria","Bacteroidota","Bacteroidia","Cytophagales","Microscillaceae","Hassallia",NA,3.906,0
"ASV_21605","Bacteria","Bacteroidota","Bacteroidia","Cytophagales","Microscillaceae","Hassallia",NA,0,0
"ASV_21606","Bacteria","Bacteroidota","Bacteroidia","Cytophagales","Microscillaceae","Incertae_Sedis",NA,0,0
"ASV_21607","Bacteria","Bacteroidota","Bacteroidia","Cytophagales","Microscillaceae","Ohtaekwangia",NA,13.302,0
"ASV_21608","Bacteria","Bacteroidota","Bacteroidia","Cytophagales","Microscillaceae","Ohtaekwangia",NA,0,0
"ASV_21609","Bacteria","Bacteroidota","Bacteroidia","Cytophagales","Microscillaceae","Incertae_Sedis",NA,0,1.718
"ASV_21610","Bacteria","Bacteroidota","Bacteroidia","Cytophagales","Microscillaceae","Incertae_Sedis",NA,0,1.604
"ASV_21611","Bacteria","Bacteroidota","Bacteroidia","Cytophagales","Microscillaceae","Ohtaekwangia",NA,2.35,0
"ASV_21612","Bacteria","Bacteroidota","Bacteroidia","Cytophagales","Microscillaceae","Ohtaekwangia",NA,8.294,0
"ASV_21613","Bacteria","Bacteroidota","Bacteroidia","Cytophagales","Microscillaceae","Ohtaekwangia",NA,5.662,0
"ASV_21614","Bacteria","Bacteroidota","Bacteroidia","Cytophagales","Microscillaceae","Ohtaekwangia",NA,0,0
"ASV_21615","Bacteria","Bacteroidota","Bacteroidia","Cytophagales","Microscillaceae","Ohtaekwangia",NA,5.92,0
"ASV_21616","Bacteria","Bacteroidota","Bacteroidia","Cytophagales","Microscillaceae","Ohtaekwangia",NA,2.416,0
"ASV_21617","Bacteria","Bacteroidota","Bacteroidia","Cytophagales","Microscillaceae","Incertae_Sedis",NA,1.802,0
"ASV_21618","Bacteria","Bacteroidota","Bacteroidia","Cytophagales","Microscillaceae","Ohtaekwangia",NA,0,0.706
"ASV_21619","Bacteria","Bacteroidota","Bacteroidia","Cytophagales","Microscillaceae","Incertae_Sedis",NA,0,0
"ASV_21620","Bacteria","Bacteroidota","Bacteroidia","Cytophagales","Microscillaceae","Incertae_Sedis",NA,16.916,0
"ASV_21621","Bacteria","Bacteroidota","Bacteroidia","Cytophagales","Microscillaceae","Incertae_Sedis",NA,149.04,0
"ASV_21622","Bacteria","Bacteroidota","Bacteroidia","Cytophagales","Microscillaceae","Incertae_Sedis",NA,54.81,0
"ASV_21623","Bacteria","Bacteroidota","Bacteroidia","Cytophagales","Microscillaceae","Incertae_Sedis",NA,0,3.148
"ASV_21624","Bacteria","Bacteroidota","Bacteroidia","Cytophagales","Microscillaceae","Incertae_Sedis",NA,25.586,0
"ASV_21625","Bacteria","Bacteroidota","Bacteroidia","Cytophagales","Microscillaceae","Incertae_Sedis",NA,264.286,1.446
"ASV_21626","Bacteria","Bacteroidota","Bacteroidia","Cytophagales","Microscillaceae","Incertae_Sedis",NA,0,0
"ASV_21627","Bacteria","Bacteroidota","Bacteroidia","Cytophagales","Microscillaceae","Incertae_Sedis",NA,4.606,0
"ASV_21628","Bacteria","Bacteroidota","Bacteroidia","Cytophagales","Microscillaceae","Incertae_Sedis",NA,18.046,0
"ASV_21629","Bacteria","Bacteroidota","Bacteroidia","Cytophagales","Microscillaceae","Incertae_Sedis",NA,1.214,0
"ASV_21630","Bacteria","Bacteroidota","Bacteroidia","Cytophagales","Microscillaceae","Incertae_Sedis",NA,0,31.898
"ASV_21631","Bacteria","Bacteroidota","Bacteroidia","Cytophagales","Microscillaceae","Ohtaekwangia",NA,23.668,0
"ASV_21632","Bacteria","Bacteroidota","Bacteroidia","Cytophagales","Microscillaceae","Ohtaekwangia",NA,11.668,0
"ASV_21633","Bacteria","Bacteroidota","Bacteroidia","Cytophagales","Microscillaceae","Ohtaekwangia",NA,0,0
"ASV_21634","Bacteria","Bacteroidota","Bacteroidia","Cytophagales","Microscillaceae","Incertae_Sedis",NA,66.082,0
"ASV_21635","Bacteria","Bacteroidota","Bacteroidia","Cytophagales","Microscillaceae","Incertae_Sedis",NA,0,0
"ASV_21636","Bacteria","Bacteroidota","Bacteroidia","Cytophagales","Microscillaceae","Incertae_Sedis",NA,321.006,0
"ASV_21637","Bacteria","Bacteroidota","Bacteroidia","Cytophagales","Microscillaceae","Incertae_Sedis",NA,123.53,0
"ASV_21638","Bacteria","Bacteroidota","Bacteroidia","Cytophagales","Microscillaceae","Incertae_Sedis",NA,27.522,0
"ASV_21639","Bacteria","Bacteroidota","Bacteroidia","Cytophagales","Microscillaceae","Incertae_Sedis",NA,8.694,0
"ASV_21640","Bacteria","Bacteroidota","Bacteroidia","Cytophagales","Microscillaceae","Incertae_Sedis",NA,1.238,0
"ASV_21641","Bacteria","Bacteroidota","Bacteroidia","Cytophagales","Microscillaceae","Incertae_Sedis",NA,0,1.996
"ASV_21642","Bacteria","Bacteroidota","Bacteroidia","Cytophagales","Microscillaceae","Hassallia",NA,0,2.154
"ASV_21645","Bacteria","Bacteroidota","Bacteroidia","Sphingobacteriales","Sphingobacteriaceae","Incertae_Sedis",NA,0,0
"ASV_21646","Bacteria","Bacteroidota","Bacteroidia","Sphingobacteriales","Incertae_Sedis","Incertae_Sedis",NA,0,0
"ASV_21647","Bacteria","Bacteroidota","Bacteroidia","Sphingobacteriales","Incertae_Sedis","Incertae_Sedis",NA,0,0.166
"ASV_21648","Bacteria","Bacteroidota","Bacteroidia","Incertae_Sedis","Incertae_Sedis","Incertae_Sedis",NA,0,0
"ASV_21649","Bacteria","Bacteroidota","Bacteroidia","Sphingobacteriales","Incertae_Sedis","Incertae_Sedis",NA,0,0
"ASV_21650","Bacteria","Bacteroidota","Bacteroidia","Chitinophagales","Incertae_Sedis","Incertae_Sedis",NA,0,0
"ASV_21651","Bacteria","Bacteroidota","Bacteroidia","Chitinophagales","Incertae_Sedis","Incertae_Sedis",NA,0,0
"ASV_21652","Bacteria","Bacteroidota","Bacteroidia","Chitinophagales","Chitinophagaceae","Incertae_Sedis",NA,0,0
"ASV_21653","Bacteria","Bacteroidota","Bacteroidia","Chitinophagales","Chitinophagaceae","Incertae_Sedis",NA,0,0
"ASV_21654","Bacteria","Bacteroidota","Bacteroidia","Chitinophagales","Chitinophagaceae","Incertae_Sedis",NA,0,0
"ASV_21655","Bacteria","Bacteroidota","Bacteroidia","Chitinophagales","Chitinophagaceae","Incertae_Sedis",NA,0,0.19
"ASV_21656","Bacteria","Bacteroidota","Bacteroidia","Chitinophagales","Chitinophagaceae","Incertae_Sedis",NA,0,0.266
"ASV_21657","Bacteria","Bacteroidota","Bacteroidia","Chitinophagales","Chitinophagaceae","Incertae_Sedis",NA,0,0.246
"ASV_21658","Bacteria","Bacteroidota","Bacteroidia","Chitinophagales","Incertae_Sedis","Incertae_Sedis",NA,0,0
"ASV_21659","Bacteria","Bacteroidota","Bacteroidia","Incertae_Sedis","Incertae_Sedis","Incertae_Sedis",NA,0,0
"ASV_21660","Bacteria","Bacteroidota","Bacteroidia","Incertae_Sedis","Incertae_Sedis","Incertae_Sedis",NA,0,0
"ASV_21662","Bacteria","Bacteroidota","Bacteroidia","Incertae_Sedis","Incertae_Sedis","Incertae_Sedis",NA,0,0
"ASV_21723","Bacteria","Bacteroidota","Bacteroidia","Chitinophagales","37-13","Incertae_Sedis",NA,0.162,0
